item,frequency_signal,a1_evidence_source,a1_evidence_value,evidence_gate,a1_core_status,notes
lo,6.041.793,,,NO_A1_EVIDENCE,NOT_IN_A1_CORE,General-frequency signal only; not an A1 candidate.
te,3.034.375,,,NO_A1_EVIDENCE,NOT_IN_A1_CORE,General-frequency signal only; not an A1 candidate.
le,1.432.173,,,NO_A1_EVIDENCE,NOT_IN_A1_CORE,General-frequency signal only; not an A1 candidate.
todo,1.296.897,,,NO_A1_EVIDENCE,NOT_IN_A1_CORE,General-frequency signal only; not an A1 candidate.
ya,1.115.265,,,NO_A1_EVIDENCE,NOT_IN_A1_CORE,General-frequency signal only; not an A1 candidate.
algo,1.039.192,,,NO_A1_EVIDENCE,NOT_IN_A1_CORE,General-frequency signal only; not an A1 candidate.
cuando,931.329,,,NO_A1_EVIDENCE,NOT_IN_A1_CORE,General-frequency signal only; not an A1 candidate.
nos,866.968,,,NO_A1_EVIDENCE,NOT_IN_A1_CORE,General-frequency signal only; not an A1 candidate.
nada,863.844,,,NO_A1_EVIDENCE,NOT_IN_A1_CORE,General-frequency signal only; not an A1 candidate.
tan,573.916,,,NO_A1_EVIDENCE,NOT_IN_A1_CORE,General-frequency signal only; not an A1 candidate.
mí,515.655,,,NO_A1_EVIDENCE,NOT_IN_A1_CORE,General-frequency signal only; not an A1 candidate.
uno,393.047,,,NO_A1_EVIDENCE,NOT_IN_A1_CORE,General-frequency signal only; not an A1 candidate.
otra,368.984,,,NO_A1_EVIDENCE,NOT_IN_A1_CORE,General-frequency signal only; not an A1 candidate.
mismo,347.834,,,NO_A1_EVIDENCE,NOT_IN_A1_CORE,General-frequency signal only; not an A1 candidate.
nadie,339.772,,,NO_A1_EVIDENCE,NOT_IN_A1_CORE,General-frequency signal only; not an A1 candidate.
desde,303.620,,,NO_A1_EVIDENCE,NOT_IN_A1_CORE,General-frequency signal only; not an A1 candidate.
otro,290.565,,,NO_A1_EVIDENCE,NOT_IN_A1_CORE,General-frequency signal only; not an A1 candidate.
cada,209.674,,,NO_A1_EVIDENCE,NOT_IN_A1_CORE,General-frequency signal only; not an A1 candidate.
alguna,198.263,,,NO_A1_EVIDENCE,NOT_IN_A1_CORE,General-frequency signal only; not an A1 candidate.
demasiado,182.668,,,NO_A1_EVIDENCE,NOT_IN_A1_CORE,General-frequency signal only; not an A1 candidate.
todavía,166.624,,,NO_A1_EVIDENCE,NOT_IN_A1_CORE,General-frequency signal only; not an A1 candidate.
aunque,104.655,,,NO_A1_EVIDENCE,NOT_IN_A1_CORE,General-frequency signal only; not an A1 candidate.
además,75.259,,,NO_A1_EVIDENCE,NOT_IN_A1_CORE,General-frequency signal only; not an A1 candidate.
decir,492.098,,,NO_A1_EVIDENCE,NOT_IN_A1_CORE,General-frequency signal only; not an A1 candidate.
vida,453.649,,,NO_A1_EVIDENCE,NOT_IN_A1_CORE,General-frequency signal only; not an A1 candidate.
alguien,447.141,,,NO_A1_EVIDENCE,NOT_IN_A1_CORE,General-frequency signal only; not an A1 candidate.
cosa,269.054,,,NO_A1_EVIDENCE,NOT_IN_A1_CORE,General-frequency signal only; not an A1 candidate.
verdad,589.565,,,NO_A1_EVIDENCE,NOT_IN_A1_CORE,General-frequency signal only; not an A1 candidate.
parecer,evidencia mediante formas muy frecuentes (`parece`),,,NO_A1_EVIDENCE,NOT_IN_A1_CORE,General-frequency signal only; not an A1 candidate.
mundo,298.208,,,NO_A1_EVIDENCE,NOT_IN_A1_CORE,General-frequency signal only; not an A1 candidate.
mamá,247.700,,,NO_A1_EVIDENCE,NOT_IN_A1_CORE,General-frequency signal only; not an A1 candidate.
papá,243.251,,,NO_A1_EVIDENCE,NOT_IN_A1_CORE,General-frequency signal only; not an A1 candidate.
necesitar,evidencia mediante `necesito` 237.654,,,NO_A1_EVIDENCE,NOT_IN_A1_CORE,General-frequency signal only; not an A1 candidate.
razón,198.832,,,NO_A1_EVIDENCE,NOT_IN_A1_CORE,General-frequency signal only; not an A1 candidate.
idea,193.369,,,NO_A1_EVIDENCE,NOT_IN_A1_CORE,General-frequency signal only; not an A1 candidate.
problema,189.963,,,NO_A1_EVIDENCE,NOT_IN_A1_CORE,General-frequency signal only; not an A1 candidate.
amor,182.326,,,NO_A1_EVIDENCE,NOT_IN_A1_CORE,General-frequency signal only; not an A1 candidate.
persona,136.985,,,NO_A1_EVIDENCE,NOT_IN_A1_CORE,General-frequency signal only; not an A1 candidate.
camino,140.092,,,NO_A1_EVIDENCE,NOT_IN_A1_CORE,General-frequency signal only; not an A1 candidate.
ayuda,136.155,,,NO_A1_EVIDENCE,NOT_IN_A1_CORE,General-frequency signal only; not an A1 candidate.
historia,135.924,,,NO_A1_EVIDENCE,NOT_IN_A1_CORE,General-frequency signal only; not an A1 candidate.
importante,119.177,,,NO_A1_EVIDENCE,NOT_IN_A1_CORE,General-frequency signal only; not an A1 candidate.
miedo,118.624,,,NO_A1_EVIDENCE,NOT_IN_A1_CORE,General-frequency signal only; not an A1 candidate.
encontrar,113.028,,,NO_A1_EVIDENCE,NOT_IN_A1_CORE,General-frequency signal only; not an A1 candidate.
cuidado,111.524,,,NO_A1_EVIDENCE,NOT_IN_A1_CORE,General-frequency signal only; not an A1 candidate.
tomar,109.183,,,NO_A1_EVIDENCE,NOT_IN_A1_CORE,General-frequency signal only; not an A1 candidate.
suficiente,107.106,,,NO_A1_EVIDENCE,NOT_IN_A1_CORE,General-frequency signal only; not an A1 candidate.
equipo,106.584,,,NO_A1_EVIDENCE,NOT_IN_A1_CORE,General-frequency signal only; not an A1 candidate.
cuerpo,98.410,,,NO_A1_EVIDENCE,NOT_IN_A1_CORE,General-frequency signal only; not an A1 candidate.
dar,92.706,,,NO_A1_EVIDENCE,NOT_IN_A1_CORE,General-frequency signal only; not an A1 candidate.
dormir,73.064,,,NO_A1_EVIDENCE,NOT_IN_A1_CORE,General-frequency signal only; not an A1 candidate.
seguir,81.723,,,NO_A1_EVIDENCE,NOT_IN_A1_CORE,General-frequency signal only; not an A1 candidate.
palabra,76.589,,,NO_A1_EVIDENCE,NOT_IN_A1_CORE,General-frequency signal only; not an A1 candidate.
quedar,76.150,,,NO_A1_EVIDENCE,NOT_IN_A1_CORE,General-frequency signal only; not an A1 candidate.
sitio,73.036,,,NO_A1_EVIDENCE,NOT_IN_A1_CORE,General-frequency signal only; not an A1 candidate.
ayudar,72.837,,,NO_A1_EVIDENCE,NOT_IN_A1_CORE,General-frequency signal only; not an A1 candidate.
plan,71.640,,,NO_A1_EVIDENCE,NOT_IN_A1_CORE,General-frequency signal only; not an A1 candidate.
llamar,68.861,,,NO_A1_EVIDENCE,NOT_IN_A1_CORE,General-frequency signal only; not an A1 candidate.
poner,64.740,,,NO_A1_EVIDENCE,NOT_IN_A1_CORE,General-frequency signal only; not an A1 candidate.
perro,63.070,,,NO_A1_EVIDENCE,NOT_IN_A1_CORE,General-frequency signal only; not an A1 candidate.
viaje,62.667,,,NO_A1_EVIDENCE,NOT_IN_A1_CORE,General-frequency signal only; not an A1 candidate.
buscar,62.319,,,NO_A1_EVIDENCE,NOT_IN_A1_CORE,General-frequency signal only; not an A1 candidate.
llamada,61.791,ELELex / CEFRLex public documentation,A1 normalized frequency 9.6,A1_GRADED_ATTESTATION,A1_REVIEW_PENDING,Explicit A1 attestation; not yet core.
incluir,,ELELex / CEFRLex public documentation,A1 normalized frequency 5.4,A1_GRADED_ATTESTATION,A1_REVIEW_PENDING,Explicit A1 attestation; not yet core.
