record_id,domain,item,item_type,pos,source_id,source_section,source_level,record_type,a1_core_status,evidence_gate,baseline_action,false_intuitive_a1,context_restriction,notes,source_url,curriculum_version
7BVII-0001,Economía e industria,dinero,ATOMIC,NOUN,PCIC-09,15.1.1 Economía y dinero,A1,A1_INVENTORY,A1_CORE_NORMATIVE,PCIC_A1_EXPLICIT,KEEP,NO,,,https://cvc.cervantes.es/ensenanza/biblioteca_ele/plan_curricular/niveles/09_nociones_especificas_inventario_a1-a2.htm,v1.15
7BVII-0002,Economía e industria,tarjeta,ATOMIC,NOUN,PCIC-09,15.1.1 Economía y dinero,A1,A1_INVENTORY,A1_CORE_NORMATIVE,PCIC_A1_EXPLICIT,KEEP,NO,,,https://cvc.cervantes.es/ensenanza/biblioteca_ele/plan_curricular/niveles/09_nociones_especificas_inventario_a1-a2.htm,v1.15
7BVII-0003,Economía e industria,caro,ATOMIC,ADJ,PCIC-09,15.1.1 Economía y dinero,A1,A1_INVENTORY,A1_CORE_NORMATIVE,PCIC_A1_EXPLICIT,KEEP,NO,,,https://cvc.cervantes.es/ensenanza/biblioteca_ele/plan_curricular/niveles/09_nociones_especificas_inventario_a1-a2.htm,v1.15
7BVII-0004,Economía e industria,barato,ATOMIC,ADJ,PCIC-09,15.1.1 Economía y dinero,A1,A1_INVENTORY,A1_CORE_NORMATIVE,PCIC_A1_EXPLICIT,KEEP,NO,,,https://cvc.cervantes.es/ensenanza/biblioteca_ele/plan_curricular/niveles/09_nociones_especificas_inventario_a1-a2.htm,v1.15
7BVII-0005,Economía e industria,vendedor,ATOMIC,NOUN,PCIC-09,15.3.1 Transacciones comerciales y mercados,A1,A1_INVENTORY,A1_CORE_NORMATIVE,PCIC_A1_EXPLICIT,KEEP,NO,,,https://cvc.cervantes.es/ensenanza/biblioteca_ele/plan_curricular/niveles/09_nociones_especificas_inventario_a1-a2.htm,v1.15
7BVII-0006,Economía e industria,comprador,ATOMIC,NOUN,PCIC-09,15.3.1 Transacciones comerciales y mercados,A1,A1_INVENTORY,A1_CORE_NORMATIVE,PCIC_A1_EXPLICIT,KEEP,NO,,,https://cvc.cervantes.es/ensenanza/biblioteca_ele/plan_curricular/niveles/09_nociones_especificas_inventario_a1-a2.htm,v1.15
7BVII-0007,Economía e industria,comprar,ATOMIC,VERB,PCIC-09,15.3.1 Transacciones comerciales y mercados,A1,A1_INVENTORY,A1_CORE_NORMATIVE,PCIC_A1_EXPLICIT,KEEP,NO,,,https://cvc.cervantes.es/ensenanza/biblioteca_ele/plan_curricular/niveles/09_nociones_especificas_inventario_a1-a2.htm,v1.15
7BVII-0008,Economía e industria,vender,ATOMIC,VERB,PCIC-09,15.3.1 Transacciones comerciales y mercados,A1,A1_INVENTORY,A1_CORE_NORMATIVE,PCIC_A1_EXPLICIT,KEEP,NO,,,https://cvc.cervantes.es/ensenanza/biblioteca_ele/plan_curricular/niveles/09_nociones_especificas_inventario_a1-a2.htm,v1.15
7BVII-0009,Economía e industria,empresa,ATOMIC,NOUN,PCIC-09,15.4.1 Tipos de empresa y organización,A1,A1_INVENTORY,A1_CORE_NORMATIVE,PCIC_A1_EXPLICIT,KEEP,NO,,,https://cvc.cervantes.es/ensenanza/biblioteca_ele/plan_curricular/niveles/09_nociones_especificas_inventario_a1-a2.htm,v1.15
7BVII-0010,Economía e industria,oficina,ATOMIC,NOUN,PCIC-09,15.4.1 Tipos de empresa y organización,A1,A1_INVENTORY,A1_CORE_NORMATIVE,PCIC_A1_EXPLICIT,KEEP,NO,,,https://cvc.cervantes.es/ensenanza/biblioteca_ele/plan_curricular/niveles/09_nociones_especificas_inventario_a1-a2.htm,v1.15
7BVII-0011,Economía e industria,tienda,ATOMIC,NOUN,PCIC-09,15.4.1 Tipos de empresa y organización,A1,A1_INVENTORY,A1_CORE_NORMATIVE,PCIC_A1_EXPLICIT,KEEP,NO,,,https://cvc.cervantes.es/ensenanza/biblioteca_ele/plan_curricular/niveles/09_nociones_especificas_inventario_a1-a2.htm,v1.15
7BVII-0012,Economía e industria,jefe,ATOMIC,NOUN,PCIC-09,15.4.1 Tipos de empresa y organización,A1,A1_INVENTORY,A1_CORE_NORMATIVE,PCIC_A1_EXPLICIT,KEEP,NO,,,https://cvc.cervantes.es/ensenanza/biblioteca_ele/plan_curricular/niveles/09_nociones_especificas_inventario_a1-a2.htm,v1.15
7BVII-0013,Economía e industria,director,ATOMIC,NOUN,PCIC-09,15.4.1 Tipos de empresa y organización,A1,A1_INVENTORY,A1_CORE_NORMATIVE,PCIC_A1_EXPLICIT,KEEP,NO,,,https://cvc.cervantes.es/ensenanza/biblioteca_ele/plan_curricular/niveles/09_nociones_especificas_inventario_a1-a2.htm,v1.15
7BVII-0014,Economía e industria,pescado,ATOMIC,NOUN,PCIC-09,15.5.3 Pesca,A1,A1_INVENTORY,A1_CORE_NORMATIVE,PCIC_A1_EXPLICIT,KEEP,NO,,,https://cvc.cervantes.es/ensenanza/biblioteca_ele/plan_curricular/niveles/09_nociones_especificas_inventario_a1-a2.htm,v1.15
7BVII-0015,Economía e industria,cambiar dinero,MWU,MWU,PCIC-09,15.1.1 Economía y dinero,A1,A1_INVENTORY,A1_CORE_NORMATIVE,PCIC_A1_EXPLICIT,KEEP,NO,,,https://cvc.cervantes.es/ensenanza/biblioteca_ele/plan_curricular/niveles/09_nociones_especificas_inventario_a1-a2.htm,v1.15
7BVII-0016,Economía e industria,pagar con tarjeta,MWU,MWU,PCIC-09,15.3.1 Transacciones comerciales y mercados,A1,A1_INVENTORY,A1_CORE_NORMATIVE,PCIC_A1_EXPLICIT,KEEP,NO,,,https://cvc.cervantes.es/ensenanza/biblioteca_ele/plan_curricular/niveles/09_nociones_especificas_inventario_a1-a2.htm,v1.15
7BVII-0017,Economía e industria,cambiar,ATOMIC,VERB,PCIC-09,15.1.1 Economía y dinero,A1,A1_COMPONENT_IN_MWU,A1_FORM_IN_MWU,PCIC_A1_PATTERN_COMPONENT,KEEP,NO,La forma está atestiguada dentro de una realización A1; esta afirmación no autoriza todos sus sentidos o marcos sintácticos.,,https://cvc.cervantes.es/ensenanza/biblioteca_ele/plan_curricular/niveles/09_nociones_especificas_inventario_a1-a2.htm,v1.15
7BVII-0018,Economía e industria,pagar,ATOMIC,VERB,PCIC-09,15.3.1 Transacciones comerciales y mercados,A1,A1_COMPONENT_IN_MWU,A1_FORM_IN_MWU,PCIC_A1_PATTERN_COMPONENT,KEEP,NO,La forma está atestiguada dentro de una realización A1; esta afirmación no autoriza todos sus sentidos o marcos sintácticos.,,https://cvc.cervantes.es/ensenanza/biblioteca_ele/plan_curricular/niveles/09_nociones_especificas_inventario_a1-a2.htm,v1.15
7BVII-0019,"Gobierno, política y sociedad",país,ATOMIC,NOUN,PCIC-09,17.2.1 Instituciones políticas y órganos de gobierno,A1,A1_INVENTORY,A1_CORE_NORMATIVE,PCIC_A1_EXPLICIT,KEEP,NO,,,https://cvc.cervantes.es/ensenanza/biblioteca_ele/plan_curricular/niveles/09_nociones_especificas_inventario_a1-a2.htm,v1.15
7BVII-0020,"Gobierno, política y sociedad",capital,ATOMIC,NOUN,PCIC-09,17.2.1 Instituciones políticas y órganos de gobierno,A1,A1_INVENTORY,A1_CORE_NORMATIVE,PCIC_A1_EXPLICIT,KEEP,NO,,,https://cvc.cervantes.es/ensenanza/biblioteca_ele/plan_curricular/niveles/09_nociones_especificas_inventario_a1-a2.htm,v1.15
7BVII-0021,"Gobierno, política y sociedad",presidente,ATOMIC,NOUN,PCIC-09,17.2.1 Instituciones políticas y órganos de gobierno,A1,A1_INVENTORY,A1_CORE_NORMATIVE,PCIC_A1_EXPLICIT,KEEP,NO,,,https://cvc.cervantes.es/ensenanza/biblioteca_ele/plan_curricular/niveles/09_nociones_especificas_inventario_a1-a2.htm,v1.15
7BVII-0022,"Gobierno, política y sociedad",rey,ATOMIC,NOUN,PCIC-09,17.2.1 Instituciones políticas y órganos de gobierno,A1,A1_INVENTORY,A1_CORE_NORMATIVE,PCIC_A1_EXPLICIT,KEEP,NO,,,https://cvc.cervantes.es/ensenanza/biblioteca_ele/plan_curricular/niveles/09_nociones_especificas_inventario_a1-a2.htm,v1.15
7BVII-0023,"Gobierno, política y sociedad",reina,ATOMIC,NOUN,PCIC-09,17.2.1 Instituciones políticas y órganos de gobierno,A1,A1_INVENTORY,A1_CORE_NORMATIVE,PCIC_A1_EXPLICIT,KEEP,NO,,,https://cvc.cervantes.es/ensenanza/biblioteca_ele/plan_curricular/niveles/09_nociones_especificas_inventario_a1-a2.htm,v1.15
7BVII-0024,"Gobierno, política y sociedad",abogado,ATOMIC,NOUN,PCIC-09,17.3 Ley y justicia,A1,A1_INVENTORY,A1_CORE_NORMATIVE,PCIC_A1_EXPLICIT,KEEP,NO,,,https://cvc.cervantes.es/ensenanza/biblioteca_ele/plan_curricular/niveles/09_nociones_especificas_inventario_a1-a2.htm,v1.15
7BVII-0025,Religión y filosofía,religión,ATOMIC,NOUN,PCIC-09,19.1 Religión,A1,A1_INVENTORY,A1_CORE_NORMATIVE,PCIC_A1_EXPLICIT,KEEP,NO,,,https://cvc.cervantes.es/ensenanza/biblioteca_ele/plan_curricular/niveles/09_nociones_especificas_inventario_a1-a2.htm,v1.15
7BVII-0026,Religión y filosofía,cristiano,ATOMIC,ADJ_NOUN,PCIC-09,19.1 Religión,A1,A1_INVENTORY,A1_CORE_NORMATIVE,PCIC_A1_EXPLICIT,KEEP,NO,,,https://cvc.cervantes.es/ensenanza/biblioteca_ele/plan_curricular/niveles/09_nociones_especificas_inventario_a1-a2.htm,v1.15
7BVII-0027,Religión y filosofía,judío,ATOMIC,ADJ_NOUN,PCIC-09,19.1 Religión,A1,A1_INVENTORY,A1_CORE_NORMATIVE,PCIC_A1_EXPLICIT,KEEP,NO,,,https://cvc.cervantes.es/ensenanza/biblioteca_ele/plan_curricular/niveles/09_nociones_especificas_inventario_a1-a2.htm,v1.15
7BVII-0028,Religión y filosofía,musulmán,ATOMIC,ADJ_NOUN,PCIC-09,19.1 Religión,A1,A1_INVENTORY,A1_CORE_NORMATIVE,PCIC_A1_EXPLICIT,KEEP,NO,,,https://cvc.cervantes.es/ensenanza/biblioteca_ele/plan_curricular/niveles/09_nociones_especificas_inventario_a1-a2.htm,v1.15
7BVII-0029,Religión y filosofía,budista,ATOMIC,ADJ_NOUN,PCIC-09,19.1 Religión,A1,A1_INVENTORY,A1_CORE_NORMATIVE,PCIC_A1_EXPLICIT,KEEP,NO,,,https://cvc.cervantes.es/ensenanza/biblioteca_ele/plan_curricular/niveles/09_nociones_especificas_inventario_a1-a2.htm,v1.15
7BVII-0030,Religión y filosofía,ir,ATOMIC,VERB,PCIC-09,19.1 Religión,A1,A1_COMPONENT_IN_PATTERN,A1_FORM_IN_MWU,PCIC_A1_PATTERN_COMPONENT,KEEP,NO,Atestiguado dentro de la serie A1 «ir a la iglesia/a la mezquita/a la sinagoga»; no generalizar automáticamente todos los usos.,,https://cvc.cervantes.es/ensenanza/biblioteca_ele/plan_curricular/niveles/09_nociones_especificas_inventario_a1-a2.htm,v1.15
7BVII-0031,Religión y filosofía,iglesia,ATOMIC,NOUN,PCIC-09,19.1 Religión,A1,A1_COMPONENT_IN_PATTERN,A1_FORM_IN_MWU,PCIC_A1_PATTERN_COMPONENT,KEEP,NO,Atestiguado dentro de la serie A1 «ir a la iglesia/a la mezquita/a la sinagoga»; no generalizar automáticamente todos los usos.,,https://cvc.cervantes.es/ensenanza/biblioteca_ele/plan_curricular/niveles/09_nociones_especificas_inventario_a1-a2.htm,v1.15
7BVII-0032,Religión y filosofía,mezquita,ATOMIC,NOUN,PCIC-09,19.1 Religión,A1,A1_COMPONENT_IN_PATTERN,A1_FORM_IN_MWU,PCIC_A1_PATTERN_COMPONENT,KEEP,NO,Atestiguado dentro de la serie A1 «ir a la iglesia/a la mezquita/a la sinagoga»; no generalizar automáticamente todos los usos.,,https://cvc.cervantes.es/ensenanza/biblioteca_ele/plan_curricular/niveles/09_nociones_especificas_inventario_a1-a2.htm,v1.15
7BVII-0033,Religión y filosofía,sinagoga,ATOMIC,NOUN,PCIC-09,19.1 Religión,A1,A1_COMPONENT_IN_PATTERN,A1_FORM_IN_MWU,PCIC_A1_PATTERN_COMPONENT,KEEP,NO,Atestiguado dentro de la serie A1 «ir a la iglesia/a la mezquita/a la sinagoga»; no generalizar automáticamente todos los usos.,,https://cvc.cervantes.es/ensenanza/biblioteca_ele/plan_curricular/niveles/09_nociones_especificas_inventario_a1-a2.htm,v1.15
7BVII-0034,Religión y filosofía,ir a la iglesia,MWU,MWU,PCIC-09,19.1 Religión,A1,A1_INVENTORY,A1_CORE_NORMATIVE,PCIC_A1_EXPLICIT,KEEP,NO,,,https://cvc.cervantes.es/ensenanza/biblioteca_ele/plan_curricular/niveles/09_nociones_especificas_inventario_a1-a2.htm,v1.15
7BVII-0035,Religión y filosofía,ir a la mezquita,MWU,MWU,PCIC-09,19.1 Religión,A1,A1_INVENTORY,A1_CORE_NORMATIVE,PCIC_A1_EXPLICIT,KEEP,NO,,,https://cvc.cervantes.es/ensenanza/biblioteca_ele/plan_curricular/niveles/09_nociones_especificas_inventario_a1-a2.htm,v1.15
7BVII-0036,Religión y filosofía,ir a la sinagoga,MWU,MWU,PCIC-09,19.1 Religión,A1,A1_INVENTORY,A1_CORE_NORMATIVE,PCIC_A1_EXPLICIT,KEEP,NO,,,https://cvc.cervantes.es/ensenanza/biblioteca_ele/plan_curricular/niveles/09_nociones_especificas_inventario_a1-a2.htm,v1.15
7BVII-0037,Geografía y naturaleza,animal,ATOMIC,NOUN,PCIC-09,20.5 Fauna,A1,A1_INVENTORY,A1_CORE_NORMATIVE,PCIC_A1_EXPLICIT,KEEP,NO,,,https://cvc.cervantes.es/ensenanza/biblioteca_ele/plan_curricular/niveles/09_nociones_especificas_inventario_a1-a2.htm,v1.15
7BVII-0038,Geografía y naturaleza,autobús,ATOMIC,NOUN,PCIC-09,20.3.1 Ciudad,A1,A1_COMPONENT_IN_PATTERN,A1_FORM_IN_MWU,PCIC_A1_PATTERN_COMPONENT,KEEP,NO,Forma preservada por aparecer dentro de una serie/MWU A1 del dominio; no implica autonomía semántica o productiva ilimitada.,,https://cvc.cervantes.es/ensenanza/biblioteca_ele/plan_curricular/niveles/09_nociones_especificas_inventario_a1-a2.htm,v1.15
7BVII-0039,Geografía y naturaleza,calle,ATOMIC,NOUN,PCIC-09,20.3.1 Ciudad,A1,A1_INVENTORY,A1_CORE_NORMATIVE,PCIC_A1_EXPLICIT,KEEP,NO,,,https://cvc.cervantes.es/ensenanza/biblioteca_ele/plan_curricular/niveles/09_nociones_especificas_inventario_a1-a2.htm,v1.15
7BVII-0040,Geografía y naturaleza,calor,ATOMIC,NOUN,PCIC-09,20.4 Clima y tiempo atmosférico,A1,A1_COMPONENT_IN_PATTERN,A1_FORM_IN_MWU,PCIC_A1_PATTERN_COMPONENT,KEEP,NO,Forma preservada por aparecer dentro de una serie/MWU A1 del dominio; no implica autonomía semántica o productiva ilimitada.,,https://cvc.cervantes.es/ensenanza/biblioteca_ele/plan_curricular/niveles/09_nociones_especificas_inventario_a1-a2.htm,v1.15
7BVII-0041,Geografía y naturaleza,campo,ATOMIC,NOUN,PCIC-09,20.3.2 Campo,A1,A1_INVENTORY,A1_CORE_NORMATIVE,PCIC_A1_EXPLICIT,KEEP,NO,,,https://cvc.cervantes.es/ensenanza/biblioteca_ele/plan_curricular/niveles/09_nociones_especificas_inventario_a1-a2.htm,v1.15
7BVII-0042,Geografía y naturaleza,capital,ATOMIC,NOUN,PCIC-09,"20.2.1 Geografía física, humana y política",A1,A1_INVENTORY,A1_CORE_NORMATIVE,PCIC_A1_EXPLICIT,KEEP,NO,,,https://cvc.cervantes.es/ensenanza/biblioteca_ele/plan_curricular/niveles/09_nociones_especificas_inventario_a1-a2.htm,v1.15
7BVII-0043,Geografía y naturaleza,casa,ATOMIC,NOUN,PCIC-09,20.3.1 Ciudad,A1,A1_INVENTORY,A1_CORE_NORMATIVE,PCIC_A1_EXPLICIT,KEEP,NO,,,https://cvc.cervantes.es/ensenanza/biblioteca_ele/plan_curricular/niveles/09_nociones_especificas_inventario_a1-a2.htm,v1.15
7BVII-0044,Geografía y naturaleza,centro,ATOMIC,NOUN,PCIC-09,20.3.1 Ciudad,A1,A1_INVENTORY,A1_CORE_NORMATIVE,PCIC_A1_EXPLICIT,KEEP,NO,,,https://cvc.cervantes.es/ensenanza/biblioteca_ele/plan_curricular/niveles/09_nociones_especificas_inventario_a1-a2.htm,v1.15
7BVII-0045,Geografía y naturaleza,ciudad,ATOMIC,NOUN,PCIC-09,"20.2.1 Geografía física, humana y política",A1,A1_INVENTORY,A1_CORE_NORMATIVE,PCIC_A1_EXPLICIT,KEEP,NO,,,https://cvc.cervantes.es/ensenanza/biblioteca_ele/plan_curricular/niveles/09_nociones_especificas_inventario_a1-a2.htm,v1.15
7BVII-0046,Geografía y naturaleza,colegio,ATOMIC,NOUN,PCIC-09,20.3.1 Ciudad,A1,A1_INVENTORY,A1_CORE_NORMATIVE,PCIC_A1_EXPLICIT,KEEP,NO,,,https://cvc.cervantes.es/ensenanza/biblioteca_ele/plan_curricular/niveles/09_nociones_especificas_inventario_a1-a2.htm,v1.15
7BVII-0047,Geografía y naturaleza,escuela,ATOMIC,NOUN,PCIC-09,20.3.1 Ciudad,A1,A1_INVENTORY,A1_CORE_NORMATIVE,PCIC_A1_EXPLICIT,KEEP,NO,,,https://cvc.cervantes.es/ensenanza/biblioteca_ele/plan_curricular/niveles/09_nociones_especificas_inventario_a1-a2.htm,v1.15
7BVII-0048,Geografía y naturaleza,estación,ATOMIC,NOUN,PCIC-09,20.3.1 Ciudad,A1,A1_COMPONENT_IN_PATTERN,A1_FORM_IN_MWU,PCIC_A1_PATTERN_COMPONENT,KEEP,NO,Forma preservada por aparecer dentro de una serie/MWU A1 del dominio; no implica autonomía semántica o productiva ilimitada.,,https://cvc.cervantes.es/ensenanza/biblioteca_ele/plan_curricular/niveles/09_nociones_especificas_inventario_a1-a2.htm,v1.15
7BVII-0049,Geografía y naturaleza,este,ATOMIC,NOUN,PCIC-09,"20.2.1 Geografía física, humana y política",A1,A1_INVENTORY,A1_CORE_NORMATIVE,PCIC_A1_EXPLICIT,KEEP,NO,,,https://cvc.cervantes.es/ensenanza/biblioteca_ele/plan_curricular/niveles/09_nociones_especificas_inventario_a1-a2.htm,v1.15
7BVII-0050,Geografía y naturaleza,flor,ATOMIC,NOUN,PCIC-09,20.6 Flora,A1,A1_INVENTORY,A1_CORE_NORMATIVE,PCIC_A1_EXPLICIT,KEEP,NO,,,https://cvc.cervantes.es/ensenanza/biblioteca_ele/plan_curricular/niveles/09_nociones_especificas_inventario_a1-a2.htm,v1.15
7BVII-0051,Geografía y naturaleza,hospital,ATOMIC,NOUN,PCIC-09,20.3.1 Ciudad,A1,A1_INVENTORY,A1_CORE_NORMATIVE,PCIC_A1_EXPLICIT,KEEP,NO,,,https://cvc.cervantes.es/ensenanza/biblioteca_ele/plan_curricular/niveles/09_nociones_especificas_inventario_a1-a2.htm,v1.15
7BVII-0052,Geografía y naturaleza,iglesia,ATOMIC,NOUN,PCIC-09,20.3.1 Ciudad,A1,A1_INVENTORY,A1_CORE_NORMATIVE,PCIC_A1_EXPLICIT,KEEP,NO,,,https://cvc.cervantes.es/ensenanza/biblioteca_ele/plan_curricular/niveles/09_nociones_especificas_inventario_a1-a2.htm,v1.15
7BVII-0053,Geografía y naturaleza,información,ATOMIC,NOUN,PCIC-09,20.3.1 Ciudad,A1,A1_COMPONENT_IN_PATTERN,A1_FORM_IN_MWU,PCIC_A1_PATTERN_COMPONENT,KEEP,NO,Forma preservada por aparecer dentro de una serie/MWU A1 del dominio; no implica autonomía semántica o productiva ilimitada.,,https://cvc.cervantes.es/ensenanza/biblioteca_ele/plan_curricular/niveles/09_nociones_especificas_inventario_a1-a2.htm,v1.15
7BVII-0054,Geografía y naturaleza,invierno,ATOMIC,NOUN,PCIC-09,20.4 Clima y tiempo atmosférico,A1,A1_INVENTORY,A1_CORE_NORMATIVE,PCIC_A1_EXPLICIT,KEEP,NO,,,https://cvc.cervantes.es/ensenanza/biblioteca_ele/plan_curricular/niveles/09_nociones_especificas_inventario_a1-a2.htm,v1.15
7BVII-0055,Geografía y naturaleza,lugar,ATOMIC,NOUN,PCIC-09,"20.2.1 Geografía física, humana y política",A1,A1_INVENTORY,A1_CORE_NORMATIVE,PCIC_A1_EXPLICIT,KEEP,NO,,,https://cvc.cervantes.es/ensenanza/biblioteca_ele/plan_curricular/niveles/09_nociones_especificas_inventario_a1-a2.htm,v1.15
7BVII-0056,Geografía y naturaleza,mapa,ATOMIC,NOUN,PCIC-09,"20.2.1 Geografía física, humana y política",A1,A1_INVENTORY,A1_CORE_NORMATIVE,PCIC_A1_EXPLICIT,KEEP,NO,,,https://cvc.cervantes.es/ensenanza/biblioteca_ele/plan_curricular/niveles/09_nociones_especificas_inventario_a1-a2.htm,v1.15
7BVII-0057,Geografía y naturaleza,mar,ATOMIC,NOUN,PCIC-09,20.2.2 Paisaje y accidentes geográficos,A1,A1_INVENTORY,A1_CORE_NORMATIVE,PCIC_A1_EXPLICIT,KEEP,NO,,,https://cvc.cervantes.es/ensenanza/biblioteca_ele/plan_curricular/niveles/09_nociones_especificas_inventario_a1-a2.htm,v1.15
7BVII-0058,Geografía y naturaleza,metro,ATOMIC,NOUN,PCIC-09,20.3.1 Ciudad,A1,A1_COMPONENT_IN_PATTERN,A1_FORM_IN_MWU,PCIC_A1_PATTERN_COMPONENT,KEEP,NO,Forma preservada por aparecer dentro de una serie/MWU A1 del dominio; no implica autonomía semántica o productiva ilimitada.,,https://cvc.cervantes.es/ensenanza/biblioteca_ele/plan_curricular/niveles/09_nociones_especificas_inventario_a1-a2.htm,v1.15
7BVII-0059,Geografía y naturaleza,montaña,ATOMIC,NOUN,PCIC-09,20.2.2 Paisaje y accidentes geográficos,A1,A1_INVENTORY,A1_CORE_NORMATIVE,PCIC_A1_EXPLICIT,KEEP,NO,,,https://cvc.cervantes.es/ensenanza/biblioteca_ele/plan_curricular/niveles/09_nociones_especificas_inventario_a1-a2.htm,v1.15
7BVII-0060,Geografía y naturaleza,museo,ATOMIC,NOUN,PCIC-09,20.3.1 Ciudad,A1,A1_INVENTORY,A1_CORE_NORMATIVE,PCIC_A1_EXPLICIT,KEEP,NO,,,https://cvc.cervantes.es/ensenanza/biblioteca_ele/plan_curricular/niveles/09_nociones_especificas_inventario_a1-a2.htm,v1.15
7BVII-0061,Geografía y naturaleza,norte,ATOMIC,NOUN,PCIC-09,"20.2.1 Geografía física, humana y política",A1,A1_INVENTORY,A1_CORE_NORMATIVE,PCIC_A1_EXPLICIT,KEEP,NO,,,https://cvc.cervantes.es/ensenanza/biblioteca_ele/plan_curricular/niveles/09_nociones_especificas_inventario_a1-a2.htm,v1.15
7BVII-0062,Geografía y naturaleza,oeste,ATOMIC,NOUN,PCIC-09,"20.2.1 Geografía física, humana y política",A1,A1_INVENTORY,A1_CORE_NORMATIVE,PCIC_A1_EXPLICIT,KEEP,NO,,,https://cvc.cervantes.es/ensenanza/biblioteca_ele/plan_curricular/niveles/09_nociones_especificas_inventario_a1-a2.htm,v1.15
7BVII-0063,Geografía y naturaleza,oficina,ATOMIC,NOUN,PCIC-09,20.3.1 Ciudad,A1,A1_COMPONENT_IN_PATTERN,A1_FORM_IN_MWU,PCIC_A1_PATTERN_COMPONENT,KEEP,NO,Forma preservada por aparecer dentro de una serie/MWU A1 del dominio; no implica autonomía semántica o productiva ilimitada.,,https://cvc.cervantes.es/ensenanza/biblioteca_ele/plan_curricular/niveles/09_nociones_especificas_inventario_a1-a2.htm,v1.15
7BVII-0064,Geografía y naturaleza,otoño,ATOMIC,NOUN,PCIC-09,20.4 Clima y tiempo atmosférico,A1,A1_INVENTORY,A1_CORE_NORMATIVE,PCIC_A1_EXPLICIT,KEEP,NO,,,https://cvc.cervantes.es/ensenanza/biblioteca_ele/plan_curricular/niveles/09_nociones_especificas_inventario_a1-a2.htm,v1.15
7BVII-0065,Geografía y naturaleza,parada,ATOMIC,NOUN,PCIC-09,20.3.1 Ciudad,A1,A1_COMPONENT_IN_PATTERN,A1_FORM_IN_MWU,PCIC_A1_PATTERN_COMPONENT,KEEP,NO,Forma preservada por aparecer dentro de una serie/MWU A1 del dominio; no implica autonomía semántica o productiva ilimitada.,,https://cvc.cervantes.es/ensenanza/biblioteca_ele/plan_curricular/niveles/09_nociones_especificas_inventario_a1-a2.htm,v1.15
7BVII-0066,Geografía y naturaleza,parque,ATOMIC,NOUN,PCIC-09,20.3.1 Ciudad,A1,A1_INVENTORY,A1_CORE_NORMATIVE,PCIC_A1_EXPLICIT,KEEP,NO,,,https://cvc.cervantes.es/ensenanza/biblioteca_ele/plan_curricular/niveles/09_nociones_especificas_inventario_a1-a2.htm,v1.15
7BVII-0067,Geografía y naturaleza,país,ATOMIC,NOUN,PCIC-09,"20.2.1 Geografía física, humana y política",A1,A1_INVENTORY,A1_CORE_NORMATIVE,PCIC_A1_EXPLICIT,KEEP,NO,,,https://cvc.cervantes.es/ensenanza/biblioteca_ele/plan_curricular/niveles/09_nociones_especificas_inventario_a1-a2.htm,v1.15
7BVII-0068,Geografía y naturaleza,planta,ATOMIC,NOUN,PCIC-09,20.6 Flora,A1,A1_INVENTORY,A1_CORE_NORMATIVE,PCIC_A1_EXPLICIT,KEEP,NO,,,https://cvc.cervantes.es/ensenanza/biblioteca_ele/plan_curricular/niveles/09_nociones_especificas_inventario_a1-a2.htm,v1.15
7BVII-0069,Geografía y naturaleza,playa,ATOMIC,NOUN,PCIC-09,20.2.2 Paisaje y accidentes geográficos,A1,A1_INVENTORY,A1_CORE_NORMATIVE,PCIC_A1_EXPLICIT,KEEP,NO,,,https://cvc.cervantes.es/ensenanza/biblioteca_ele/plan_curricular/niveles/09_nociones_especificas_inventario_a1-a2.htm,v1.15
7BVII-0070,Geografía y naturaleza,plaza,ATOMIC,NOUN,PCIC-09,20.3.1 Ciudad,A1,A1_INVENTORY,A1_CORE_NORMATIVE,PCIC_A1_EXPLICIT,KEEP,NO,,,https://cvc.cervantes.es/ensenanza/biblioteca_ele/plan_curricular/niveles/09_nociones_especificas_inventario_a1-a2.htm,v1.15
7BVII-0071,Geografía y naturaleza,primavera,ATOMIC,NOUN,PCIC-09,20.4 Clima y tiempo atmosférico,A1,A1_INVENTORY,A1_CORE_NORMATIVE,PCIC_A1_EXPLICIT,KEEP,NO,,,https://cvc.cervantes.es/ensenanza/biblioteca_ele/plan_curricular/niveles/09_nociones_especificas_inventario_a1-a2.htm,v1.15
7BVII-0072,Geografía y naturaleza,pueblo,ATOMIC,NOUN,PCIC-09,"20.2.1 Geografía física, humana y política",A1,A1_INVENTORY,A1_CORE_NORMATIVE,PCIC_A1_EXPLICIT,KEEP,NO,,,https://cvc.cervantes.es/ensenanza/biblioteca_ele/plan_curricular/niveles/09_nociones_especificas_inventario_a1-a2.htm,v1.15
7BVII-0073,Geografía y naturaleza,restaurante,ATOMIC,NOUN,PCIC-09,20.3.1 Ciudad,A1,A1_INVENTORY,A1_CORE_NORMATIVE,PCIC_A1_EXPLICIT,KEEP,NO,,,https://cvc.cervantes.es/ensenanza/biblioteca_ele/plan_curricular/niveles/09_nociones_especificas_inventario_a1-a2.htm,v1.15
7BVII-0074,Geografía y naturaleza,río,ATOMIC,NOUN,PCIC-09,20.2.2 Paisaje y accidentes geográficos,A1,A1_INVENTORY,A1_CORE_NORMATIVE,PCIC_A1_EXPLICIT,KEEP,NO,,,https://cvc.cervantes.es/ensenanza/biblioteca_ele/plan_curricular/niveles/09_nociones_especificas_inventario_a1-a2.htm,v1.15
7BVII-0075,Geografía y naturaleza,sol,ATOMIC,NOUN,PCIC-09,20.1 Universo y espacio,A1,A1_INVENTORY,A1_CORE_NORMATIVE,PCIC_A1_EXPLICIT,KEEP,NO,,,https://cvc.cervantes.es/ensenanza/biblioteca_ele/plan_curricular/niveles/09_nociones_especificas_inventario_a1-a2.htm,v1.15
7BVII-0076,Geografía y naturaleza,sur,ATOMIC,NOUN,PCIC-09,"20.2.1 Geografía física, humana y política",A1,A1_INVENTORY,A1_CORE_NORMATIVE,PCIC_A1_EXPLICIT,KEEP,NO,,,https://cvc.cervantes.es/ensenanza/biblioteca_ele/plan_curricular/niveles/09_nociones_especificas_inventario_a1-a2.htm,v1.15
7BVII-0077,Geografía y naturaleza,taxi,ATOMIC,NOUN,PCIC-09,20.3.1 Ciudad,A1,A1_COMPONENT_IN_PATTERN,A1_FORM_IN_MWU,PCIC_A1_PATTERN_COMPONENT,KEEP,NO,Forma preservada por aparecer dentro de una serie/MWU A1 del dominio; no implica autonomía semántica o productiva ilimitada.,,https://cvc.cervantes.es/ensenanza/biblioteca_ele/plan_curricular/niveles/09_nociones_especificas_inventario_a1-a2.htm,v1.15
7BVII-0078,Geografía y naturaleza,tiempo,ATOMIC,NOUN,PCIC-09,20.4 Clima y tiempo atmosférico,A1,A1_COMPONENT_IN_PATTERN,A1_FORM_IN_MWU,PCIC_A1_PATTERN_COMPONENT,KEEP,NO,Forma preservada por aparecer dentro de una serie/MWU A1 del dominio; no implica autonomía semántica o productiva ilimitada.,,https://cvc.cervantes.es/ensenanza/biblioteca_ele/plan_curricular/niveles/09_nociones_especificas_inventario_a1-a2.htm,v1.15
7BVII-0079,Geografía y naturaleza,tienda,ATOMIC,NOUN,PCIC-09,20.3.1 Ciudad,A1,A1_INVENTORY,A1_CORE_NORMATIVE,PCIC_A1_EXPLICIT,KEEP,NO,,,https://cvc.cervantes.es/ensenanza/biblioteca_ele/plan_curricular/niveles/09_nociones_especificas_inventario_a1-a2.htm,v1.15
7BVII-0080,Geografía y naturaleza,tren,ATOMIC,NOUN,PCIC-09,20.3.1 Ciudad,A1,A1_COMPONENT_IN_PATTERN,A1_FORM_IN_MWU,PCIC_A1_PATTERN_COMPONENT,KEEP,NO,Forma preservada por aparecer dentro de una serie/MWU A1 del dominio; no implica autonomía semántica o productiva ilimitada.,,https://cvc.cervantes.es/ensenanza/biblioteca_ele/plan_curricular/niveles/09_nociones_especificas_inventario_a1-a2.htm,v1.15
7BVII-0081,Geografía y naturaleza,turismo,ATOMIC,NOUN,PCIC-09,20.3.1 Ciudad,A1,A1_COMPONENT_IN_PATTERN,A1_FORM_IN_MWU,PCIC_A1_PATTERN_COMPONENT,KEEP,NO,Forma preservada por aparecer dentro de una serie/MWU A1 del dominio; no implica autonomía semántica o productiva ilimitada.,,https://cvc.cervantes.es/ensenanza/biblioteca_ele/plan_curricular/niveles/09_nociones_especificas_inventario_a1-a2.htm,v1.15
7BVII-0082,Geografía y naturaleza,verano,ATOMIC,NOUN,PCIC-09,20.4 Clima y tiempo atmosférico,A1,A1_INVENTORY,A1_CORE_NORMATIVE,PCIC_A1_EXPLICIT,KEEP,NO,,,https://cvc.cervantes.es/ensenanza/biblioteca_ele/plan_curricular/niveles/09_nociones_especificas_inventario_a1-a2.htm,v1.15
7BVII-0083,Geografía y naturaleza,viento,ATOMIC,NOUN,PCIC-09,20.4 Clima y tiempo atmosférico,A1,A1_COMPONENT_IN_PATTERN,A1_FORM_IN_MWU,PCIC_A1_PATTERN_COMPONENT,KEEP,NO,Forma preservada por aparecer dentro de una serie/MWU A1 del dominio; no implica autonomía semántica o productiva ilimitada.,,https://cvc.cervantes.es/ensenanza/biblioteca_ele/plan_curricular/niveles/09_nociones_especificas_inventario_a1-a2.htm,v1.15
7BVII-0084,Geografía y naturaleza,árbol,ATOMIC,NOUN,PCIC-09,20.6 Flora,A1,A1_INVENTORY,A1_CORE_NORMATIVE,PCIC_A1_EXPLICIT,KEEP,NO,,,https://cvc.cervantes.es/ensenanza/biblioteca_ele/plan_curricular/niveles/09_nociones_especificas_inventario_a1-a2.htm,v1.15
7BVII-0085,Geografía y naturaleza,llover,ATOMIC,VERB,PCIC-09,20.4 Clima y tiempo atmosférico,A1,A1_INVENTORY,A1_CORE_NORMATIVE,PCIC_A1_EXPLICIT,KEEP,NO,,,https://cvc.cervantes.es/ensenanza/biblioteca_ele/plan_curricular/niveles/09_nociones_especificas_inventario_a1-a2.htm,v1.15
7BVII-0086,Geografía y naturaleza,nevar,ATOMIC,VERB,PCIC-09,20.4 Clima y tiempo atmosférico,A1,A1_INVENTORY,A1_CORE_NORMATIVE,PCIC_A1_EXPLICIT,KEEP,NO,,,https://cvc.cervantes.es/ensenanza/biblioteca_ele/plan_curricular/niveles/09_nociones_especificas_inventario_a1-a2.htm,v1.15
7BVII-0087,Geografía y naturaleza,hacer,ATOMIC,VERB,PCIC-09,20.4 Clima y tiempo atmosférico,A1,A1_COMPONENT_IN_PATTERN,A1_FORM_IN_MWU,PCIC_A1_PATTERN_COMPONENT,KEEP,NO,Solo queda autorizado por las realizaciones meteorológicas A1 auditadas en esta afirmación.,,https://cvc.cervantes.es/ensenanza/biblioteca_ele/plan_curricular/niveles/09_nociones_especificas_inventario_a1-a2.htm,v1.15
7BVII-0088,Geografía y naturaleza,bueno,ATOMIC,ADJ,PCIC-09,20.4 Clima y tiempo atmosférico,A1,A1_COMPONENT_IN_PATTERN,A1_FORM_IN_MWU,PCIC_A1_PATTERN_COMPONENT,KEEP,NO,Componente de una realización A1; no autoriza todos los usos adjetivales.,,https://cvc.cervantes.es/ensenanza/biblioteca_ele/plan_curricular/niveles/09_nociones_especificas_inventario_a1-a2.htm,v1.15
7BVII-0089,Geografía y naturaleza,malo,ATOMIC,ADJ,PCIC-09,20.4 Clima y tiempo atmosférico,A1,A1_COMPONENT_IN_PATTERN,A1_FORM_IN_MWU,PCIC_A1_PATTERN_COMPONENT,KEEP,NO,Componente de una realización A1; no autoriza todos los usos adjetivales.,,https://cvc.cervantes.es/ensenanza/biblioteca_ele/plan_curricular/niveles/09_nociones_especificas_inventario_a1-a2.htm,v1.15
7BVII-0090,Geografía y naturaleza,comercial,ATOMIC,ADJ,PCIC-09,20.3.1 Ciudad,A1,A1_COMPONENT_IN_PATTERN,A1_FORM_IN_MWU,PCIC_A1_PATTERN_COMPONENT,KEEP,NO,Componente de una realización A1; no autoriza todos los usos adjetivales.,,https://cvc.cervantes.es/ensenanza/biblioteca_ele/plan_curricular/niveles/09_nociones_especificas_inventario_a1-a2.htm,v1.15
7BVII-0091,Geografía y naturaleza,frío,ATOMIC,ADJ_NOUN,PCIC-09,20.4 Clima y tiempo atmosférico,A1,A1_COMPONENT_IN_PATTERN,A1_FORM_IN_MWU,PCIC_A1_PATTERN_COMPONENT,KEEP,NO,A1 en «hacer frío»; la sensación física «tener frío» pertenece a una afirmación A2 diferente.,,https://cvc.cervantes.es/ensenanza/biblioteca_ele/plan_curricular/niveles/09_nociones_especificas_inventario_a1-a2.htm,v1.15
7BVII-0092,Geografía y naturaleza,centro comercial,MWU,MWU,PCIC-09,20.3.1 Ciudad,A1,A1_INVENTORY,A1_CORE_NORMATIVE,PCIC_A1_EXPLICIT,KEEP,NO,,,https://cvc.cervantes.es/ensenanza/biblioteca_ele/plan_curricular/niveles/09_nociones_especificas_inventario_a1-a2.htm,v1.15
7BVII-0093,Geografía y naturaleza,estación de autobuses,MWU,MWU,PCIC-09,20.3.1 Ciudad,A1,A1_INVENTORY,A1_CORE_NORMATIVE,PCIC_A1_EXPLICIT,KEEP,NO,,,https://cvc.cervantes.es/ensenanza/biblioteca_ele/plan_curricular/niveles/09_nociones_especificas_inventario_a1-a2.htm,v1.15
7BVII-0094,Geografía y naturaleza,estación de metro,MWU,MWU,PCIC-09,20.3.1 Ciudad,A1,A1_INVENTORY,A1_CORE_NORMATIVE,PCIC_A1_EXPLICIT,KEEP,NO,,,https://cvc.cervantes.es/ensenanza/biblioteca_ele/plan_curricular/niveles/09_nociones_especificas_inventario_a1-a2.htm,v1.15
7BVII-0095,Geografía y naturaleza,estación de tren,MWU,MWU,PCIC-09,20.3.1 Ciudad,A1,A1_INVENTORY,A1_CORE_NORMATIVE,PCIC_A1_EXPLICIT,KEEP,NO,,,https://cvc.cervantes.es/ensenanza/biblioteca_ele/plan_curricular/niveles/09_nociones_especificas_inventario_a1-a2.htm,v1.15
7BVII-0096,Geografía y naturaleza,hacer buen tiempo,MWU,MWU,PCIC-09,20.4 Clima y tiempo atmosférico,A1,A1_INVENTORY,A1_CORE_NORMATIVE,PCIC_A1_EXPLICIT,KEEP,NO,,,https://cvc.cervantes.es/ensenanza/biblioteca_ele/plan_curricular/niveles/09_nociones_especificas_inventario_a1-a2.htm,v1.15
7BVII-0097,Geografía y naturaleza,hacer calor,MWU,MWU,PCIC-09,20.4 Clima y tiempo atmosférico,A1,A1_INVENTORY,A1_CORE_NORMATIVE,PCIC_A1_EXPLICIT,KEEP,NO,,,https://cvc.cervantes.es/ensenanza/biblioteca_ele/plan_curricular/niveles/09_nociones_especificas_inventario_a1-a2.htm,v1.15
7BVII-0098,Geografía y naturaleza,hacer frío,MWU,MWU,PCIC-09,20.4 Clima y tiempo atmosférico,A1,A1_INVENTORY,A1_CORE_NORMATIVE,PCIC_A1_EXPLICIT,KEEP,NO,,,https://cvc.cervantes.es/ensenanza/biblioteca_ele/plan_curricular/niveles/09_nociones_especificas_inventario_a1-a2.htm,v1.15
7BVII-0099,Geografía y naturaleza,hacer mal tiempo,MWU,MWU,PCIC-09,20.4 Clima y tiempo atmosférico,A1,A1_INVENTORY,A1_CORE_NORMATIVE,PCIC_A1_EXPLICIT,KEEP,NO,,,https://cvc.cervantes.es/ensenanza/biblioteca_ele/plan_curricular/niveles/09_nociones_especificas_inventario_a1-a2.htm,v1.15
7BVII-0100,Geografía y naturaleza,hacer sol,MWU,MWU,PCIC-09,20.4 Clima y tiempo atmosférico,A1,A1_INVENTORY,A1_CORE_NORMATIVE,PCIC_A1_EXPLICIT,KEEP,NO,,,https://cvc.cervantes.es/ensenanza/biblioteca_ele/plan_curricular/niveles/09_nociones_especificas_inventario_a1-a2.htm,v1.15
7BVII-0101,Geografía y naturaleza,hacer viento,MWU,MWU,PCIC-09,20.4 Clima y tiempo atmosférico,A1,A1_INVENTORY,A1_CORE_NORMATIVE,PCIC_A1_EXPLICIT,KEEP,NO,,,https://cvc.cervantes.es/ensenanza/biblioteca_ele/plan_curricular/niveles/09_nociones_especificas_inventario_a1-a2.htm,v1.15
7BVII-0102,Geografía y naturaleza,oficina de información,MWU,MWU,PCIC-09,20.3.1 Ciudad,A1,A1_INVENTORY,A1_CORE_NORMATIVE,PCIC_A1_EXPLICIT,KEEP,NO,,,https://cvc.cervantes.es/ensenanza/biblioteca_ele/plan_curricular/niveles/09_nociones_especificas_inventario_a1-a2.htm,v1.15
7BVII-0103,Geografía y naturaleza,oficina de turismo,MWU,MWU,PCIC-09,20.3.1 Ciudad,A1,A1_INVENTORY,A1_CORE_NORMATIVE,PCIC_A1_EXPLICIT,KEEP,NO,,,https://cvc.cervantes.es/ensenanza/biblioteca_ele/plan_curricular/niveles/09_nociones_especificas_inventario_a1-a2.htm,v1.15
7BVII-0104,Geografía y naturaleza,parada de autobús,MWU,MWU,PCIC-09,20.3.1 Ciudad,A1,A1_INVENTORY,A1_CORE_NORMATIVE,PCIC_A1_EXPLICIT,KEEP,NO,,,https://cvc.cervantes.es/ensenanza/biblioteca_ele/plan_curricular/niveles/09_nociones_especificas_inventario_a1-a2.htm,v1.15
7BVII-0105,Geografía y naturaleza,parada de metro,MWU,MWU,PCIC-09,20.3.1 Ciudad,A1,A1_INVENTORY,A1_CORE_NORMATIVE,PCIC_A1_EXPLICIT,KEEP,NO,,,https://cvc.cervantes.es/ensenanza/biblioteca_ele/plan_curricular/niveles/09_nociones_especificas_inventario_a1-a2.htm,v1.15
7BVII-0106,Geografía y naturaleza,parada de taxis,MWU,MWU,PCIC-09,20.3.1 Ciudad,A1,A1_INVENTORY,A1_CORE_NORMATIVE,PCIC_A1_EXPLICIT,KEEP,NO,,,https://cvc.cervantes.es/ensenanza/biblioteca_ele/plan_curricular/niveles/09_nociones_especificas_inventario_a1-a2.htm,v1.15
7BVII-0107,Economía e industria,cheque,ATOMIC,NOUN,PCIC-09,15.1.1 Economía y dinero,A2,A2_BOUNDARY,EXCLUDED_FROM_A1_BY_THIS_ASSERTION,PCIC_A2_EXPLICIT,DO_NOT_PROMOTE,YES,,,https://cvc.cervantes.es/ensenanza/biblioteca_ele/plan_curricular/niveles/09_nociones_especificas_inventario_a1-a2.htm,v1.15
7BVII-0108,Economía e industria,moneda,ATOMIC,NOUN,PCIC-09,15.1.1 Economía y dinero,A2,A2_BOUNDARY,EXCLUDED_FROM_A1_BY_THIS_ASSERTION,PCIC_A2_EXPLICIT,DO_NOT_PROMOTE,YES,,,https://cvc.cervantes.es/ensenanza/biblioteca_ele/plan_curricular/niveles/09_nociones_especificas_inventario_a1-a2.htm,v1.15
7BVII-0109,Economía e industria,billete,ATOMIC,NOUN,PCIC-09,15.1.1 Economía y dinero,A2,A2_BOUNDARY,EXCLUDED_FROM_A1_BY_THIS_ASSERTION,PCIC_A2_EXPLICIT,DO_NOT_PROMOTE,YES,,,https://cvc.cervantes.es/ensenanza/biblioteca_ele/plan_curricular/niveles/09_nociones_especificas_inventario_a1-a2.htm,v1.15
7BVII-0110,Economía e industria,rico,ATOMIC,ADJ,PCIC-09,15.1.1 Economía y dinero,A2,A2_BOUNDARY,EXCLUDED_FROM_A1_BY_THIS_ASSERTION,PCIC_A2_EXPLICIT,DO_NOT_PROMOTE,YES,,,https://cvc.cervantes.es/ensenanza/biblioteca_ele/plan_curricular/niveles/09_nociones_especificas_inventario_a1-a2.htm,v1.15
7BVII-0111,Economía e industria,pobre,ATOMIC,ADJ,PCIC-09,15.1.1 Economía y dinero,A2,A2_BOUNDARY,EXCLUDED_FROM_A1_BY_THIS_ASSERTION,PCIC_A2_EXPLICIT,DO_NOT_PROMOTE,YES,,,https://cvc.cervantes.es/ensenanza/biblioteca_ele/plan_curricular/niveles/09_nociones_especificas_inventario_a1-a2.htm,v1.15
7BVII-0112,Economía e industria,negocio,ATOMIC,NOUN,PCIC-09,15.3.1 Transacciones comerciales y mercados,A2,A2_BOUNDARY,EXCLUDED_FROM_A1_BY_THIS_ASSERTION,PCIC_A2_EXPLICIT,DO_NOT_PROMOTE,YES,,,https://cvc.cervantes.es/ensenanza/biblioteca_ele/plan_curricular/niveles/09_nociones_especificas_inventario_a1-a2.htm,v1.15
7BVII-0113,Economía e industria,pagar en efectivo,MWU,MWU,PCIC-09,15.3.1 Transacciones comerciales y mercados,A2,A2_BOUNDARY,EXCLUDED_FROM_A1_BY_THIS_ASSERTION,PCIC_A2_EXPLICIT,DO_NOT_PROMOTE,YES,,,https://cvc.cervantes.es/ensenanza/biblioteca_ele/plan_curricular/niveles/09_nociones_especificas_inventario_a1-a2.htm,v1.15
7BVII-0114,Economía e industria,publicidad,ATOMIC,NOUN,PCIC-09,"15.3.3 Publicidad, mercadotecnia",A2,A2_BOUNDARY,EXCLUDED_FROM_A1_BY_THIS_ASSERTION,PCIC_A2_EXPLICIT,DO_NOT_PROMOTE,YES,,,https://cvc.cervantes.es/ensenanza/biblioteca_ele/plan_curricular/niveles/09_nociones_especificas_inventario_a1-a2.htm,v1.15
7BVII-0115,Economía e industria,anuncio,ATOMIC,NOUN,PCIC-09,"15.3.3 Publicidad, mercadotecnia",A2,A2_BOUNDARY,EXCLUDED_FROM_A1_BY_THIS_ASSERTION,PCIC_A2_EXPLICIT,DO_NOT_PROMOTE,YES,,,https://cvc.cervantes.es/ensenanza/biblioteca_ele/plan_curricular/niveles/09_nociones_especificas_inventario_a1-a2.htm,v1.15
7BVII-0116,Economía e industria,fábrica,ATOMIC,NOUN,PCIC-09,15.4.1 Tipos de empresa y organización,A2,A2_BOUNDARY,EXCLUDED_FROM_A1_BY_THIS_ASSERTION,PCIC_A2_EXPLICIT,DO_NOT_PROMOTE,YES,,,https://cvc.cervantes.es/ensenanza/biblioteca_ele/plan_curricular/niveles/09_nociones_especificas_inventario_a1-a2.htm,v1.15
7BVII-0117,Economía e industria,negocio,ATOMIC,NOUN,PCIC-09,15.4.1 Tipos de empresa y organización,A2,A2_BOUNDARY,EXCLUDED_FROM_A1_BY_THIS_ASSERTION,PCIC_A2_EXPLICIT,DO_NOT_PROMOTE,YES,,,https://cvc.cervantes.es/ensenanza/biblioteca_ele/plan_curricular/niveles/09_nociones_especificas_inventario_a1-a2.htm,v1.15
7BVII-0118,Economía e industria,despacho,ATOMIC,NOUN,PCIC-09,15.4.1 Tipos de empresa y organización,A2,A2_BOUNDARY,EXCLUDED_FROM_A1_BY_THIS_ASSERTION,PCIC_A2_EXPLICIT,DO_NOT_PROMOTE,YES,,,https://cvc.cervantes.es/ensenanza/biblioteca_ele/plan_curricular/niveles/09_nociones_especificas_inventario_a1-a2.htm,v1.15
7BVII-0119,Economía e industria,empresario,ATOMIC,NOUN,PCIC-09,15.4.1 Tipos de empresa y organización,A2,A2_BOUNDARY,EXCLUDED_FROM_A1_BY_THIS_ASSERTION,PCIC_A2_EXPLICIT,DO_NOT_PROMOTE,YES,,,https://cvc.cervantes.es/ensenanza/biblioteca_ele/plan_curricular/niveles/09_nociones_especificas_inventario_a1-a2.htm,v1.15
7BVII-0120,Economía e industria,presidente,ATOMIC,NOUN,PCIC-09,15.4.1 Tipos de empresa y organización,A2,A2_BOUNDARY,EXCLUDED_FROM_A1_BY_THIS_ASSERTION,PCIC_A2_EXPLICIT,DO_NOT_PROMOTE,YES,,,https://cvc.cervantes.es/ensenanza/biblioteca_ele/plan_curricular/niveles/09_nociones_especificas_inventario_a1-a2.htm,v1.15
7BVII-0121,Economía e industria,empleado,ATOMIC,NOUN,PCIC-09,15.4.1 Tipos de empresa y organización,A2,A2_BOUNDARY,EXCLUDED_FROM_A1_BY_THIS_ASSERTION,PCIC_A2_EXPLICIT,DO_NOT_PROMOTE,YES,,,https://cvc.cervantes.es/ensenanza/biblioteca_ele/plan_curricular/niveles/09_nociones_especificas_inventario_a1-a2.htm,v1.15
7BVII-0122,Economía e industria,cliente,ATOMIC,NOUN,PCIC-09,15.4.1 Tipos de empresa y organización,A2,A2_BOUNDARY,EXCLUDED_FROM_A1_BY_THIS_ASSERTION,PCIC_A2_EXPLICIT,DO_NOT_PROMOTE,YES,,,https://cvc.cervantes.es/ensenanza/biblioteca_ele/plan_curricular/niveles/09_nociones_especificas_inventario_a1-a2.htm,v1.15
7BVII-0123,Economía e industria,fábrica,ATOMIC,NOUN,PCIC-09,"15.5.1 Construcción, industria pesada y ligera",A2,A2_BOUNDARY,EXCLUDED_FROM_A1_BY_THIS_ASSERTION,PCIC_A2_EXPLICIT,DO_NOT_PROMOTE,YES,,,https://cvc.cervantes.es/ensenanza/biblioteca_ele/plan_curricular/niveles/09_nociones_especificas_inventario_a1-a2.htm,v1.15
7BVII-0124,Economía e industria,empresario,ATOMIC,NOUN,PCIC-09,"15.5.1 Construcción, industria pesada y ligera",A2,A2_BOUNDARY,EXCLUDED_FROM_A1_BY_THIS_ASSERTION,PCIC_A2_EXPLICIT,DO_NOT_PROMOTE,YES,,,https://cvc.cervantes.es/ensenanza/biblioteca_ele/plan_curricular/niveles/09_nociones_especificas_inventario_a1-a2.htm,v1.15
7BVII-0125,Economía e industria,agricultor,ATOMIC,NOUN,PCIC-09,15.5.2 Sector agropecuario,A2,A2_BOUNDARY,EXCLUDED_FROM_A1_BY_THIS_ASSERTION,PCIC_A2_EXPLICIT,DO_NOT_PROMOTE,YES,,,https://cvc.cervantes.es/ensenanza/biblioteca_ele/plan_curricular/niveles/09_nociones_especificas_inventario_a1-a2.htm,v1.15
7BVII-0126,Economía e industria,cerdo,ATOMIC,NOUN,PCIC-09,15.5.2 Sector agropecuario,A2,A2_BOUNDARY,EXCLUDED_FROM_A1_BY_THIS_ASSERTION,PCIC_A2_EXPLICIT,DO_NOT_PROMOTE,YES,,,https://cvc.cervantes.es/ensenanza/biblioteca_ele/plan_curricular/niveles/09_nociones_especificas_inventario_a1-a2.htm,v1.15
7BVII-0127,Economía e industria,vaca,ATOMIC,NOUN,PCIC-09,15.5.2 Sector agropecuario,A2,A2_BOUNDARY,EXCLUDED_FROM_A1_BY_THIS_ASSERTION,PCIC_A2_EXPLICIT,DO_NOT_PROMOTE,YES,,,https://cvc.cervantes.es/ensenanza/biblioteca_ele/plan_curricular/niveles/09_nociones_especificas_inventario_a1-a2.htm,v1.15
7BVII-0128,Economía e industria,cordero,ATOMIC,NOUN,PCIC-09,15.5.2 Sector agropecuario,A2,A2_BOUNDARY,EXCLUDED_FROM_A1_BY_THIS_ASSERTION,PCIC_A2_EXPLICIT,DO_NOT_PROMOTE,YES,,,https://cvc.cervantes.es/ensenanza/biblioteca_ele/plan_curricular/niveles/09_nociones_especificas_inventario_a1-a2.htm,v1.15
7BVII-0129,"Gobierno, política y sociedad",vecino,ATOMIC,NOUN,PCIC-09,17.1.1 Vida en comunidad,A2,A2_BOUNDARY,EXCLUDED_FROM_A1_BY_THIS_ASSERTION,PCIC_A2_EXPLICIT,DO_NOT_PROMOTE,YES,,,https://cvc.cervantes.es/ensenanza/biblioteca_ele/plan_curricular/niveles/09_nociones_especificas_inventario_a1-a2.htm,v1.15
7BVII-0130,"Gobierno, política y sociedad",amable,ATOMIC,ADJ,PCIC-09,17.1.2 Conducta social,A2,A2_BOUNDARY,EXCLUDED_FROM_A1_BY_THIS_ASSERTION,PCIC_A2_EXPLICIT,DO_NOT_PROMOTE,YES,,,https://cvc.cervantes.es/ensenanza/biblioteca_ele/plan_curricular/niveles/09_nociones_especificas_inventario_a1-a2.htm,v1.15
7BVII-0131,"Gobierno, política y sociedad",agradable,ATOMIC,ADJ,PCIC-09,17.1.2 Conducta social,A2,A2_BOUNDARY,EXCLUDED_FROM_A1_BY_THIS_ASSERTION,PCIC_A2_EXPLICIT,DO_NOT_PROMOTE,YES,,,https://cvc.cervantes.es/ensenanza/biblioteca_ele/plan_curricular/niveles/09_nociones_especificas_inventario_a1-a2.htm,v1.15
7BVII-0132,"Gobierno, política y sociedad",generoso,ATOMIC,ADJ,PCIC-09,17.1.2 Conducta social,A2,A2_BOUNDARY,EXCLUDED_FROM_A1_BY_THIS_ASSERTION,PCIC_A2_EXPLICIT,DO_NOT_PROMOTE,YES,,,https://cvc.cervantes.es/ensenanza/biblioteca_ele/plan_curricular/niveles/09_nociones_especificas_inventario_a1-a2.htm,v1.15
7BVII-0133,"Gobierno, política y sociedad",egoísta,ATOMIC,ADJ,PCIC-09,17.1.2 Conducta social,A2,A2_BOUNDARY,EXCLUDED_FROM_A1_BY_THIS_ASSERTION,PCIC_A2_EXPLICIT,DO_NOT_PROMOTE,YES,,,https://cvc.cervantes.es/ensenanza/biblioteca_ele/plan_curricular/niveles/09_nociones_especificas_inventario_a1-a2.htm,v1.15
7BVII-0134,"Gobierno, política y sociedad",educación,ATOMIC,NOUN,PCIC-09,17.1.2 Conducta social,A2,A2_BOUNDARY,EXCLUDED_FROM_A1_BY_THIS_ASSERTION,PCIC_A2_EXPLICIT,DO_NOT_PROMOTE,YES,,,https://cvc.cervantes.es/ensenanza/biblioteca_ele/plan_curricular/niveles/09_nociones_especificas_inventario_a1-a2.htm,v1.15
7BVII-0135,"Gobierno, política y sociedad",gobierno,ATOMIC,NOUN,PCIC-09,17.2.1 Instituciones políticas y órganos de gobierno,A2,A2_BOUNDARY,EXCLUDED_FROM_A1_BY_THIS_ASSERTION,PCIC_A2_EXPLICIT,DO_NOT_PROMOTE,YES,,,https://cvc.cervantes.es/ensenanza/biblioteca_ele/plan_curricular/niveles/09_nociones_especificas_inventario_a1-a2.htm,v1.15
7BVII-0136,"Gobierno, política y sociedad",política,ATOMIC,NOUN,PCIC-09,17.2.1 Instituciones políticas y órganos de gobierno,A2,A2_BOUNDARY,EXCLUDED_FROM_A1_BY_THIS_ASSERTION,PCIC_A2_EXPLICIT,DO_NOT_PROMOTE,YES,,,https://cvc.cervantes.es/ensenanza/biblioteca_ele/plan_curricular/niveles/09_nociones_especificas_inventario_a1-a2.htm,v1.15
7BVII-0137,"Gobierno, política y sociedad",partido político,MWU,MWU,PCIC-09,17.2.1 Instituciones políticas y órganos de gobierno,A2,A2_BOUNDARY,EXCLUDED_FROM_A1_BY_THIS_ASSERTION,PCIC_A2_EXPLICIT,DO_NOT_PROMOTE,YES,,,https://cvc.cervantes.es/ensenanza/biblioteca_ele/plan_curricular/niveles/09_nociones_especificas_inventario_a1-a2.htm,v1.15
7BVII-0138,"Gobierno, política y sociedad",ministro,ATOMIC,NOUN,PCIC-09,17.2.1 Instituciones políticas y órganos de gobierno,A2,A2_BOUNDARY,EXCLUDED_FROM_A1_BY_THIS_ASSERTION,PCIC_A2_EXPLICIT,DO_NOT_PROMOTE,YES,,,https://cvc.cervantes.es/ensenanza/biblioteca_ele/plan_curricular/niveles/09_nociones_especificas_inventario_a1-a2.htm,v1.15
7BVII-0139,"Gobierno, política y sociedad",príncipe,ATOMIC,NOUN,PCIC-09,17.2.1 Instituciones políticas y órganos de gobierno,A2,A2_BOUNDARY,EXCLUDED_FROM_A1_BY_THIS_ASSERTION,PCIC_A2_EXPLICIT,DO_NOT_PROMOTE,YES,,,https://cvc.cervantes.es/ensenanza/biblioteca_ele/plan_curricular/niveles/09_nociones_especificas_inventario_a1-a2.htm,v1.15
7BVII-0140,"Gobierno, política y sociedad",princesa,ATOMIC,NOUN,PCIC-09,17.2.1 Instituciones políticas y órganos de gobierno,A2,A2_BOUNDARY,EXCLUDED_FROM_A1_BY_THIS_ASSERTION,PCIC_A2_EXPLICIT,DO_NOT_PROMOTE,YES,,,https://cvc.cervantes.es/ensenanza/biblioteca_ele/plan_curricular/niveles/09_nociones_especificas_inventario_a1-a2.htm,v1.15
7BVII-0141,"Gobierno, política y sociedad",Ayuntamiento,ATOMIC,NOUN,PCIC-09,17.2.1 Instituciones políticas y órganos de gobierno,A2,A2_BOUNDARY,EXCLUDED_FROM_A1_BY_THIS_ASSERTION,PCIC_A2_EXPLICIT,DO_NOT_PROMOTE,YES,,,https://cvc.cervantes.es/ensenanza/biblioteca_ele/plan_curricular/niveles/09_nociones_especificas_inventario_a1-a2.htm,v1.15
7BVII-0142,"Gobierno, política y sociedad",juez,ATOMIC,NOUN,PCIC-09,17.3 Ley y justicia,A2,A2_BOUNDARY,EXCLUDED_FROM_A1_BY_THIS_ASSERTION,PCIC_A2_EXPLICIT,DO_NOT_PROMOTE,YES,,,https://cvc.cervantes.es/ensenanza/biblioteca_ele/plan_curricular/niveles/09_nociones_especificas_inventario_a1-a2.htm,v1.15
7BVII-0143,"Gobierno, política y sociedad",ejército,ATOMIC,NOUN,PCIC-09,17.4 Ejército,A2,A2_BOUNDARY,EXCLUDED_FROM_A1_BY_THIS_ASSERTION,PCIC_A2_EXPLICIT,DO_NOT_PROMOTE,YES,,,https://cvc.cervantes.es/ensenanza/biblioteca_ele/plan_curricular/niveles/09_nociones_especificas_inventario_a1-a2.htm,v1.15
7BVII-0144,"Gobierno, política y sociedad",guerra,ATOMIC,NOUN,PCIC-09,17.4 Ejército,A2,A2_BOUNDARY,EXCLUDED_FROM_A1_BY_THIS_ASSERTION,PCIC_A2_EXPLICIT,DO_NOT_PROMOTE,YES,,,https://cvc.cervantes.es/ensenanza/biblioteca_ele/plan_curricular/niveles/09_nociones_especificas_inventario_a1-a2.htm,v1.15
7BVII-0145,"Gobierno, política y sociedad",paz,ATOMIC,NOUN,PCIC-09,17.4 Ejército,A2,A2_BOUNDARY,EXCLUDED_FROM_A1_BY_THIS_ASSERTION,PCIC_A2_EXPLICIT,DO_NOT_PROMOTE,YES,,,https://cvc.cervantes.es/ensenanza/biblioteca_ele/plan_curricular/niveles/09_nociones_especificas_inventario_a1-a2.htm,v1.15
7BVII-0146,Religión y filosofía,Iglesia,ATOMIC,NOUN,PCIC-09,19.1 Religión,A2,A2_BOUNDARY,EXCLUDED_FROM_A1_BY_THIS_ASSERTION,PCIC_A2_EXPLICIT,DO_NOT_PROMOTE,YES,Uso/sentido circunscrito a la afirmación religiosa A2.,,https://cvc.cervantes.es/ensenanza/biblioteca_ele/plan_curricular/niveles/09_nociones_especificas_inventario_a1-a2.htm,v1.15
7BVII-0147,Religión y filosofía,Navidad,ATOMIC,PROPER_NOUN,PCIC-09,19.1 Religión,A2,A2_BOUNDARY,EXCLUDED_FROM_A1_BY_THIS_ASSERTION,PCIC_A2_EXPLICIT,DO_NOT_PROMOTE,YES,,,https://cvc.cervantes.es/ensenanza/biblioteca_ele/plan_curricular/niveles/09_nociones_especificas_inventario_a1-a2.htm,v1.15
7BVII-0148,Religión y filosofía,Ramadán,ATOMIC,PROPER_NOUN,PCIC-09,19.1 Religión,A2,A2_BOUNDARY,EXCLUDED_FROM_A1_BY_THIS_ASSERTION,PCIC_A2_EXPLICIT,DO_NOT_PROMOTE,YES,,,https://cvc.cervantes.es/ensenanza/biblioteca_ele/plan_curricular/niveles/09_nociones_especificas_inventario_a1-a2.htm,v1.15
7BVII-0149,Religión y filosofía,Sabbat,ATOMIC,PROPER_NOUN,PCIC-09,19.1 Religión,A2,A2_BOUNDARY,EXCLUDED_FROM_A1_BY_THIS_ASSERTION,PCIC_A2_EXPLICIT,DO_NOT_PROMOTE,YES,,,https://cvc.cervantes.es/ensenanza/biblioteca_ele/plan_curricular/niveles/09_nociones_especificas_inventario_a1-a2.htm,v1.15
7BVII-0150,Religión y filosofía,creer,ATOMIC,VERB,PCIC-09,19.1 Religión,A2,A2_BOUNDARY,EXCLUDED_FROM_A1_BY_THIS_ASSERTION,PCIC_A2_EXPLICIT,DO_NOT_PROMOTE,YES,Uso/sentido circunscrito a la afirmación religiosa A2.,,https://cvc.cervantes.es/ensenanza/biblioteca_ele/plan_curricular/niveles/09_nociones_especificas_inventario_a1-a2.htm,v1.15
7BVII-0151,Religión y filosofía,Dios,ATOMIC,PROPER_NOUN,PCIC-09,19.1 Religión,A2,A2_BOUNDARY,EXCLUDED_FROM_A1_BY_THIS_ASSERTION,PCIC_A2_EXPLICIT,DO_NOT_PROMOTE,YES,,,https://cvc.cervantes.es/ensenanza/biblioteca_ele/plan_curricular/niveles/09_nociones_especificas_inventario_a1-a2.htm,v1.15
7BVII-0152,Religión y filosofía,Alá,ATOMIC,PROPER_NOUN,PCIC-09,19.1 Religión,A2,A2_BOUNDARY,EXCLUDED_FROM_A1_BY_THIS_ASSERTION,PCIC_A2_EXPLICIT,DO_NOT_PROMOTE,YES,,,https://cvc.cervantes.es/ensenanza/biblioteca_ele/plan_curricular/niveles/09_nociones_especificas_inventario_a1-a2.htm,v1.15
7BVII-0153,Religión y filosofía,reencarnación,ATOMIC,NOUN,PCIC-09,19.1 Religión,A2,A2_BOUNDARY,EXCLUDED_FROM_A1_BY_THIS_ASSERTION,PCIC_A2_EXPLICIT,DO_NOT_PROMOTE,YES,,,https://cvc.cervantes.es/ensenanza/biblioteca_ele/plan_curricular/niveles/09_nociones_especificas_inventario_a1-a2.htm,v1.15
7BVII-0154,Religión y filosofía,creer en Dios,MWU,MWU,PCIC-09,19.1 Religión,A2,A2_BOUNDARY,EXCLUDED_FROM_A1_BY_THIS_ASSERTION,PCIC_A2_EXPLICIT,DO_NOT_PROMOTE,YES,,,https://cvc.cervantes.es/ensenanza/biblioteca_ele/plan_curricular/niveles/09_nociones_especificas_inventario_a1-a2.htm,v1.15
7BVII-0155,Religión y filosofía,creer en Alá,MWU,MWU,PCIC-09,19.1 Religión,A2,A2_BOUNDARY,EXCLUDED_FROM_A1_BY_THIS_ASSERTION,PCIC_A2_EXPLICIT,DO_NOT_PROMOTE,YES,,,https://cvc.cervantes.es/ensenanza/biblioteca_ele/plan_curricular/niveles/09_nociones_especificas_inventario_a1-a2.htm,v1.15
7BVII-0156,Religión y filosofía,creer en la reencarnación,MWU,MWU,PCIC-09,19.1 Religión,A2,A2_BOUNDARY,EXCLUDED_FROM_A1_BY_THIS_ASSERTION,PCIC_A2_EXPLICIT,DO_NOT_PROMOTE,YES,,,https://cvc.cervantes.es/ensenanza/biblioteca_ele/plan_curricular/niveles/09_nociones_especificas_inventario_a1-a2.htm,v1.15
7BVII-0157,Geografía y naturaleza,mundo,ATOMIC,NOUN,PCIC-09,20.1 Universo y espacio,A2,A2_BOUNDARY,EXCLUDED_FROM_A1_BY_THIS_ASSERTION,PCIC_A2_EXPLICIT,DO_NOT_PROMOTE,YES,,,https://cvc.cervantes.es/ensenanza/biblioteca_ele/plan_curricular/niveles/09_nociones_especificas_inventario_a1-a2.htm,v1.15
7BVII-0158,Geografía y naturaleza,cielo,ATOMIC,NOUN,PCIC-09,20.1 Universo y espacio,A2,A2_BOUNDARY,EXCLUDED_FROM_A1_BY_THIS_ASSERTION,PCIC_A2_EXPLICIT,DO_NOT_PROMOTE,YES,,,https://cvc.cervantes.es/ensenanza/biblioteca_ele/plan_curricular/niveles/09_nociones_especificas_inventario_a1-a2.htm,v1.15
7BVII-0159,Geografía y naturaleza,luna,ATOMIC,NOUN,PCIC-09,20.1 Universo y espacio,A2,A2_BOUNDARY,EXCLUDED_FROM_A1_BY_THIS_ASSERTION,PCIC_A2_EXPLICIT,DO_NOT_PROMOTE,YES,,,https://cvc.cervantes.es/ensenanza/biblioteca_ele/plan_curricular/niveles/09_nociones_especificas_inventario_a1-a2.htm,v1.15
7BVII-0160,Geografía y naturaleza,estrella,ATOMIC,NOUN,PCIC-09,20.1 Universo y espacio,A2,A2_BOUNDARY,EXCLUDED_FROM_A1_BY_THIS_ASSERTION,PCIC_A2_EXPLICIT,DO_NOT_PROMOTE,YES,,,https://cvc.cervantes.es/ensenanza/biblioteca_ele/plan_curricular/niveles/09_nociones_especificas_inventario_a1-a2.htm,v1.15
7BVII-0161,Geografía y naturaleza,planeta,ATOMIC,NOUN,PCIC-09,20.1 Universo y espacio,A2,A2_BOUNDARY,EXCLUDED_FROM_A1_BY_THIS_ASSERTION,PCIC_A2_EXPLICIT,DO_NOT_PROMOTE,YES,,,https://cvc.cervantes.es/ensenanza/biblioteca_ele/plan_curricular/niveles/09_nociones_especificas_inventario_a1-a2.htm,v1.15
7BVII-0162,Geografía y naturaleza,región,ATOMIC,NOUN,PCIC-09,"20.2.1 Geografía física, humana y política",A2,A2_BOUNDARY,EXCLUDED_FROM_A1_BY_THIS_ASSERTION,PCIC_A2_EXPLICIT,DO_NOT_PROMOTE,YES,,,https://cvc.cervantes.es/ensenanza/biblioteca_ele/plan_curricular/niveles/09_nociones_especificas_inventario_a1-a2.htm,v1.15
7BVII-0163,Geografía y naturaleza,Noroeste,ATOMIC,NOUN,PCIC-09,"20.2.1 Geografía física, humana y política",A2,A2_BOUNDARY,EXCLUDED_FROM_A1_BY_THIS_ASSERTION,PCIC_A2_EXPLICIT,DO_NOT_PROMOTE,YES,,,https://cvc.cervantes.es/ensenanza/biblioteca_ele/plan_curricular/niveles/09_nociones_especificas_inventario_a1-a2.htm,v1.15
7BVII-0164,Geografía y naturaleza,Nordeste,ATOMIC,NOUN,PCIC-09,"20.2.1 Geografía física, humana y política",A2,A2_BOUNDARY,EXCLUDED_FROM_A1_BY_THIS_ASSERTION,PCIC_A2_EXPLICIT,DO_NOT_PROMOTE,YES,,,https://cvc.cervantes.es/ensenanza/biblioteca_ele/plan_curricular/niveles/09_nociones_especificas_inventario_a1-a2.htm,v1.15
7BVII-0165,Geografía y naturaleza,Suroeste,ATOMIC,NOUN,PCIC-09,"20.2.1 Geografía física, humana y política",A2,A2_BOUNDARY,EXCLUDED_FROM_A1_BY_THIS_ASSERTION,PCIC_A2_EXPLICIT,DO_NOT_PROMOTE,YES,,,https://cvc.cervantes.es/ensenanza/biblioteca_ele/plan_curricular/niveles/09_nociones_especificas_inventario_a1-a2.htm,v1.15
7BVII-0166,Geografía y naturaleza,Sudeste,ATOMIC,NOUN,PCIC-09,"20.2.1 Geografía física, humana y política",A2,A2_BOUNDARY,EXCLUDED_FROM_A1_BY_THIS_ASSERTION,PCIC_A2_EXPLICIT,DO_NOT_PROMOTE,YES,,,https://cvc.cervantes.es/ensenanza/biblioteca_ele/plan_curricular/niveles/09_nociones_especificas_inventario_a1-a2.htm,v1.15
7BVII-0167,Geografía y naturaleza,isla,ATOMIC,NOUN,PCIC-09,20.2.2 Paisaje y accidentes geográficos,A2,A2_BOUNDARY,EXCLUDED_FROM_A1_BY_THIS_ASSERTION,PCIC_A2_EXPLICIT,DO_NOT_PROMOTE,YES,,,https://cvc.cervantes.es/ensenanza/biblioteca_ele/plan_curricular/niveles/09_nociones_especificas_inventario_a1-a2.htm,v1.15
7BVII-0168,Geografía y naturaleza,desierto,ATOMIC,NOUN,PCIC-09,20.2.2 Paisaje y accidentes geográficos,A2,A2_BOUNDARY,EXCLUDED_FROM_A1_BY_THIS_ASSERTION,PCIC_A2_EXPLICIT,DO_NOT_PROMOTE,YES,,,https://cvc.cervantes.es/ensenanza/biblioteca_ele/plan_curricular/niveles/09_nociones_especificas_inventario_a1-a2.htm,v1.15
7BVII-0169,Geografía y naturaleza,bosque,ATOMIC,NOUN,PCIC-09,20.2.2 Paisaje y accidentes geográficos,A2,A2_BOUNDARY,EXCLUDED_FROM_A1_BY_THIS_ASSERTION,PCIC_A2_EXPLICIT,DO_NOT_PROMOTE,YES,,,https://cvc.cervantes.es/ensenanza/biblioteca_ele/plan_curricular/niveles/09_nociones_especificas_inventario_a1-a2.htm,v1.15
7BVII-0170,Geografía y naturaleza,costa,ATOMIC,NOUN,PCIC-09,20.2.2 Paisaje y accidentes geográficos,A2,A2_BOUNDARY,EXCLUDED_FROM_A1_BY_THIS_ASSERTION,PCIC_A2_EXPLICIT,DO_NOT_PROMOTE,YES,,,https://cvc.cervantes.es/ensenanza/biblioteca_ele/plan_curricular/niveles/09_nociones_especificas_inventario_a1-a2.htm,v1.15
7BVII-0171,Geografía y naturaleza,interior,ATOMIC,NOUN,PCIC-09,20.2.2 Paisaje y accidentes geográficos,A2,A2_BOUNDARY,EXCLUDED_FROM_A1_BY_THIS_ASSERTION,PCIC_A2_EXPLICIT,DO_NOT_PROMOTE,YES,,,https://cvc.cervantes.es/ensenanza/biblioteca_ele/plan_curricular/niveles/09_nociones_especificas_inventario_a1-a2.htm,v1.15
7BVII-0172,Geografía y naturaleza,habitante,ATOMIC,NOUN,PCIC-09,20.3.1 Ciudad,A2,A2_BOUNDARY,EXCLUDED_FROM_A1_BY_THIS_ASSERTION,PCIC_A2_EXPLICIT,DO_NOT_PROMOTE,YES,,,https://cvc.cervantes.es/ensenanza/biblioteca_ele/plan_curricular/niveles/09_nociones_especificas_inventario_a1-a2.htm,v1.15
7BVII-0173,Geografía y naturaleza,barrio,ATOMIC,NOUN,PCIC-09,20.3.1 Ciudad,A2,A2_BOUNDARY,EXCLUDED_FROM_A1_BY_THIS_ASSERTION,PCIC_A2_EXPLICIT,DO_NOT_PROMOTE,YES,,,https://cvc.cervantes.es/ensenanza/biblioteca_ele/plan_curricular/niveles/09_nociones_especificas_inventario_a1-a2.htm,v1.15
7BVII-0174,Geografía y naturaleza,esquina,ATOMIC,NOUN,PCIC-09,20.3.1 Ciudad,A2,A2_BOUNDARY,EXCLUDED_FROM_A1_BY_THIS_ASSERTION,PCIC_A2_EXPLICIT,DO_NOT_PROMOTE,YES,,,https://cvc.cervantes.es/ensenanza/biblioteca_ele/plan_curricular/niveles/09_nociones_especificas_inventario_a1-a2.htm,v1.15
7BVII-0175,Geografía y naturaleza,ayuntamiento,ATOMIC,NOUN,PCIC-09,20.3.1 Ciudad,A2,A2_BOUNDARY,EXCLUDED_FROM_A1_BY_THIS_ASSERTION,PCIC_A2_EXPLICIT,DO_NOT_PROMOTE,YES,,,https://cvc.cervantes.es/ensenanza/biblioteca_ele/plan_curricular/niveles/09_nociones_especificas_inventario_a1-a2.htm,v1.15
7BVII-0176,Geografía y naturaleza,catedral,ATOMIC,NOUN,PCIC-09,20.3.1 Ciudad,A2,A2_BOUNDARY,EXCLUDED_FROM_A1_BY_THIS_ASSERTION,PCIC_A2_EXPLICIT,DO_NOT_PROMOTE,YES,,,https://cvc.cervantes.es/ensenanza/biblioteca_ele/plan_curricular/niveles/09_nociones_especificas_inventario_a1-a2.htm,v1.15
7BVII-0177,Geografía y naturaleza,castillo,ATOMIC,NOUN,PCIC-09,20.3.1 Ciudad,A2,A2_BOUNDARY,EXCLUDED_FROM_A1_BY_THIS_ASSERTION,PCIC_A2_EXPLICIT,DO_NOT_PROMOTE,YES,,,https://cvc.cervantes.es/ensenanza/biblioteca_ele/plan_curricular/niveles/09_nociones_especificas_inventario_a1-a2.htm,v1.15
7BVII-0178,Geografía y naturaleza,palacio,ATOMIC,NOUN,PCIC-09,20.3.1 Ciudad,A2,A2_BOUNDARY,EXCLUDED_FROM_A1_BY_THIS_ASSERTION,PCIC_A2_EXPLICIT,DO_NOT_PROMOTE,YES,,,https://cvc.cervantes.es/ensenanza/biblioteca_ele/plan_curricular/niveles/09_nociones_especificas_inventario_a1-a2.htm,v1.15
7BVII-0179,Geografía y naturaleza,monumento,ATOMIC,NOUN,PCIC-09,20.3.1 Ciudad,A2,A2_BOUNDARY,EXCLUDED_FROM_A1_BY_THIS_ASSERTION,PCIC_A2_EXPLICIT,DO_NOT_PROMOTE,YES,,,https://cvc.cervantes.es/ensenanza/biblioteca_ele/plan_curricular/niveles/09_nociones_especificas_inventario_a1-a2.htm,v1.15
7BVII-0180,Geografía y naturaleza,estatua,ATOMIC,NOUN,PCIC-09,20.3.1 Ciudad,A2,A2_BOUNDARY,EXCLUDED_FROM_A1_BY_THIS_ASSERTION,PCIC_A2_EXPLICIT,DO_NOT_PROMOTE,YES,,,https://cvc.cervantes.es/ensenanza/biblioteca_ele/plan_curricular/niveles/09_nociones_especificas_inventario_a1-a2.htm,v1.15
7BVII-0181,Geografía y naturaleza,plaza mayor,MWU,MWU,PCIC-09,20.3.1 Ciudad,A2,A2_BOUNDARY,EXCLUDED_FROM_A1_BY_THIS_ASSERTION,PCIC_A2_EXPLICIT,DO_NOT_PROMOTE,YES,,,https://cvc.cervantes.es/ensenanza/biblioteca_ele/plan_curricular/niveles/09_nociones_especificas_inventario_a1-a2.htm,v1.15
7BVII-0182,Geografía y naturaleza,peatonal,ATOMIC,ADJ,PCIC-09,20.3.1 Ciudad,A2,A2_BOUNDARY,EXCLUDED_FROM_A1_BY_THIS_ASSERTION,PCIC_A2_EXPLICIT,DO_NOT_PROMOTE,YES,,,https://cvc.cervantes.es/ensenanza/biblioteca_ele/plan_curricular/niveles/09_nociones_especificas_inventario_a1-a2.htm,v1.15
7BVII-0183,Geografía y naturaleza,mayor,ATOMIC,ADJ,PCIC-09,20.3.1 Ciudad,A2,A2_BOUNDARY,EXCLUDED_FROM_A1_BY_THIS_ASSERTION,PCIC_A2_EXPLICIT,DO_NOT_PROMOTE,YES,,,https://cvc.cervantes.es/ensenanza/biblioteca_ele/plan_curricular/niveles/09_nociones_especificas_inventario_a1-a2.htm,v1.15
7BVII-0184,Geografía y naturaleza,comercial,ATOMIC,ADJ,PCIC-09,20.3.1 Ciudad,A2,A2_BOUNDARY,EXCLUDED_FROM_A1_BY_THIS_ASSERTION,PCIC_A2_EXPLICIT,DO_NOT_PROMOTE,YES,,,https://cvc.cervantes.es/ensenanza/biblioteca_ele/plan_curricular/niveles/09_nociones_especificas_inventario_a1-a2.htm,v1.15
7BVII-0185,Geografía y naturaleza,calle ~ peatonal/mayor/comercial,PATTERN_GROUP,PATTERN,PCIC-09,20.3.1 Ciudad,A2,A2_BOUNDARY,EXCLUDED_FROM_A1_BY_THIS_ASSERTION,PCIC_A2_EXPLICIT,DO_NOT_PROMOTE,YES,,,https://cvc.cervantes.es/ensenanza/biblioteca_ele/plan_curricular/niveles/09_nociones_especificas_inventario_a1-a2.htm,v1.15
7BVII-0186,Geografía y naturaleza,cosmopolita,ATOMIC,ADJ,PCIC-09,20.3.1 Ciudad,A2,A2_BOUNDARY,EXCLUDED_FROM_A1_BY_THIS_ASSERTION,PCIC_A2_EXPLICIT,DO_NOT_PROMOTE,YES,,,https://cvc.cervantes.es/ensenanza/biblioteca_ele/plan_curricular/niveles/09_nociones_especificas_inventario_a1-a2.htm,v1.15
7BVII-0187,Geografía y naturaleza,abierto,ATOMIC,ADJ,PCIC-09,20.3.1 Ciudad,A2,A2_BOUNDARY,EXCLUDED_FROM_A1_BY_THIS_ASSERTION,PCIC_A2_EXPLICIT,DO_NOT_PROMOTE,YES,,,https://cvc.cervantes.es/ensenanza/biblioteca_ele/plan_curricular/niveles/09_nociones_especificas_inventario_a1-a2.htm,v1.15
7BVII-0188,Geografía y naturaleza,industrial,ATOMIC,ADJ,PCIC-09,20.3.1 Ciudad,A2,A2_BOUNDARY,EXCLUDED_FROM_A1_BY_THIS_ASSERTION,PCIC_A2_EXPLICIT,DO_NOT_PROMOTE,YES,,,https://cvc.cervantes.es/ensenanza/biblioteca_ele/plan_curricular/niveles/09_nociones_especificas_inventario_a1-a2.htm,v1.15
7BVII-0189,Geografía y naturaleza,antiguo,ATOMIC,ADJ,PCIC-09,20.3.1 Ciudad,A2,A2_BOUNDARY,EXCLUDED_FROM_A1_BY_THIS_ASSERTION,PCIC_A2_EXPLICIT,DO_NOT_PROMOTE,YES,,,https://cvc.cervantes.es/ensenanza/biblioteca_ele/plan_curricular/niveles/09_nociones_especificas_inventario_a1-a2.htm,v1.15
7BVII-0190,Geografía y naturaleza,moderno,ATOMIC,ADJ,PCIC-09,20.3.1 Ciudad,A2,A2_BOUNDARY,EXCLUDED_FROM_A1_BY_THIS_ASSERTION,PCIC_A2_EXPLICIT,DO_NOT_PROMOTE,YES,,,https://cvc.cervantes.es/ensenanza/biblioteca_ele/plan_curricular/niveles/09_nociones_especificas_inventario_a1-a2.htm,v1.15
7BVII-0191,Geografía y naturaleza,universitario,ATOMIC,ADJ,PCIC-09,20.3.1 Ciudad,A2,A2_BOUNDARY,EXCLUDED_FROM_A1_BY_THIS_ASSERTION,PCIC_A2_EXPLICIT,DO_NOT_PROMOTE,YES,,,https://cvc.cervantes.es/ensenanza/biblioteca_ele/plan_curricular/niveles/09_nociones_especificas_inventario_a1-a2.htm,v1.15
7BVII-0192,Geografía y naturaleza,ciudad ~ cosmopolita/abierta/industrial/antigua/moderna/universitaria,PATTERN_GROUP,PATTERN,PCIC-09,20.3.1 Ciudad,A2,A2_BOUNDARY,EXCLUDED_FROM_A1_BY_THIS_ASSERTION,PCIC_A2_EXPLICIT,DO_NOT_PROMOTE,YES,,,https://cvc.cervantes.es/ensenanza/biblioteca_ele/plan_curricular/niveles/09_nociones_especificas_inventario_a1-a2.htm,v1.15
7BVII-0193,Geografía y naturaleza,naturaleza,ATOMIC,NOUN,PCIC-09,20.3.2 Campo,A2,A2_BOUNDARY,EXCLUDED_FROM_A1_BY_THIS_ASSERTION,PCIC_A2_EXPLICIT,DO_NOT_PROMOTE,YES,,,https://cvc.cervantes.es/ensenanza/biblioteca_ele/plan_curricular/niveles/09_nociones_especificas_inventario_a1-a2.htm,v1.15
7BVII-0194,Geografía y naturaleza,bosque,ATOMIC,NOUN,PCIC-09,20.3.2 Campo,A2,A2_BOUNDARY,EXCLUDED_FROM_A1_BY_THIS_ASSERTION,PCIC_A2_EXPLICIT,DO_NOT_PROMOTE,YES,,,https://cvc.cervantes.es/ensenanza/biblioteca_ele/plan_curricular/niveles/09_nociones_especificas_inventario_a1-a2.htm,v1.15
7BVII-0195,Geografía y naturaleza,jardín,ATOMIC,NOUN,PCIC-09,20.3.2 Campo,A2,A2_BOUNDARY,EXCLUDED_FROM_A1_BY_THIS_ASSERTION,PCIC_A2_EXPLICIT,DO_NOT_PROMOTE,YES,,,https://cvc.cervantes.es/ensenanza/biblioteca_ele/plan_curricular/niveles/09_nociones_especificas_inventario_a1-a2.htm,v1.15
7BVII-0196,Geografía y naturaleza,lluvia,ATOMIC,NOUN,PCIC-09,20.4 Clima y tiempo atmosférico,A2,A2_BOUNDARY,EXCLUDED_FROM_A1_BY_THIS_ASSERTION,PCIC_A2_EXPLICIT,DO_NOT_PROMOTE,YES,,,https://cvc.cervantes.es/ensenanza/biblioteca_ele/plan_curricular/niveles/09_nociones_especificas_inventario_a1-a2.htm,v1.15
7BVII-0197,Geografía y naturaleza,nieve,ATOMIC,NOUN,PCIC-09,20.4 Clima y tiempo atmosférico,A2,A2_BOUNDARY,EXCLUDED_FROM_A1_BY_THIS_ASSERTION,PCIC_A2_EXPLICIT,DO_NOT_PROMOTE,YES,,,https://cvc.cervantes.es/ensenanza/biblioteca_ele/plan_curricular/niveles/09_nociones_especificas_inventario_a1-a2.htm,v1.15
7BVII-0198,Geografía y naturaleza,niebla,ATOMIC,NOUN,PCIC-09,20.4 Clima y tiempo atmosférico,A2,A2_BOUNDARY,EXCLUDED_FROM_A1_BY_THIS_ASSERTION,PCIC_A2_EXPLICIT,DO_NOT_PROMOTE,YES,,,https://cvc.cervantes.es/ensenanza/biblioteca_ele/plan_curricular/niveles/09_nociones_especificas_inventario_a1-a2.htm,v1.15
7BVII-0199,Geografía y naturaleza,tormenta,ATOMIC,NOUN,PCIC-09,20.4 Clima y tiempo atmosférico,A2,A2_BOUNDARY,EXCLUDED_FROM_A1_BY_THIS_ASSERTION,PCIC_A2_EXPLICIT,DO_NOT_PROMOTE,YES,,,https://cvc.cervantes.es/ensenanza/biblioteca_ele/plan_curricular/niveles/09_nociones_especificas_inventario_a1-a2.htm,v1.15
7BVII-0200,Geografía y naturaleza,nube,ATOMIC,NOUN,PCIC-09,20.4 Clima y tiempo atmosférico,A2,A2_BOUNDARY,EXCLUDED_FROM_A1_BY_THIS_ASSERTION,PCIC_A2_EXPLICIT,DO_NOT_PROMOTE,YES,,,https://cvc.cervantes.es/ensenanza/biblioteca_ele/plan_curricular/niveles/09_nociones_especificas_inventario_a1-a2.htm,v1.15
7BVII-0201,Geografía y naturaleza,aire,ATOMIC,NOUN,PCIC-09,20.4 Clima y tiempo atmosférico,A2,A2_BOUNDARY,EXCLUDED_FROM_A1_BY_THIS_ASSERTION,PCIC_A2_EXPLICIT,DO_NOT_PROMOTE,YES,,,https://cvc.cervantes.es/ensenanza/biblioteca_ele/plan_curricular/niveles/09_nociones_especificas_inventario_a1-a2.htm,v1.15
7BVII-0202,Geografía y naturaleza,viento,ATOMIC,NOUN,PCIC-09,20.4 Clima y tiempo atmosférico,A2,A2_BOUNDARY,EXCLUDED_FROM_A1_BY_THIS_ASSERTION,PCIC_A2_EXPLICIT,DO_NOT_PROMOTE,YES,A2 en las realizaciones «viento del norte/del sur»; A1 existe en «hacer viento».,,https://cvc.cervantes.es/ensenanza/biblioteca_ele/plan_curricular/niveles/09_nociones_especificas_inventario_a1-a2.htm,v1.15
7BVII-0203,Geografía y naturaleza,viento del norte,MWU,MWU,PCIC-09,20.4 Clima y tiempo atmosférico,A2,A2_BOUNDARY,EXCLUDED_FROM_A1_BY_THIS_ASSERTION,PCIC_A2_EXPLICIT,DO_NOT_PROMOTE,YES,,,https://cvc.cervantes.es/ensenanza/biblioteca_ele/plan_curricular/niveles/09_nociones_especificas_inventario_a1-a2.htm,v1.15
7BVII-0204,Geografía y naturaleza,viento del sur,MWU,MWU,PCIC-09,20.4 Clima y tiempo atmosférico,A2,A2_BOUNDARY,EXCLUDED_FROM_A1_BY_THIS_ASSERTION,PCIC_A2_EXPLICIT,DO_NOT_PROMOTE,YES,,,https://cvc.cervantes.es/ensenanza/biblioteca_ele/plan_curricular/niveles/09_nociones_especificas_inventario_a1-a2.htm,v1.15
7BVII-0205,Geografía y naturaleza,perro,ATOMIC,NOUN,PCIC-09,20.5 Fauna,A2,A2_BOUNDARY,EXCLUDED_FROM_A1_BY_THIS_ASSERTION,PCIC_A2_EXPLICIT,DO_NOT_PROMOTE,YES,,,https://cvc.cervantes.es/ensenanza/biblioteca_ele/plan_curricular/niveles/09_nociones_especificas_inventario_a1-a2.htm,v1.15
7BVII-0206,Geografía y naturaleza,gato,ATOMIC,NOUN,PCIC-09,20.5 Fauna,A2,A2_BOUNDARY,EXCLUDED_FROM_A1_BY_THIS_ASSERTION,PCIC_A2_EXPLICIT,DO_NOT_PROMOTE,YES,,,https://cvc.cervantes.es/ensenanza/biblioteca_ele/plan_curricular/niveles/09_nociones_especificas_inventario_a1-a2.htm,v1.15
7BVII-0207,Geografía y naturaleza,pájaro,ATOMIC,NOUN,PCIC-09,20.5 Fauna,A2,A2_BOUNDARY,EXCLUDED_FROM_A1_BY_THIS_ASSERTION,PCIC_A2_EXPLICIT,DO_NOT_PROMOTE,YES,,,https://cvc.cervantes.es/ensenanza/biblioteca_ele/plan_curricular/niveles/09_nociones_especificas_inventario_a1-a2.htm,v1.15
7BVII-0208,Geografía y naturaleza,pez,ATOMIC,NOUN,PCIC-09,20.5 Fauna,A2,A2_BOUNDARY,EXCLUDED_FROM_A1_BY_THIS_ASSERTION,PCIC_A2_EXPLICIT,DO_NOT_PROMOTE,YES,,,https://cvc.cervantes.es/ensenanza/biblioteca_ele/plan_curricular/niveles/09_nociones_especificas_inventario_a1-a2.htm,v1.15
7BVII-0209,Geografía y naturaleza,caballo,ATOMIC,NOUN,PCIC-09,20.5 Fauna,A2,A2_BOUNDARY,EXCLUDED_FROM_A1_BY_THIS_ASSERTION,PCIC_A2_EXPLICIT,DO_NOT_PROMOTE,YES,,,https://cvc.cervantes.es/ensenanza/biblioteca_ele/plan_curricular/niveles/09_nociones_especificas_inventario_a1-a2.htm,v1.15
7BVII-0210,Geografía y naturaleza,vaca,ATOMIC,NOUN,PCIC-09,20.5 Fauna,A2,A2_BOUNDARY,EXCLUDED_FROM_A1_BY_THIS_ASSERTION,PCIC_A2_EXPLICIT,DO_NOT_PROMOTE,YES,,,https://cvc.cervantes.es/ensenanza/biblioteca_ele/plan_curricular/niveles/09_nociones_especificas_inventario_a1-a2.htm,v1.15
7BVII-0211,Geografía y naturaleza,cerdo,ATOMIC,NOUN,PCIC-09,20.5 Fauna,A2,A2_BOUNDARY,EXCLUDED_FROM_A1_BY_THIS_ASSERTION,PCIC_A2_EXPLICIT,DO_NOT_PROMOTE,YES,,,https://cvc.cervantes.es/ensenanza/biblioteca_ele/plan_curricular/niveles/09_nociones_especificas_inventario_a1-a2.htm,v1.15
7BVII-0212,Geografía y naturaleza,mosca,ATOMIC,NOUN,PCIC-09,20.5 Fauna,A2,A2_BOUNDARY,EXCLUDED_FROM_A1_BY_THIS_ASSERTION,PCIC_A2_EXPLICIT,DO_NOT_PROMOTE,YES,,,https://cvc.cervantes.es/ensenanza/biblioteca_ele/plan_curricular/niveles/09_nociones_especificas_inventario_a1-a2.htm,v1.15
7BVII-0213,Geografía y naturaleza,mosquito,ATOMIC,NOUN,PCIC-09,20.5 Fauna,A2,A2_BOUNDARY,EXCLUDED_FROM_A1_BY_THIS_ASSERTION,PCIC_A2_EXPLICIT,DO_NOT_PROMOTE,YES,,,https://cvc.cervantes.es/ensenanza/biblioteca_ele/plan_curricular/niveles/09_nociones_especificas_inventario_a1-a2.htm,v1.15
7BVII-0214,Geografía y naturaleza,araña,ATOMIC,NOUN,PCIC-09,20.5 Fauna,A2,A2_BOUNDARY,EXCLUDED_FROM_A1_BY_THIS_ASSERTION,PCIC_A2_EXPLICIT,DO_NOT_PROMOTE,YES,,,https://cvc.cervantes.es/ensenanza/biblioteca_ele/plan_curricular/niveles/09_nociones_especificas_inventario_a1-a2.htm,v1.15
7BVII-0215,Geografía y naturaleza,rosa,ATOMIC,NOUN,PCIC-09,20.6 Flora,A2,A2_BOUNDARY,EXCLUDED_FROM_A1_BY_THIS_ASSERTION,PCIC_A2_EXPLICIT,DO_NOT_PROMOTE,YES,,,https://cvc.cervantes.es/ensenanza/biblioteca_ele/plan_curricular/niveles/09_nociones_especificas_inventario_a1-a2.htm,v1.15
7BVII-0216,Geografía y naturaleza,margarita,ATOMIC,NOUN,PCIC-09,20.6 Flora,A2,A2_BOUNDARY,EXCLUDED_FROM_A1_BY_THIS_ASSERTION,PCIC_A2_EXPLICIT,DO_NOT_PROMOTE,YES,,,https://cvc.cervantes.es/ensenanza/biblioteca_ele/plan_curricular/niveles/09_nociones_especificas_inventario_a1-a2.htm,v1.15
7BVII-0217,Geografía y naturaleza,bosque,ATOMIC,NOUN,PCIC-09,20.6 Flora,A2,A2_BOUNDARY,EXCLUDED_FROM_A1_BY_THIS_ASSERTION,PCIC_A2_EXPLICIT,DO_NOT_PROMOTE,YES,,,https://cvc.cervantes.es/ensenanza/biblioteca_ele/plan_curricular/niveles/09_nociones_especificas_inventario_a1-a2.htm,v1.15
7BVII-0218,Geografía y naturaleza,hoja,ATOMIC,NOUN,PCIC-09,20.6 Flora,A2,A2_BOUNDARY,EXCLUDED_FROM_A1_BY_THIS_ASSERTION,PCIC_A2_EXPLICIT,DO_NOT_PROMOTE,YES,,,https://cvc.cervantes.es/ensenanza/biblioteca_ele/plan_curricular/niveles/09_nociones_especificas_inventario_a1-a2.htm,v1.15
7BVII-0219,Geografía y naturaleza,pino,ATOMIC,NOUN,PCIC-09,20.6 Flora,A2,A2_BOUNDARY,EXCLUDED_FROM_A1_BY_THIS_ASSERTION,PCIC_A2_EXPLICIT,DO_NOT_PROMOTE,YES,,,https://cvc.cervantes.es/ensenanza/biblioteca_ele/plan_curricular/niveles/09_nociones_especificas_inventario_a1-a2.htm,v1.15
7BVII-0220,Geografía y naturaleza,olivo,ATOMIC,NOUN,PCIC-09,20.6 Flora,A2,A2_BOUNDARY,EXCLUDED_FROM_A1_BY_THIS_ASSERTION,PCIC_A2_EXPLICIT,DO_NOT_PROMOTE,YES,,,https://cvc.cervantes.es/ensenanza/biblioteca_ele/plan_curricular/niveles/09_nociones_especificas_inventario_a1-a2.htm,v1.15
7BVII-0221,Geografía y naturaleza,ramo de flores,MWU,MWU,PCIC-09,20.6 Flora,A2,A2_BOUNDARY,EXCLUDED_FROM_A1_BY_THIS_ASSERTION,PCIC_A2_EXPLICIT,DO_NOT_PROMOTE,YES,,,https://cvc.cervantes.es/ensenanza/biblioteca_ele/plan_curricular/niveles/09_nociones_especificas_inventario_a1-a2.htm,v1.15
7BVII-0222,Economía e industria,billete,ATOMIC,NOUN,PCIC-09,15.1.1 Economía y dinero,A2,CROSS_DOMAIN_ASSERTION,CONTEXT_DEPENDENT,SOURCE_ASSERTION_SPLIT,RETAIN_A1_OTHER_ASSERTION,NO,A1 en Compras/Viajes-Transporte; A2 en Economía/dinero.,A1 en Compras/Viajes-Transporte; A2 en Economía/dinero.,https://cvc.cervantes.es/ensenanza/biblioteca_ele/plan_curricular/niveles/09_nociones_especificas_inventario_a1-a2.htm,v1.15
7BVII-0223,Economía e industria,publicidad,ATOMIC,NOUN,PCIC-09,"15.3.3 Publicidad, mercadotecnia",A2,CROSS_DOMAIN_ASSERTION,CONTEXT_DEPENDENT,SOURCE_ASSERTION_SPLIT,RETAIN_A1_OTHER_ASSERTION,NO,A1 en Viajes; A2 en publicidad/mercadotecnia y TV/radio.,A1 en Viajes; A2 en publicidad/mercadotecnia y TV/radio.,https://cvc.cervantes.es/ensenanza/biblioteca_ele/plan_curricular/niveles/09_nociones_especificas_inventario_a1-a2.htm,v1.15
7BVII-0224,Economía e industria,presidente,ATOMIC,NOUN,PCIC-09,15.4.1 Tipos de empresa y organización,A2,CROSS_DOMAIN_ASSERTION,CONTEXT_DEPENDENT,SOURCE_ASSERTION_SPLIT,RETAIN_A1_OTHER_ASSERTION,NO,A1 como institución política; A2 como cargo de empresa.,A1 como institución política; A2 como cargo de empresa.,https://cvc.cervantes.es/ensenanza/biblioteca_ele/plan_curricular/niveles/09_nociones_especificas_inventario_a1-a2.htm,v1.15
7BVII-0225,Economía e industria,director,ATOMIC,NOUN,PCIC-09,15.4.1 Tipos de empresa y organización,A1,CROSS_DOMAIN_ASSERTION,CONTEXT_DEPENDENT,SOURCE_ASSERTION_SPLIT,KEEP_CONTEXTUAL_A1,NO,A1 en empresa; A2 en cine/teatro para el sentido profesional artístico.,A1 en empresa; A2 en cine/teatro para el sentido profesional artístico.,https://cvc.cervantes.es/ensenanza/biblioteca_ele/plan_curricular/niveles/09_nociones_especificas_inventario_a1-a2.htm,v1.15
7BVII-0226,Geografía y naturaleza,catedral,ATOMIC,NOUN,PCIC-09,20.3.1 Ciudad,A2,CROSS_DOMAIN_ASSERTION,CONTEXT_DEPENDENT,SOURCE_ASSERTION_SPLIT,RETAIN_A1_OTHER_ASSERTION,NO,A1 en Actividades artísticas; A2 en inventario de Ciudad.,A1 en Actividades artísticas; A2 en inventario de Ciudad.,https://cvc.cervantes.es/ensenanza/biblioteca_ele/plan_curricular/niveles/09_nociones_especificas_inventario_a1-a2.htm,v1.15
7BVII-0227,Geografía y naturaleza,monumento,ATOMIC,NOUN,PCIC-09,20.3.1 Ciudad,A2,CROSS_DOMAIN_ASSERTION,CONTEXT_DEPENDENT,SOURCE_ASSERTION_SPLIT,RETAIN_A1_OTHER_ASSERTION,NO,A1 en Actividades artísticas; A2 en inventario de Ciudad.,A1 en Actividades artísticas; A2 en inventario de Ciudad.,https://cvc.cervantes.es/ensenanza/biblioteca_ele/plan_curricular/niveles/09_nociones_especificas_inventario_a1-a2.htm,v1.15
7BVII-0228,Geografía y naturaleza,centro comercial,MWU,MWU,PCIC-09,20.3.1 Ciudad,A1,CROSS_DOMAIN_ASSERTION,CONTEXT_DEPENDENT,SOURCE_ASSERTION_SPLIT,KEEP_CONTEXTUAL_A1,NO,A1 en Ciudad/Geografía; A2 en Compras.,A1 en Ciudad/Geografía; A2 en Compras.,https://cvc.cervantes.es/ensenanza/biblioteca_ele/plan_curricular/niveles/09_nociones_especificas_inventario_a1-a2.htm,v1.15
7BVII-0229,Geografía y naturaleza,comercial,ATOMIC,ADJ,PCIC-09,20.3.1 Ciudad,MIXED,CROSS_DOMAIN_ASSERTION,CONTEXT_DEPENDENT,SOURCE_ASSERTION_SPLIT,KEEP_CONTEXTUAL_A1,NO,A1 como componente de «centro comercial»; A2 en «calle comercial».,A1 como componente de «centro comercial»; A2 en «calle comercial».,https://cvc.cervantes.es/ensenanza/biblioteca_ele/plan_curricular/niveles/09_nociones_especificas_inventario_a1-a2.htm,v1.15
7BVII-0230,Geografía y naturaleza,jardín,ATOMIC,NOUN,PCIC-09,20.3.2 Campo,A2,CROSS_DOMAIN_ASSERTION,CONTEXT_DEPENDENT,SOURCE_ASSERTION_SPLIT,RETAIN_A1_OTHER_ASSERTION,NO,A1 en Vivienda; A2 en Campo.,A1 en Vivienda; A2 en Campo.,https://cvc.cervantes.es/ensenanza/biblioteca_ele/plan_curricular/niveles/09_nociones_especificas_inventario_a1-a2.htm,v1.15
7BVII-0231,Geografía y naturaleza,aire,ATOMIC,NOUN,PCIC-09,20.4 Clima y tiempo atmosférico,A2,CROSS_DOMAIN_ASSERTION,CONTEXT_DEPENDENT,SOURCE_ASSERTION_SPLIT,RETAIN_A1_OTHER_ASSERTION,NO,A1 como componente de «aire acondicionado» en Vivienda; A2 en meteorología como unidad de este inventario.,A1 como componente de «aire acondicionado» en Vivienda; A2 en meteorología como unidad de este inventario.,https://cvc.cervantes.es/ensenanza/biblioteca_ele/plan_curricular/niveles/09_nociones_especificas_inventario_a1-a2.htm,v1.15
7BVII-0232,Geografía y naturaleza,viento,ATOMIC,NOUN,PCIC-09,20.4 Clima y tiempo atmosférico,MIXED,CROSS_DOMAIN_ASSERTION,CONTEXT_DEPENDENT,SOURCE_ASSERTION_SPLIT,KEEP_CONTEXTUAL_A1,NO,A1 en «hacer viento»; A2 en «viento del norte/del sur».,A1 en «hacer viento»; A2 en «viento del norte/del sur».,https://cvc.cervantes.es/ensenanza/biblioteca_ele/plan_curricular/niveles/09_nociones_especificas_inventario_a1-a2.htm,v1.15
7BVII-0233,Geografía y naturaleza,frío,ATOMIC,ADJ_NOUN,PCIC-09,20.4 Clima y tiempo atmosférico,A1,CROSS_DOMAIN_ASSERTION,CONTEXT_DEPENDENT,SOURCE_ASSERTION_SPLIT,KEEP_CONTEXTUAL_A1,NO,A1 en «hacer frío»; A2 como sensación física «tener frío».,A1 en «hacer frío»; A2 como sensación física «tener frío».,https://cvc.cervantes.es/ensenanza/biblioteca_ele/plan_curricular/niveles/09_nociones_especificas_inventario_a1-a2.htm,v1.15
7BVII-0234,Geografía y naturaleza,calor,ATOMIC,NOUN,PCIC-09,20.4 Clima y tiempo atmosférico,A1,CROSS_DOMAIN_ASSERTION,CONTEXT_DEPENDENT,SOURCE_ASSERTION_SPLIT,KEEP_CONTEXTUAL_A1,NO,A1 en «hacer calor»; A2 como sensación física «tener calor».,A1 en «hacer calor»; A2 como sensación física «tener calor».,https://cvc.cervantes.es/ensenanza/biblioteca_ele/plan_curricular/niveles/09_nociones_especificas_inventario_a1-a2.htm,v1.15
7BVII-0235,Religión y filosofía,iglesia / Iglesia,ATOMIC,NOUN,PCIC-09,19.1 Religión,MIXED,CROSS_DOMAIN_ASSERTION,CONTEXT_DEPENDENT,SOURCE_ASSERTION_SPLIT,KEEP_CONTEXTUAL_A1,NO,A1 como lugar de culto/edificio; A2 «Iglesia» como institución religiosa. Diferenciar sentido y capitalización.,A1 como lugar de culto/edificio; A2 «Iglesia» como institución religiosa. Diferenciar sentido y capitalización.,https://cvc.cervantes.es/ensenanza/biblioteca_ele/plan_curricular/niveles/09_nociones_especificas_inventario_a1-a2.htm,v1.15
7BVII-0236,Economía e industria,crédito,ATOMIC,NOUN,PCIC-09,15 Economía e industria vs 3.3/11.3,A1 elsewhere,DOMAIN_ATTRIBUTION_CORRECTION,A1_FORM_IN_MWU,PCIC_SOURCE_LOCATION_CORRECTION,RETAIN_GLOBAL_RESTRICT_DOMAIN,NO,La lista histórica de Fase 6A lo colocó bajo Economía; PCIC 15 no lo enumera en A1. Su evidencia A1 procede de «tarjeta de crédito» en Objetos personales/Servicios financieros. No cambia el baseline global.,"Corrección de atribución temática, no baja de forma.",https://cvc.cervantes.es/ensenanza/biblioteca_ele/plan_curricular/niveles/09_nociones_especificas_inventario_a1-a2.htm,v1.15
