record_id,domain,item,item_type,pos,source_id,source_section,source_level,record_type,a1_core_status,evidence_gate,baseline_action,false_intuitive_a1,context_restriction,notes,source_url,curriculum_version
7BV-0001,Ocio,baloncesto,ATOMIC,NOUN,PCIC-09,8. Ocio,A1,A1_INVENTORY,A1_CORE_NORMATIVE,PCIC_A1_EXPLICIT,KEEP,NO,,,https://cvc.cervantes.es/ensenanza/biblioteca_ele/plan_curricular/niveles/09_nociones_especificas_inventario_a1-a2.htm,v1.13
7BV-0002,Ocio,bar,ATOMIC,NOUN,PCIC-09,8. Ocio,A1,A1_INVENTORY,A1_CORE_NORMATIVE,PCIC_A1_EXPLICIT,KEEP,NO,,,https://cvc.cervantes.es/ensenanza/biblioteca_ele/plan_curricular/niveles/09_nociones_especificas_inventario_a1-a2.htm,v1.13
7BV-0003,Ocio,café,ATOMIC,NOUN,PCIC-09,8. Ocio,A1,A1_INVENTORY,A1_CORE_NORMATIVE,PCIC_A1_EXPLICIT,KEEP,NO,,,https://cvc.cervantes.es/ensenanza/biblioteca_ele/plan_curricular/niveles/09_nociones_especificas_inventario_a1-a2.htm,v1.13
7BV-0004,Ocio,canción,ATOMIC,NOUN,PCIC-09,8. Ocio,A1,A1_INVENTORY,A1_CORE_NORMATIVE,PCIC_A1_EXPLICIT,KEEP,NO,"A1 en Ocio; para canción, la autorización A1 se conserva específicamente en el patrón escuchar una canción.",La misma forma aparece como unidad artística A2 en 18.2; conservar ambas SOURCE_ASSERTION.,https://cvc.cervantes.es/ensenanza/biblioteca_ele/plan_curricular/niveles/09_nociones_especificas_inventario_a1-a2.htm,v1.13
7BV-0005,Ocio,cine,ATOMIC,NOUN,PCIC-09,8. Ocio,A1,A1_INVENTORY,A1_CORE_NORMATIVE,PCIC_A1_EXPLICIT,KEEP,NO,,,https://cvc.cervantes.es/ensenanza/biblioteca_ele/plan_curricular/niveles/09_nociones_especificas_inventario_a1-a2.htm,v1.13
7BV-0006,Ocio,circo,ATOMIC,NOUN,PCIC-09,8. Ocio,A1,A1_INVENTORY,A1_CORE_NORMATIVE,PCIC_A1_EXPLICIT,KEEP,NO,,,https://cvc.cervantes.es/ensenanza/biblioteca_ele/plan_curricular/niveles/09_nociones_especificas_inventario_a1-a2.htm,v1.13
7BV-0007,Ocio,compañero,ATOMIC,NOUN,PCIC-09,8. Ocio,A1,A1_INVENTORY,A1_CORE_NORMATIVE,PCIC_A1_EXPLICIT,KEEP,NO,,,https://cvc.cervantes.es/ensenanza/biblioteca_ele/plan_curricular/niveles/09_nociones_especificas_inventario_a1-a2.htm,v1.13
7BV-0008,Ocio,concierto,ATOMIC,NOUN,PCIC-09,8. Ocio,A1,A1_INVENTORY,A1_CORE_NORMATIVE,PCIC_A1_EXPLICIT,KEEP,NO,,,https://cvc.cervantes.es/ensenanza/biblioteca_ele/plan_curricular/niveles/09_nociones_especificas_inventario_a1-a2.htm,v1.13
7BV-0009,Ocio,deporte,ATOMIC,NOUN,PCIC-09,8. Ocio,A1,A1_INVENTORY,A1_CORE_NORMATIVE,PCIC_A1_EXPLICIT,KEEP,NO,,,https://cvc.cervantes.es/ensenanza/biblioteca_ele/plan_curricular/niveles/09_nociones_especificas_inventario_a1-a2.htm,v1.13
7BV-0010,Ocio,discoteca,ATOMIC,NOUN,PCIC-09,8. Ocio,A1,A1_INVENTORY,A1_CORE_NORMATIVE,PCIC_A1_EXPLICIT,KEEP,NO,,,https://cvc.cervantes.es/ensenanza/biblioteca_ele/plan_curricular/niveles/09_nociones_especificas_inventario_a1-a2.htm,v1.13
7BV-0011,Ocio,ejercicio,ATOMIC,NOUN,PCIC-09,8. Ocio,A1,A1_INVENTORY,A1_CORE_NORMATIVE,PCIC_A1_EXPLICIT,KEEP,NO,,,https://cvc.cervantes.es/ensenanza/biblioteca_ele/plan_curricular/niveles/09_nociones_especificas_inventario_a1-a2.htm,v1.13
7BV-0012,Ocio,fútbol,ATOMIC,NOUN,PCIC-09,8. Ocio,A1,A1_INVENTORY,A1_CORE_NORMATIVE,PCIC_A1_EXPLICIT,KEEP,NO,,,https://cvc.cervantes.es/ensenanza/biblioteca_ele/plan_curricular/niveles/09_nociones_especificas_inventario_a1-a2.htm,v1.13
7BV-0013,Ocio,gimnasia,ATOMIC,NOUN,PCIC-09,8. Ocio,A1,A1_INVENTORY,A1_CORE_NORMATIVE,PCIC_A1_EXPLICIT,KEEP,NO,,,https://cvc.cervantes.es/ensenanza/biblioteca_ele/plan_curricular/niveles/09_nociones_especificas_inventario_a1-a2.htm,v1.13
7BV-0014,Ocio,información,ATOMIC,NOUN,PCIC-09,8. Ocio,A1,A1_INVENTORY,A1_CORE_NORMATIVE,PCIC_A1_EXPLICIT,KEEP,NO,,,https://cvc.cervantes.es/ensenanza/biblioteca_ele/plan_curricular/niveles/09_nociones_especificas_inventario_a1-a2.htm,v1.13
7BV-0015,Ocio,juego,ATOMIC,NOUN,PCIC-09,8. Ocio,A1,A1_INVENTORY,A1_CORE_NORMATIVE,PCIC_A1_EXPLICIT,KEEP,NO,,,https://cvc.cervantes.es/ensenanza/biblioteca_ele/plan_curricular/niveles/09_nociones_especificas_inventario_a1-a2.htm,v1.13
7BV-0016,Ocio,libro,ATOMIC,NOUN,PCIC-09,8. Ocio,A1,A1_INVENTORY,A1_CORE_NORMATIVE,PCIC_A1_EXPLICIT,KEEP,NO,,,https://cvc.cervantes.es/ensenanza/biblioteca_ele/plan_curricular/niveles/09_nociones_especificas_inventario_a1-a2.htm,v1.13
7BV-0017,Ocio,museo,ATOMIC,NOUN,PCIC-09,8. Ocio,A1,A1_INVENTORY,A1_CORE_NORMATIVE,PCIC_A1_EXPLICIT,KEEP,NO,,,https://cvc.cervantes.es/ensenanza/biblioteca_ele/plan_curricular/niveles/09_nociones_especificas_inventario_a1-a2.htm,v1.13
7BV-0018,Ocio,música,ATOMIC,NOUN,PCIC-09,8. Ocio,A1,A1_INVENTORY,A1_CORE_NORMATIVE,PCIC_A1_EXPLICIT,KEEP,NO,,,https://cvc.cervantes.es/ensenanza/biblioteca_ele/plan_curricular/niveles/09_nociones_especificas_inventario_a1-a2.htm,v1.13
7BV-0019,Ocio,oficina,ATOMIC,NOUN,PCIC-09,8. Ocio,A1,A1_INVENTORY,A1_CORE_NORMATIVE,PCIC_A1_EXPLICIT,KEEP,NO,,,https://cvc.cervantes.es/ensenanza/biblioteca_ele/plan_curricular/niveles/09_nociones_especificas_inventario_a1-a2.htm,v1.13
7BV-0020,Ocio,parque,ATOMIC,NOUN,PCIC-09,8. Ocio,A1,A1_INVENTORY,A1_CORE_NORMATIVE,PCIC_A1_EXPLICIT,KEEP,NO,,,https://cvc.cervantes.es/ensenanza/biblioteca_ele/plan_curricular/niveles/09_nociones_especificas_inventario_a1-a2.htm,v1.13
7BV-0021,Ocio,película,ATOMIC,NOUN,PCIC-09,8. Ocio,A1,A1_INVENTORY,A1_CORE_NORMATIVE,PCIC_A1_EXPLICIT,KEEP,NO,,,https://cvc.cervantes.es/ensenanza/biblioteca_ele/plan_curricular/niveles/09_nociones_especificas_inventario_a1-a2.htm,v1.13
7BV-0022,Ocio,periódico,ATOMIC,NOUN,PCIC-09,8. Ocio,A1,A1_INVENTORY,A1_CORE_NORMATIVE,PCIC_A1_EXPLICIT,KEEP,NO,,,https://cvc.cervantes.es/ensenanza/biblioteca_ele/plan_curricular/niveles/09_nociones_especificas_inventario_a1-a2.htm,v1.13
7BV-0023,Ocio,radio,ATOMIC,NOUN,PCIC-09,8. Ocio,A1,A1_INVENTORY,A1_CORE_NORMATIVE,PCIC_A1_EXPLICIT,KEEP,NO,,,https://cvc.cervantes.es/ensenanza/biblioteca_ele/plan_curricular/niveles/09_nociones_especificas_inventario_a1-a2.htm,v1.13
7BV-0024,Ocio,restaurante,ATOMIC,NOUN,PCIC-09,8. Ocio,A1,A1_INVENTORY,A1_CORE_NORMATIVE,PCIC_A1_EXPLICIT,KEEP,NO,,,https://cvc.cervantes.es/ensenanza/biblioteca_ele/plan_curricular/niveles/09_nociones_especificas_inventario_a1-a2.htm,v1.13
7BV-0025,Ocio,revista,ATOMIC,NOUN,PCIC-09,8. Ocio,A1,A1_INVENTORY,A1_CORE_NORMATIVE,PCIC_A1_EXPLICIT,KEEP,NO,,,https://cvc.cervantes.es/ensenanza/biblioteca_ele/plan_curricular/niveles/09_nociones_especificas_inventario_a1-a2.htm,v1.13
7BV-0026,Ocio,teatro,ATOMIC,NOUN,PCIC-09,8. Ocio,A1,A1_INVENTORY,A1_CORE_NORMATIVE,PCIC_A1_EXPLICIT,KEEP,NO,,,https://cvc.cervantes.es/ensenanza/biblioteca_ele/plan_curricular/niveles/09_nociones_especificas_inventario_a1-a2.htm,v1.13
7BV-0027,Ocio,televisión,ATOMIC,NOUN,PCIC-09,8. Ocio,A1,A1_INVENTORY,A1_CORE_NORMATIVE,PCIC_A1_EXPLICIT,KEEP,NO,,,https://cvc.cervantes.es/ensenanza/biblioteca_ele/plan_curricular/niveles/09_nociones_especificas_inventario_a1-a2.htm,v1.13
7BV-0028,Ocio,tenis,ATOMIC,NOUN,PCIC-09,8. Ocio,A1,A1_INVENTORY,A1_CORE_NORMATIVE,PCIC_A1_EXPLICIT,KEEP,NO,,,https://cvc.cervantes.es/ensenanza/biblioteca_ele/plan_curricular/niveles/09_nociones_especificas_inventario_a1-a2.htm,v1.13
7BV-0029,Ocio,turismo,ATOMIC,NOUN,PCIC-09,8. Ocio,A1,A1_INVENTORY,A1_CORE_NORMATIVE,PCIC_A1_EXPLICIT,KEEP,NO,,,https://cvc.cervantes.es/ensenanza/biblioteca_ele/plan_curricular/niveles/09_nociones_especificas_inventario_a1-a2.htm,v1.13
7BV-0030,Ocio,turista,ATOMIC,NOUN,PCIC-09,8. Ocio,A1,A1_INVENTORY,A1_CORE_NORMATIVE,PCIC_A1_EXPLICIT,KEEP,NO,,,https://cvc.cervantes.es/ensenanza/biblioteca_ele/plan_curricular/niveles/09_nociones_especificas_inventario_a1-a2.htm,v1.13
7BV-0031,Ocio,vacaciones,ATOMIC,NOUN,PCIC-09,8. Ocio,A1,A1_INVENTORY,A1_CORE_NORMATIVE,PCIC_A1_EXPLICIT,KEEP,NO,,,https://cvc.cervantes.es/ensenanza/biblioteca_ele/plan_curricular/niveles/09_nociones_especificas_inventario_a1-a2.htm,v1.13
7BV-0032,Ocio,bailar,ATOMIC,VERB,PCIC-09,8. Ocio,A1,A1_INVENTORY,A1_CORE_NORMATIVE,PCIC_A1_EXPLICIT,KEEP,NO,,,https://cvc.cervantes.es/ensenanza/biblioteca_ele/plan_curricular/niveles/09_nociones_especificas_inventario_a1-a2.htm,v1.13
7BV-0033,Ocio,cantar,ATOMIC,VERB,PCIC-09,8. Ocio,A1,A1_INVENTORY,A1_CORE_NORMATIVE,PCIC_A1_EXPLICIT,KEEP,NO,,,https://cvc.cervantes.es/ensenanza/biblioteca_ele/plan_curricular/niveles/09_nociones_especificas_inventario_a1-a2.htm,v1.13
7BV-0034,Ocio,correr,ATOMIC,VERB,PCIC-09,8. Ocio,A1,A1_INVENTORY,A1_CORE_NORMATIVE,PCIC_A1_EXPLICIT,KEEP,NO,,,https://cvc.cervantes.es/ensenanza/biblioteca_ele/plan_curricular/niveles/09_nociones_especificas_inventario_a1-a2.htm,v1.13
7BV-0035,Ocio,escuchar,ATOMIC,VERB,PCIC-09,8. Ocio,A1,A1_INVENTORY,A1_CORE_NORMATIVE,PCIC_A1_EXPLICIT,KEEP,NO,,,https://cvc.cervantes.es/ensenanza/biblioteca_ele/plan_curricular/niveles/09_nociones_especificas_inventario_a1-a2.htm,v1.13
7BV-0036,Ocio,esquiar,ATOMIC,VERB,PCIC-09,8. Ocio,A1,A1_INVENTORY,A1_CORE_NORMATIVE,PCIC_A1_EXPLICIT,KEEP,NO,,,https://cvc.cervantes.es/ensenanza/biblioteca_ele/plan_curricular/niveles/09_nociones_especificas_inventario_a1-a2.htm,v1.13
7BV-0037,Ocio,hacer,ATOMIC,VERB,PCIC-09,8. Ocio,A1,A1_INVENTORY,A1_CORE_NORMATIVE,PCIC_A1_EXPLICIT,KEEP,NO,,,https://cvc.cervantes.es/ensenanza/biblioteca_ele/plan_curricular/niveles/09_nociones_especificas_inventario_a1-a2.htm,v1.13
7BV-0038,Ocio,ir,ATOMIC,VERB,PCIC-09,8. Ocio,A1,A1_INVENTORY,A1_CORE_NORMATIVE,PCIC_A1_EXPLICIT,KEEP,NO,,,https://cvc.cervantes.es/ensenanza/biblioteca_ele/plan_curricular/niveles/09_nociones_especificas_inventario_a1-a2.htm,v1.13
7BV-0039,Ocio,jugar,ATOMIC,VERB,PCIC-09,8. Ocio,A1,A1_INVENTORY,A1_CORE_NORMATIVE,PCIC_A1_EXPLICIT,KEEP,NO,,,https://cvc.cervantes.es/ensenanza/biblioteca_ele/plan_curricular/niveles/09_nociones_especificas_inventario_a1-a2.htm,v1.13
7BV-0040,Ocio,leer,ATOMIC,VERB,PCIC-09,8. Ocio,A1,A1_INVENTORY,A1_CORE_NORMATIVE,PCIC_A1_EXPLICIT,KEEP,NO,,,https://cvc.cervantes.es/ensenanza/biblioteca_ele/plan_curricular/niveles/09_nociones_especificas_inventario_a1-a2.htm,v1.13
7BV-0041,Ocio,nadar,ATOMIC,VERB,PCIC-09,8. Ocio,A1,A1_INVENTORY,A1_CORE_NORMATIVE,PCIC_A1_EXPLICIT,KEEP,NO,,,https://cvc.cervantes.es/ensenanza/biblioteca_ele/plan_curricular/niveles/09_nociones_especificas_inventario_a1-a2.htm,v1.13
7BV-0042,Ocio,ver,ATOMIC,VERB,PCIC-09,8. Ocio,A1,A1_INVENTORY,A1_CORE_NORMATIVE,PCIC_A1_EXPLICIT,KEEP,NO,,,https://cvc.cervantes.es/ensenanza/biblioteca_ele/plan_curricular/niveles/09_nociones_especificas_inventario_a1-a2.htm,v1.13
7BV-0043,Ocio,viajar,ATOMIC,VERB,PCIC-09,8. Ocio,A1,A1_INVENTORY,A1_CORE_NORMATIVE,PCIC_A1_EXPLICIT,KEEP,NO,,,https://cvc.cervantes.es/ensenanza/biblioteca_ele/plan_curricular/niveles/09_nociones_especificas_inventario_a1-a2.htm,v1.13
7BV-0044,Ocio,compañero de juego,MWU,MWU,PCIC-09,8. Ocio,A1,A1_INVENTORY,A1_CORE_NORMATIVE,PCIC_A1_EXPLICIT,KEEP,NO,,,https://cvc.cervantes.es/ensenanza/biblioteca_ele/plan_curricular/niveles/09_nociones_especificas_inventario_a1-a2.htm,v1.13
7BV-0045,Ocio,escuchar la radio,MWU,MWU,PCIC-09,8. Ocio,A1,A1_INVENTORY,A1_CORE_NORMATIVE,PCIC_A1_EXPLICIT,KEEP,NO,,,https://cvc.cervantes.es/ensenanza/biblioteca_ele/plan_curricular/niveles/09_nociones_especificas_inventario_a1-a2.htm,v1.13
7BV-0046,Ocio,escuchar música,MWU,MWU,PCIC-09,8. Ocio,A1,A1_INVENTORY,A1_CORE_NORMATIVE,PCIC_A1_EXPLICIT,KEEP,NO,,,https://cvc.cervantes.es/ensenanza/biblioteca_ele/plan_curricular/niveles/09_nociones_especificas_inventario_a1-a2.htm,v1.13
7BV-0047,Ocio,escuchar una canción,MWU,MWU,PCIC-09,8. Ocio,A1,A1_INVENTORY,A1_CORE_NORMATIVE,PCIC_A1_EXPLICIT,KEEP,NO,,Contexto A1 que autoriza canción sin convertirla en A1 global no cualificado.,https://cvc.cervantes.es/ensenanza/biblioteca_ele/plan_curricular/niveles/09_nociones_especificas_inventario_a1-a2.htm,v1.13
7BV-0048,Ocio,hacer deporte,MWU,MWU,PCIC-09,8. Ocio,A1,A1_INVENTORY,A1_CORE_NORMATIVE,PCIC_A1_EXPLICIT,KEEP,NO,,,https://cvc.cervantes.es/ensenanza/biblioteca_ele/plan_curricular/niveles/09_nociones_especificas_inventario_a1-a2.htm,v1.13
7BV-0049,Ocio,hacer ejercicio,MWU,MWU,PCIC-09,8. Ocio,A1,A1_INVENTORY,A1_CORE_NORMATIVE,PCIC_A1_EXPLICIT,KEEP,NO,,,https://cvc.cervantes.es/ensenanza/biblioteca_ele/plan_curricular/niveles/09_nociones_especificas_inventario_a1-a2.htm,v1.13
7BV-0050,Ocio,hacer gimnasia,MWU,MWU,PCIC-09,8. Ocio,A1,A1_INVENTORY,A1_CORE_NORMATIVE,PCIC_A1_EXPLICIT,KEEP,NO,,,https://cvc.cervantes.es/ensenanza/biblioteca_ele/plan_curricular/niveles/09_nociones_especificas_inventario_a1-a2.htm,v1.13
7BV-0051,Ocio,ir a un bar,MWU,MWU,PCIC-09,8. Ocio,A1,A1_INVENTORY,A1_CORE_NORMATIVE,PCIC_A1_EXPLICIT,KEEP,NO,,,https://cvc.cervantes.es/ensenanza/biblioteca_ele/plan_curricular/niveles/09_nociones_especificas_inventario_a1-a2.htm,v1.13
7BV-0052,Ocio,ir a un café,MWU,MWU,PCIC-09,8. Ocio,A1,A1_INVENTORY,A1_CORE_NORMATIVE,PCIC_A1_EXPLICIT,KEEP,NO,,,https://cvc.cervantes.es/ensenanza/biblioteca_ele/plan_curricular/niveles/09_nociones_especificas_inventario_a1-a2.htm,v1.13
7BV-0053,Ocio,ir a un concierto,MWU,MWU,PCIC-09,8. Ocio,A1,A1_INVENTORY,A1_CORE_NORMATIVE,PCIC_A1_EXPLICIT,KEEP,NO,,,https://cvc.cervantes.es/ensenanza/biblioteca_ele/plan_curricular/niveles/09_nociones_especificas_inventario_a1-a2.htm,v1.13
7BV-0054,Ocio,ir a un museo,MWU,MWU,PCIC-09,8. Ocio,A1,A1_INVENTORY,A1_CORE_NORMATIVE,PCIC_A1_EXPLICIT,KEEP,NO,,,https://cvc.cervantes.es/ensenanza/biblioteca_ele/plan_curricular/niveles/09_nociones_especificas_inventario_a1-a2.htm,v1.13
7BV-0055,Ocio,ir a un restaurante,MWU,MWU,PCIC-09,8. Ocio,A1,A1_INVENTORY,A1_CORE_NORMATIVE,PCIC_A1_EXPLICIT,KEEP,NO,,,https://cvc.cervantes.es/ensenanza/biblioteca_ele/plan_curricular/niveles/09_nociones_especificas_inventario_a1-a2.htm,v1.13
7BV-0056,Ocio,ir a una discoteca,MWU,MWU,PCIC-09,8. Ocio,A1,A1_INVENTORY,A1_CORE_NORMATIVE,PCIC_A1_EXPLICIT,KEEP,NO,,,https://cvc.cervantes.es/ensenanza/biblioteca_ele/plan_curricular/niveles/09_nociones_especificas_inventario_a1-a2.htm,v1.13
7BV-0057,Ocio,ir al cine,MWU,MWU,PCIC-09,8. Ocio,A1,A1_INVENTORY,A1_CORE_NORMATIVE,PCIC_A1_EXPLICIT,KEEP,NO,,,https://cvc.cervantes.es/ensenanza/biblioteca_ele/plan_curricular/niveles/09_nociones_especificas_inventario_a1-a2.htm,v1.13
7BV-0058,Ocio,ir al circo,MWU,MWU,PCIC-09,8. Ocio,A1,A1_INVENTORY,A1_CORE_NORMATIVE,PCIC_A1_EXPLICIT,KEEP,NO,,,https://cvc.cervantes.es/ensenanza/biblioteca_ele/plan_curricular/niveles/09_nociones_especificas_inventario_a1-a2.htm,v1.13
7BV-0059,Ocio,ir al parque,MWU,MWU,PCIC-09,8. Ocio,A1,A1_INVENTORY,A1_CORE_NORMATIVE,PCIC_A1_EXPLICIT,KEEP,NO,,,https://cvc.cervantes.es/ensenanza/biblioteca_ele/plan_curricular/niveles/09_nociones_especificas_inventario_a1-a2.htm,v1.13
7BV-0060,Ocio,ir al teatro,MWU,MWU,PCIC-09,8. Ocio,A1,A1_INVENTORY,A1_CORE_NORMATIVE,PCIC_A1_EXPLICIT,KEEP,NO,,,https://cvc.cervantes.es/ensenanza/biblioteca_ele/plan_curricular/niveles/09_nociones_especificas_inventario_a1-a2.htm,v1.13
7BV-0061,Ocio,jugar al baloncesto,MWU,MWU,PCIC-09,8. Ocio,A1,A1_INVENTORY,A1_CORE_NORMATIVE,PCIC_A1_EXPLICIT,KEEP,NO,,,https://cvc.cervantes.es/ensenanza/biblioteca_ele/plan_curricular/niveles/09_nociones_especificas_inventario_a1-a2.htm,v1.13
7BV-0062,Ocio,jugar al fútbol,MWU,MWU,PCIC-09,8. Ocio,A1,A1_INVENTORY,A1_CORE_NORMATIVE,PCIC_A1_EXPLICIT,KEEP,NO,,,https://cvc.cervantes.es/ensenanza/biblioteca_ele/plan_curricular/niveles/09_nociones_especificas_inventario_a1-a2.htm,v1.13
7BV-0063,Ocio,jugar al tenis,MWU,MWU,PCIC-09,8. Ocio,A1,A1_INVENTORY,A1_CORE_NORMATIVE,PCIC_A1_EXPLICIT,KEEP,NO,,,https://cvc.cervantes.es/ensenanza/biblioteca_ele/plan_curricular/niveles/09_nociones_especificas_inventario_a1-a2.htm,v1.13
7BV-0064,Ocio,leer el periódico,MWU,MWU,PCIC-09,8. Ocio,A1,A1_INVENTORY,A1_CORE_NORMATIVE,PCIC_A1_EXPLICIT,KEEP,NO,,,https://cvc.cervantes.es/ensenanza/biblioteca_ele/plan_curricular/niveles/09_nociones_especificas_inventario_a1-a2.htm,v1.13
7BV-0065,Ocio,leer un libro,MWU,MWU,PCIC-09,8. Ocio,A1,A1_INVENTORY,A1_CORE_NORMATIVE,PCIC_A1_EXPLICIT,KEEP,NO,,,https://cvc.cervantes.es/ensenanza/biblioteca_ele/plan_curricular/niveles/09_nociones_especificas_inventario_a1-a2.htm,v1.13
7BV-0066,Ocio,leer una revista,MWU,MWU,PCIC-09,8. Ocio,A1,A1_INVENTORY,A1_CORE_NORMATIVE,PCIC_A1_EXPLICIT,KEEP,NO,,,https://cvc.cervantes.es/ensenanza/biblioteca_ele/plan_curricular/niveles/09_nociones_especificas_inventario_a1-a2.htm,v1.13
7BV-0067,Ocio,oficina de información,MWU,MWU,PCIC-09,8. Ocio,A1,A1_INVENTORY,A1_CORE_NORMATIVE,PCIC_A1_EXPLICIT,KEEP,NO,,,https://cvc.cervantes.es/ensenanza/biblioteca_ele/plan_curricular/niveles/09_nociones_especificas_inventario_a1-a2.htm,v1.13
7BV-0068,Ocio,oficina de turismo,MWU,MWU,PCIC-09,8. Ocio,A1,A1_INVENTORY,A1_CORE_NORMATIVE,PCIC_A1_EXPLICIT,KEEP,NO,,,https://cvc.cervantes.es/ensenanza/biblioteca_ele/plan_curricular/niveles/09_nociones_especificas_inventario_a1-a2.htm,v1.13
7BV-0069,Ocio,ver la televisión,MWU,MWU,PCIC-09,8. Ocio,A1,A1_INVENTORY,A1_CORE_NORMATIVE,PCIC_A1_EXPLICIT,KEEP,NO,,,https://cvc.cervantes.es/ensenanza/biblioteca_ele/plan_curricular/niveles/09_nociones_especificas_inventario_a1-a2.htm,v1.13
7BV-0070,Ocio,ver una película,MWU,MWU,PCIC-09,8. Ocio,A1,A1_INVENTORY,A1_CORE_NORMATIVE,PCIC_A1_EXPLICIT,KEEP,NO,,,https://cvc.cervantes.es/ensenanza/biblioteca_ele/plan_curricular/niveles/09_nociones_especificas_inventario_a1-a2.htm,v1.13
7BV-0071,Información y medios de comunicación,arroba,ATOMIC,NOUN,PCIC-09,9. Información y medios de comunicación,A1,A1_INVENTORY,A1_CORE_NORMATIVE,PCIC_A1_EXPLICIT,KEEP,NO,,,https://cvc.cervantes.es/ensenanza/biblioteca_ele/plan_curricular/niveles/09_nociones_especificas_inventario_a1-a2.htm,v1.13
7BV-0072,Información y medios de comunicación,carta,ATOMIC,NOUN,PCIC-09,9. Información y medios de comunicación,A1,A1_INVENTORY,A1_CORE_NORMATIVE,PCIC_A1_EXPLICIT,KEEP,NO,,,https://cvc.cervantes.es/ensenanza/biblioteca_ele/plan_curricular/niveles/09_nociones_especificas_inventario_a1-a2.htm,v1.13
7BV-0073,Información y medios de comunicación,correo,ATOMIC,NOUN,PCIC-09,9. Información y medios de comunicación,A1,A1_INVENTORY,A1_CORE_NORMATIVE,PCIC_A1_EXPLICIT,KEEP,NO,,,https://cvc.cervantes.es/ensenanza/biblioteca_ele/plan_curricular/niveles/09_nociones_especificas_inventario_a1-a2.htm,v1.13
7BV-0074,Información y medios de comunicación,guión,ATOMIC,NOUN,PCIC-09,9. Información y medios de comunicación,A1,A1_INVENTORY,A1_CORE_NORMATIVE,PCIC_A1_EXPLICIT,KEEP,NO,,,https://cvc.cervantes.es/ensenanza/biblioteca_ele/plan_curricular/niveles/09_nociones_especificas_inventario_a1-a2.htm,v1.13
7BV-0075,Información y medios de comunicación,Internet,ATOMIC,NOUN,PCIC-09,9. Información y medios de comunicación,A1,A1_INVENTORY,A1_CORE_NORMATIVE,PCIC_A1_EXPLICIT,KEEP,NO,,,https://cvc.cervantes.es/ensenanza/biblioteca_ele/plan_curricular/niveles/09_nociones_especificas_inventario_a1-a2.htm,v1.13
7BV-0076,Información y medios de comunicación,mensaje,ATOMIC,NOUN,PCIC-09,9. Información y medios de comunicación,A1,A1_INVENTORY,A1_CORE_NORMATIVE,PCIC_A1_EXPLICIT,KEEP,NO,,,https://cvc.cervantes.es/ensenanza/biblioteca_ele/plan_curricular/niveles/09_nociones_especificas_inventario_a1-a2.htm,v1.13
7BV-0077,Información y medios de comunicación,número,ATOMIC,NOUN,PCIC-09,9. Información y medios de comunicación,A1,A1_INVENTORY,A1_CORE_NORMATIVE,PCIC_A1_EXPLICIT,KEEP,NO,,,https://cvc.cervantes.es/ensenanza/biblioteca_ele/plan_curricular/niveles/09_nociones_especificas_inventario_a1-a2.htm,v1.13
7BV-0078,Información y medios de comunicación,papel,ATOMIC,NOUN,PCIC-09,9. Información y medios de comunicación,A1,A1_INVENTORY,A1_CORE_NORMATIVE,PCIC_A1_EXPLICIT,KEEP,NO,,,https://cvc.cervantes.es/ensenanza/biblioteca_ele/plan_curricular/niveles/09_nociones_especificas_inventario_a1-a2.htm,v1.13
7BV-0079,Información y medios de comunicación,periódico,ATOMIC,NOUN,PCIC-09,9. Información y medios de comunicación,A1,A1_INVENTORY,A1_CORE_NORMATIVE,PCIC_A1_EXPLICIT,KEEP,NO,,,https://cvc.cervantes.es/ensenanza/biblioteca_ele/plan_curricular/niveles/09_nociones_especificas_inventario_a1-a2.htm,v1.13
7BV-0080,Información y medios de comunicación,postal,ATOMIC,NOUN,PCIC-09,9. Información y medios de comunicación,A1,A1_INVENTORY,A1_CORE_NORMATIVE,PCIC_A1_EXPLICIT,KEEP,NO,,,https://cvc.cervantes.es/ensenanza/biblioteca_ele/plan_curricular/niveles/09_nociones_especificas_inventario_a1-a2.htm,v1.13
7BV-0081,Información y medios de comunicación,punto,ATOMIC,NOUN,PCIC-09,9. Información y medios de comunicación,A1,A1_INVENTORY,A1_CORE_NORMATIVE,PCIC_A1_EXPLICIT,KEEP,NO,,,https://cvc.cervantes.es/ensenanza/biblioteca_ele/plan_curricular/niveles/09_nociones_especificas_inventario_a1-a2.htm,v1.13
7BV-0082,Información y medios de comunicación,página,ATOMIC,NOUN,PCIC-09,9. Información y medios de comunicación,A1,A1_INVENTORY,A1_CORE_NORMATIVE,PCIC_A1_EXPLICIT,KEEP,NO,,,https://cvc.cervantes.es/ensenanza/biblioteca_ele/plan_curricular/niveles/09_nociones_especificas_inventario_a1-a2.htm,v1.13
7BV-0083,Información y medios de comunicación,quiosco,ATOMIC,NOUN,PCIC-09,9. Información y medios de comunicación,A1,A1_INVENTORY,A1_CORE_NORMATIVE,PCIC_A1_EXPLICIT,KEEP,NO,,,https://cvc.cervantes.es/ensenanza/biblioteca_ele/plan_curricular/niveles/09_nociones_especificas_inventario_a1-a2.htm,v1.13
7BV-0084,Información y medios de comunicación,radio,ATOMIC,NOUN,PCIC-09,9. Información y medios de comunicación,A1,A1_INVENTORY,A1_CORE_NORMATIVE,PCIC_A1_EXPLICIT,KEEP,NO,,,https://cvc.cervantes.es/ensenanza/biblioteca_ele/plan_curricular/niveles/09_nociones_especificas_inventario_a1-a2.htm,v1.13
7BV-0085,Información y medios de comunicación,revista,ATOMIC,NOUN,PCIC-09,9. Información y medios de comunicación,A1,A1_INVENTORY,A1_CORE_NORMATIVE,PCIC_A1_EXPLICIT,KEEP,NO,,,https://cvc.cervantes.es/ensenanza/biblioteca_ele/plan_curricular/niveles/09_nociones_especificas_inventario_a1-a2.htm,v1.13
7BV-0086,Información y medios de comunicación,sello,ATOMIC,NOUN,PCIC-09,9. Información y medios de comunicación,A1,A1_INVENTORY,A1_CORE_NORMATIVE,PCIC_A1_EXPLICIT,KEEP,NO,,,https://cvc.cervantes.es/ensenanza/biblioteca_ele/plan_curricular/niveles/09_nociones_especificas_inventario_a1-a2.htm,v1.13
7BV-0087,Información y medios de comunicación,sobre,ATOMIC,NOUN,PCIC-09,9. Información y medios de comunicación,A1,A1_INVENTORY,A1_CORE_NORMATIVE,PCIC_A1_EXPLICIT,KEEP,NO,,,https://cvc.cervantes.es/ensenanza/biblioteca_ele/plan_curricular/niveles/09_nociones_especificas_inventario_a1-a2.htm,v1.13
7BV-0088,Información y medios de comunicación,televisión,ATOMIC,NOUN,PCIC-09,9. Información y medios de comunicación,A1,A1_INVENTORY,A1_CORE_NORMATIVE,PCIC_A1_EXPLICIT,KEEP,NO,,,https://cvc.cervantes.es/ensenanza/biblioteca_ele/plan_curricular/niveles/09_nociones_especificas_inventario_a1-a2.htm,v1.13
7BV-0089,Información y medios de comunicación,teléfono,ATOMIC,NOUN,PCIC-09,9. Información y medios de comunicación,A1,A1_INVENTORY,A1_CORE_NORMATIVE,PCIC_A1_EXPLICIT,KEEP,NO,,,https://cvc.cervantes.es/ensenanza/biblioteca_ele/plan_curricular/niveles/09_nociones_especificas_inventario_a1-a2.htm,v1.13
7BV-0090,Información y medios de comunicación,web,ATOMIC,NOUN,PCIC-09,9. Información y medios de comunicación,A1,A1_INVENTORY,A1_CORE_NORMATIVE,PCIC_A1_EXPLICIT,KEEP,NO,,,https://cvc.cervantes.es/ensenanza/biblioteca_ele/plan_curricular/niveles/09_nociones_especificas_inventario_a1-a2.htm,v1.13
7BV-0091,Información y medios de comunicación,escribir,ATOMIC,VERB,PCIC-09,9. Información y medios de comunicación,A1,A1_INVENTORY,A1_CORE_NORMATIVE,PCIC_A1_EXPLICIT,KEEP,NO,,,https://cvc.cervantes.es/ensenanza/biblioteca_ele/plan_curricular/niveles/09_nociones_especificas_inventario_a1-a2.htm,v1.13
7BV-0092,Información y medios de comunicación,escuchar,ATOMIC,VERB,PCIC-09,9. Información y medios de comunicación,A1,A1_INVENTORY,A1_CORE_NORMATIVE,PCIC_A1_EXPLICIT,KEEP,NO,,,https://cvc.cervantes.es/ensenanza/biblioteca_ele/plan_curricular/niveles/09_nociones_especificas_inventario_a1-a2.htm,v1.13
7BV-0093,Información y medios de comunicación,leer,ATOMIC,VERB,PCIC-09,9. Información y medios de comunicación,A1,A1_INVENTORY,A1_CORE_NORMATIVE,PCIC_A1_EXPLICIT,KEEP,NO,,,https://cvc.cervantes.es/ensenanza/biblioteca_ele/plan_curricular/niveles/09_nociones_especificas_inventario_a1-a2.htm,v1.13
7BV-0094,Información y medios de comunicación,ver,ATOMIC,VERB,PCIC-09,9. Información y medios de comunicación,A1,A1_INVENTORY,A1_CORE_NORMATIVE,PCIC_A1_EXPLICIT,KEEP,NO,,,https://cvc.cervantes.es/ensenanza/biblioteca_ele/plan_curricular/niveles/09_nociones_especificas_inventario_a1-a2.htm,v1.13
7BV-0095,Información y medios de comunicación,bajo,ATOMIC,ADJ,PCIC-09,9. Información y medios de comunicación,A1,A1_INVENTORY,A1_CORE_NORMATIVE,PCIC_A1_EXPLICIT,KEEP,NO,,,https://cvc.cervantes.es/ensenanza/biblioteca_ele/plan_curricular/niveles/09_nociones_especificas_inventario_a1-a2.htm,v1.13
7BV-0096,Información y medios de comunicación,electrónico,ATOMIC,ADJ,PCIC-09,9. Información y medios de comunicación,A1,A1_INVENTORY,A1_CORE_NORMATIVE,PCIC_A1_EXPLICIT,KEEP,NO,,,https://cvc.cervantes.es/ensenanza/biblioteca_ele/plan_curricular/niveles/09_nociones_especificas_inventario_a1-a2.htm,v1.13
7BV-0097,Información y medios de comunicación,fijo,ATOMIC,ADJ,PCIC-09,9. Información y medios de comunicación,A1,A1_INVENTORY,A1_CORE_NORMATIVE,PCIC_A1_EXPLICIT,KEEP,NO,,,https://cvc.cervantes.es/ensenanza/biblioteca_ele/plan_curricular/niveles/09_nociones_especificas_inventario_a1-a2.htm,v1.13
7BV-0098,Información y medios de comunicación,móvil,ATOMIC,ADJ_NOUN,PCIC-09,9. Información y medios de comunicación,A1,A1_INVENTORY,A1_CORE_NORMATIVE,PCIC_A1_EXPLICIT,KEEP,NO,,,https://cvc.cervantes.es/ensenanza/biblioteca_ele/plan_curricular/niveles/09_nociones_especificas_inventario_a1-a2.htm,v1.13
7BV-0099,Información y medios de comunicación,correo electrónico,MWU,MWU,PCIC-09,9. Información y medios de comunicación,A1,A1_INVENTORY,A1_CORE_NORMATIVE,PCIC_A1_EXPLICIT,KEEP,NO,,,https://cvc.cervantes.es/ensenanza/biblioteca_ele/plan_curricular/niveles/09_nociones_especificas_inventario_a1-a2.htm,v1.13
7BV-0100,Información y medios de comunicación,escribir un mensaje electrónico,MWU,MWU,PCIC-09,9. Información y medios de comunicación,A1,A1_INVENTORY,A1_CORE_NORMATIVE,PCIC_A1_EXPLICIT,KEEP,NO,,,https://cvc.cervantes.es/ensenanza/biblioteca_ele/plan_curricular/niveles/09_nociones_especificas_inventario_a1-a2.htm,v1.13
7BV-0101,Información y medios de comunicación,escribir una carta,MWU,MWU,PCIC-09,9. Información y medios de comunicación,A1,A1_INVENTORY,A1_CORE_NORMATIVE,PCIC_A1_EXPLICIT,KEEP,NO,,,https://cvc.cervantes.es/ensenanza/biblioteca_ele/plan_curricular/niveles/09_nociones_especificas_inventario_a1-a2.htm,v1.13
7BV-0102,Información y medios de comunicación,escribir una postal,MWU,MWU,PCIC-09,9. Información y medios de comunicación,A1,A1_INVENTORY,A1_CORE_NORMATIVE,PCIC_A1_EXPLICIT,KEEP,NO,,,https://cvc.cervantes.es/ensenanza/biblioteca_ele/plan_curricular/niveles/09_nociones_especificas_inventario_a1-a2.htm,v1.13
7BV-0103,Información y medios de comunicación,escuchar la radio,MWU,MWU,PCIC-09,9. Información y medios de comunicación,A1,A1_INVENTORY,A1_CORE_NORMATIVE,PCIC_A1_EXPLICIT,KEEP,NO,,,https://cvc.cervantes.es/ensenanza/biblioteca_ele/plan_curricular/niveles/09_nociones_especificas_inventario_a1-a2.htm,v1.13
7BV-0104,Información y medios de comunicación,guión bajo,MWU,MWU,PCIC-09,9. Información y medios de comunicación,A1,A1_INVENTORY,A1_CORE_NORMATIVE,PCIC_A1_EXPLICIT,KEEP,NO,,,https://cvc.cervantes.es/ensenanza/biblioteca_ele/plan_curricular/niveles/09_nociones_especificas_inventario_a1-a2.htm,v1.13
7BV-0105,Información y medios de comunicación,leer un periódico,MWU,MWU,PCIC-09,9. Información y medios de comunicación,A1,A1_INVENTORY,A1_CORE_NORMATIVE,PCIC_A1_EXPLICIT,KEEP,NO,,,https://cvc.cervantes.es/ensenanza/biblioteca_ele/plan_curricular/niveles/09_nociones_especificas_inventario_a1-a2.htm,v1.13
7BV-0106,Información y medios de comunicación,leer una revista,MWU,MWU,PCIC-09,9. Información y medios de comunicación,A1,A1_INVENTORY,A1_CORE_NORMATIVE,PCIC_A1_EXPLICIT,KEEP,NO,,,https://cvc.cervantes.es/ensenanza/biblioteca_ele/plan_curricular/niveles/09_nociones_especificas_inventario_a1-a2.htm,v1.13
7BV-0107,Información y medios de comunicación,número de teléfono,MWU,MWU,PCIC-09,9. Información y medios de comunicación,A1,A1_INVENTORY,A1_CORE_NORMATIVE,PCIC_A1_EXPLICIT,KEEP,NO,,,https://cvc.cervantes.es/ensenanza/biblioteca_ele/plan_curricular/niveles/09_nociones_especificas_inventario_a1-a2.htm,v1.13
7BV-0108,Información y medios de comunicación,página web,MWU,MWU,PCIC-09,9. Información y medios de comunicación,A1,A1_INVENTORY,A1_CORE_NORMATIVE,PCIC_A1_EXPLICIT,KEEP,NO,,,https://cvc.cervantes.es/ensenanza/biblioteca_ele/plan_curricular/niveles/09_nociones_especificas_inventario_a1-a2.htm,v1.13
7BV-0109,Información y medios de comunicación,teléfono fijo,MWU,MWU,PCIC-09,9. Información y medios de comunicación,A1,A1_INVENTORY,A1_CORE_NORMATIVE,PCIC_A1_EXPLICIT,KEEP,NO,,,https://cvc.cervantes.es/ensenanza/biblioteca_ele/plan_curricular/niveles/09_nociones_especificas_inventario_a1-a2.htm,v1.13
7BV-0110,Información y medios de comunicación,teléfono móvil,MWU,MWU,PCIC-09,9. Información y medios de comunicación,A1,A1_INVENTORY,A1_CORE_NORMATIVE,PCIC_A1_EXPLICIT,KEEP,NO,,,https://cvc.cervantes.es/ensenanza/biblioteca_ele/plan_curricular/niveles/09_nociones_especificas_inventario_a1-a2.htm,v1.13
7BV-0111,Información y medios de comunicación,ver la televisión,MWU,MWU,PCIC-09,9. Información y medios de comunicación,A1,A1_INVENTORY,A1_CORE_NORMATIVE,PCIC_A1_EXPLICIT,KEEP,NO,,,https://cvc.cervantes.es/ensenanza/biblioteca_ele/plan_curricular/niveles/09_nociones_especificas_inventario_a1-a2.htm,v1.13
7BV-0112,Ciencia y tecnología,correo,ATOMIC,NOUN,PCIC-09,16. Ciencia y tecnología,A1,A1_INVENTORY,A1_CORE_NORMATIVE,PCIC_A1_EXPLICIT,KEEP,NO,,,https://cvc.cervantes.es/ensenanza/biblioteca_ele/plan_curricular/niveles/09_nociones_especificas_inventario_a1-a2.htm,v1.13
7BV-0113,Ciencia y tecnología,Internet,ATOMIC,NOUN,PCIC-09,16. Ciencia y tecnología,A1,A1_INVENTORY,A1_CORE_NORMATIVE,PCIC_A1_EXPLICIT,KEEP,NO,,,https://cvc.cervantes.es/ensenanza/biblioteca_ele/plan_curricular/niveles/09_nociones_especificas_inventario_a1-a2.htm,v1.13
7BV-0114,Ciencia y tecnología,número,ATOMIC,NOUN,PCIC-09,16. Ciencia y tecnología,A1,A1_INVENTORY,A1_CORE_NORMATIVE,PCIC_A1_EXPLICIT,KEEP,NO,,,https://cvc.cervantes.es/ensenanza/biblioteca_ele/plan_curricular/niveles/09_nociones_especificas_inventario_a1-a2.htm,v1.13
7BV-0115,Ciencia y tecnología,ordenador,ATOMIC,NOUN,PCIC-09,16. Ciencia y tecnología,A1,A1_INVENTORY,A1_CORE_NORMATIVE,PCIC_A1_EXPLICIT,KEEP,NO,,,https://cvc.cervantes.es/ensenanza/biblioteca_ele/plan_curricular/niveles/09_nociones_especificas_inventario_a1-a2.htm,v1.13
7BV-0116,Ciencia y tecnología,página,ATOMIC,NOUN,PCIC-09,16. Ciencia y tecnología,A1,A1_INVENTORY,A1_CORE_NORMATIVE,PCIC_A1_EXPLICIT,KEEP,NO,,,https://cvc.cervantes.es/ensenanza/biblioteca_ele/plan_curricular/niveles/09_nociones_especificas_inventario_a1-a2.htm,v1.13
7BV-0117,Ciencia y tecnología,web,ATOMIC,NOUN,PCIC-09,16. Ciencia y tecnología,A1,A1_INVENTORY,A1_CORE_NORMATIVE,PCIC_A1_EXPLICIT,KEEP,NO,,,https://cvc.cervantes.es/ensenanza/biblioteca_ele/plan_curricular/niveles/09_nociones_especificas_inventario_a1-a2.htm,v1.13
7BV-0118,Ciencia y tecnología,electrónico,ATOMIC,ADJ,PCIC-09,16. Ciencia y tecnología,A1,A1_INVENTORY,A1_CORE_NORMATIVE,PCIC_A1_EXPLICIT,KEEP,NO,,,https://cvc.cervantes.es/ensenanza/biblioteca_ele/plan_curricular/niveles/09_nociones_especificas_inventario_a1-a2.htm,v1.13
7BV-0119,Ciencia y tecnología,correo electrónico,MWU,MWU,PCIC-09,16. Ciencia y tecnología,A1,A1_INVENTORY,A1_CORE_NORMATIVE,PCIC_A1_EXPLICIT,KEEP,NO,,,https://cvc.cervantes.es/ensenanza/biblioteca_ele/plan_curricular/niveles/09_nociones_especificas_inventario_a1-a2.htm,v1.13
7BV-0120,Ciencia y tecnología,página web,MWU,MWU,PCIC-09,16. Ciencia y tecnología,A1,A1_INVENTORY,A1_CORE_NORMATIVE,PCIC_A1_EXPLICIT,KEEP,NO,,,https://cvc.cervantes.es/ensenanza/biblioteca_ele/plan_curricular/niveles/09_nociones_especificas_inventario_a1-a2.htm,v1.13
7BV-0121,Actividades artísticas,actor,ATOMIC,NOUN,PCIC-09,18. Actividades artísticas,A1,A1_INVENTORY,A1_CORE_NORMATIVE,PCIC_A1_EXPLICIT,KEEP,NO,,,https://cvc.cervantes.es/ensenanza/biblioteca_ele/plan_curricular/niveles/09_nociones_especificas_inventario_a1-a2.htm,v1.13
7BV-0122,Actividades artísticas,actriz,ATOMIC,NOUN,PCIC-09,18. Actividades artísticas,A1,A1_INVENTORY,A1_CORE_NORMATIVE,PCIC_A1_EXPLICIT,KEEP,NO,,,https://cvc.cervantes.es/ensenanza/biblioteca_ele/plan_curricular/niveles/09_nociones_especificas_inventario_a1-a2.htm,v1.13
7BV-0123,Actividades artísticas,cantante,ATOMIC,NOUN,PCIC-09,18. Actividades artísticas,A1,A1_INVENTORY,A1_CORE_NORMATIVE,PCIC_A1_EXPLICIT,KEEP,NO,,,https://cvc.cervantes.es/ensenanza/biblioteca_ele/plan_curricular/niveles/09_nociones_especificas_inventario_a1-a2.htm,v1.13
7BV-0124,Actividades artísticas,catedral,ATOMIC,NOUN,PCIC-09,18. Actividades artísticas,A1,A1_INVENTORY,A1_CORE_NORMATIVE,PCIC_A1_EXPLICIT,KEEP,NO,,A1 en Actividades artísticas; A2 en Ciudad. Conservar por SOURCE_ASSERTION.,https://cvc.cervantes.es/ensenanza/biblioteca_ele/plan_curricular/niveles/09_nociones_especificas_inventario_a1-a2.htm,v1.13
7BV-0125,Actividades artísticas,cine,ATOMIC,NOUN,PCIC-09,18. Actividades artísticas,A1,A1_INVENTORY,A1_CORE_NORMATIVE,PCIC_A1_EXPLICIT,KEEP,NO,,,https://cvc.cervantes.es/ensenanza/biblioteca_ele/plan_curricular/niveles/09_nociones_especificas_inventario_a1-a2.htm,v1.13
7BV-0126,Actividades artísticas,concierto,ATOMIC,NOUN,PCIC-09,18. Actividades artísticas,A1,A1_INVENTORY,A1_CORE_NORMATIVE,PCIC_A1_EXPLICIT,KEEP,NO,,,https://cvc.cervantes.es/ensenanza/biblioteca_ele/plan_curricular/niveles/09_nociones_especificas_inventario_a1-a2.htm,v1.13
7BV-0127,Actividades artísticas,edificio,ATOMIC,NOUN,PCIC-09,18. Actividades artísticas,A1,A1_INVENTORY,A1_CORE_NORMATIVE,PCIC_A1_EXPLICIT,KEEP,NO,,,https://cvc.cervantes.es/ensenanza/biblioteca_ele/plan_curricular/niveles/09_nociones_especificas_inventario_a1-a2.htm,v1.13
7BV-0128,Actividades artísticas,exposición,ATOMIC,NOUN,PCIC-09,18. Actividades artísticas,A1,A1_INVENTORY,A1_CORE_NORMATIVE,PCIC_A1_EXPLICIT,KEEP,NO,,A1 en Actividades artísticas; A2 en Ocio/espectáculos. Conservar por SOURCE_ASSERTION.,https://cvc.cervantes.es/ensenanza/biblioteca_ele/plan_curricular/niveles/09_nociones_especificas_inventario_a1-a2.htm,v1.13
7BV-0129,Actividades artísticas,foto,ATOMIC,NOUN,PCIC-09,18. Actividades artísticas,A1,A1_INVENTORY,A1_CORE_NORMATIVE,PCIC_A1_EXPLICIT,KEEP,NO,,,https://cvc.cervantes.es/ensenanza/biblioteca_ele/plan_curricular/niveles/09_nociones_especificas_inventario_a1-a2.htm,v1.13
7BV-0130,Actividades artísticas,iglesia,ATOMIC,NOUN,PCIC-09,18. Actividades artísticas,A1,A1_INVENTORY,A1_CORE_NORMATIVE,PCIC_A1_EXPLICIT,KEEP,NO,,,https://cvc.cervantes.es/ensenanza/biblioteca_ele/plan_curricular/niveles/09_nociones_especificas_inventario_a1-a2.htm,v1.13
7BV-0131,Actividades artísticas,libro,ATOMIC,NOUN,PCIC-09,18. Actividades artísticas,A1,A1_INVENTORY,A1_CORE_NORMATIVE,PCIC_A1_EXPLICIT,KEEP,NO,,,https://cvc.cervantes.es/ensenanza/biblioteca_ele/plan_curricular/niveles/09_nociones_especificas_inventario_a1-a2.htm,v1.13
7BV-0132,Actividades artísticas,monumento,ATOMIC,NOUN,PCIC-09,18. Actividades artísticas,A1,A1_INVENTORY,A1_CORE_NORMATIVE,PCIC_A1_EXPLICIT,KEEP,NO,,A1 en Actividades artísticas; A2 en Ciudad. Conservar por SOURCE_ASSERTION.,https://cvc.cervantes.es/ensenanza/biblioteca_ele/plan_curricular/niveles/09_nociones_especificas_inventario_a1-a2.htm,v1.13
7BV-0133,Actividades artísticas,museo,ATOMIC,NOUN,PCIC-09,18. Actividades artísticas,A1,A1_INVENTORY,A1_CORE_NORMATIVE,PCIC_A1_EXPLICIT,KEEP,NO,,,https://cvc.cervantes.es/ensenanza/biblioteca_ele/plan_curricular/niveles/09_nociones_especificas_inventario_a1-a2.htm,v1.13
7BV-0134,Actividades artísticas,música,ATOMIC,NOUN,PCIC-09,18. Actividades artísticas,A1,A1_INVENTORY,A1_CORE_NORMATIVE,PCIC_A1_EXPLICIT,KEEP,NO,,,https://cvc.cervantes.es/ensenanza/biblioteca_ele/plan_curricular/niveles/09_nociones_especificas_inventario_a1-a2.htm,v1.13
7BV-0135,Actividades artísticas,película,ATOMIC,NOUN,PCIC-09,18. Actividades artísticas,A1,A1_INVENTORY,A1_CORE_NORMATIVE,PCIC_A1_EXPLICIT,KEEP,NO,,,https://cvc.cervantes.es/ensenanza/biblioteca_ele/plan_curricular/niveles/09_nociones_especificas_inventario_a1-a2.htm,v1.13
7BV-0136,Actividades artísticas,teatro,ATOMIC,NOUN,PCIC-09,18. Actividades artísticas,A1,A1_INVENTORY,A1_CORE_NORMATIVE,PCIC_A1_EXPLICIT,KEEP,NO,,,https://cvc.cervantes.es/ensenanza/biblioteca_ele/plan_curricular/niveles/09_nociones_especificas_inventario_a1-a2.htm,v1.13
7BV-0137,Actividades artísticas,bailar,ATOMIC,VERB,PCIC-09,18. Actividades artísticas,A1,A1_INVENTORY,A1_CORE_NORMATIVE,PCIC_A1_EXPLICIT,KEEP,NO,,,https://cvc.cervantes.es/ensenanza/biblioteca_ele/plan_curricular/niveles/09_nociones_especificas_inventario_a1-a2.htm,v1.13
7BV-0138,Actividades artísticas,cantar,ATOMIC,VERB,PCIC-09,18. Actividades artísticas,A1,A1_INVENTORY,A1_CORE_NORMATIVE,PCIC_A1_EXPLICIT,KEEP,NO,,,https://cvc.cervantes.es/ensenanza/biblioteca_ele/plan_curricular/niveles/09_nociones_especificas_inventario_a1-a2.htm,v1.13
7BV-0139,Actividades artísticas,escribir,ATOMIC,VERB,PCIC-09,18. Actividades artísticas,A1,A1_INVENTORY,A1_CORE_NORMATIVE,PCIC_A1_EXPLICIT,KEEP,NO,,,https://cvc.cervantes.es/ensenanza/biblioteca_ele/plan_curricular/niveles/09_nociones_especificas_inventario_a1-a2.htm,v1.13
7BV-0140,Actividades artísticas,escuchar,ATOMIC,VERB,PCIC-09,18. Actividades artísticas,A1,A1_INVENTORY,A1_CORE_NORMATIVE,PCIC_A1_EXPLICIT,KEEP,NO,,,https://cvc.cervantes.es/ensenanza/biblioteca_ele/plan_curricular/niveles/09_nociones_especificas_inventario_a1-a2.htm,v1.13
7BV-0141,Actividades artísticas,ir,ATOMIC,VERB,PCIC-09,18. Actividades artísticas,A1,A1_INVENTORY,A1_CORE_NORMATIVE,PCIC_A1_EXPLICIT,KEEP,NO,,,https://cvc.cervantes.es/ensenanza/biblioteca_ele/plan_curricular/niveles/09_nociones_especificas_inventario_a1-a2.htm,v1.13
7BV-0142,Actividades artísticas,leer,ATOMIC,VERB,PCIC-09,18. Actividades artísticas,A1,A1_INVENTORY,A1_CORE_NORMATIVE,PCIC_A1_EXPLICIT,KEEP,NO,,,https://cvc.cervantes.es/ensenanza/biblioteca_ele/plan_curricular/niveles/09_nociones_especificas_inventario_a1-a2.htm,v1.13
7BV-0143,Actividades artísticas,ser,ATOMIC,VERB,PCIC-09,18. Actividades artísticas,A1,A1_INVENTORY,A1_CORE_NORMATIVE,PCIC_A1_EXPLICIT,KEEP,NO,,,https://cvc.cervantes.es/ensenanza/biblioteca_ele/plan_curricular/niveles/09_nociones_especificas_inventario_a1-a2.htm,v1.13
7BV-0144,Actividades artísticas,bonito,ATOMIC,ADJ,PCIC-09,18. Actividades artísticas,A1,A1_INVENTORY,A1_CORE_NORMATIVE,PCIC_A1_EXPLICIT,KEEP,NO,,,https://cvc.cervantes.es/ensenanza/biblioteca_ele/plan_curricular/niveles/09_nociones_especificas_inventario_a1-a2.htm,v1.13
7BV-0145,Actividades artísticas,feo,ATOMIC,ADJ,PCIC-09,18. Actividades artísticas,A1,A1_INVENTORY,A1_CORE_NORMATIVE,PCIC_A1_EXPLICIT,KEEP,NO,,,https://cvc.cervantes.es/ensenanza/biblioteca_ele/plan_curricular/niveles/09_nociones_especificas_inventario_a1-a2.htm,v1.13
7BV-0146,Actividades artísticas,interesante,ATOMIC,ADJ,PCIC-09,18. Actividades artísticas,A1,A1_INVENTORY,A1_CORE_NORMATIVE,PCIC_A1_EXPLICIT,KEEP,NO,,,https://cvc.cervantes.es/ensenanza/biblioteca_ele/plan_curricular/niveles/09_nociones_especificas_inventario_a1-a2.htm,v1.13
7BV-0147,Actividades artísticas,escuchar música,MWU,MWU,PCIC-09,18. Actividades artísticas,A1,A1_INVENTORY,A1_CORE_NORMATIVE,PCIC_A1_EXPLICIT,KEEP,NO,,,https://cvc.cervantes.es/ensenanza/biblioteca_ele/plan_curricular/niveles/09_nociones_especificas_inventario_a1-a2.htm,v1.13
7BV-0148,Actividades artísticas,ir a un concierto,MWU,MWU,PCIC-09,18. Actividades artísticas,A1,A1_INVENTORY,A1_CORE_NORMATIVE,PCIC_A1_EXPLICIT,KEEP,NO,,,https://cvc.cervantes.es/ensenanza/biblioteca_ele/plan_curricular/niveles/09_nociones_especificas_inventario_a1-a2.htm,v1.13
7BV-0149,Actividades artísticas,ir al cine,MWU,MWU,PCIC-09,18. Actividades artísticas,A1,A1_INVENTORY,A1_CORE_NORMATIVE,PCIC_A1_EXPLICIT,KEEP,NO,,,https://cvc.cervantes.es/ensenanza/biblioteca_ele/plan_curricular/niveles/09_nociones_especificas_inventario_a1-a2.htm,v1.13
7BV-0150,Actividades artísticas,ir al teatro,MWU,MWU,PCIC-09,18. Actividades artísticas,A1,A1_INVENTORY,A1_CORE_NORMATIVE,PCIC_A1_EXPLICIT,KEEP,NO,,,https://cvc.cervantes.es/ensenanza/biblioteca_ele/plan_curricular/niveles/09_nociones_especificas_inventario_a1-a2.htm,v1.13
7BV-0151,Actividades artísticas,ser bonito,MWU,MWU,PCIC-09,18. Actividades artísticas,A1,A1_INVENTORY,A1_CORE_NORMATIVE,PCIC_A1_EXPLICIT,KEEP,NO,,,https://cvc.cervantes.es/ensenanza/biblioteca_ele/plan_curricular/niveles/09_nociones_especificas_inventario_a1-a2.htm,v1.13
7BV-0152,Actividades artísticas,ser feo,MWU,MWU,PCIC-09,18. Actividades artísticas,A1,A1_INVENTORY,A1_CORE_NORMATIVE,PCIC_A1_EXPLICIT,KEEP,NO,,,https://cvc.cervantes.es/ensenanza/biblioteca_ele/plan_curricular/niveles/09_nociones_especificas_inventario_a1-a2.htm,v1.13
7BV-0153,Actividades artísticas,ser interesante,MWU,MWU,PCIC-09,18. Actividades artísticas,A1,A1_INVENTORY,A1_CORE_NORMATIVE,PCIC_A1_EXPLICIT,KEEP,NO,,,https://cvc.cervantes.es/ensenanza/biblioteca_ele/plan_curricular/niveles/09_nociones_especificas_inventario_a1-a2.htm,v1.13
7BV-0154,Ocio,tiempo libre,MWU,MWU,PCIC-09,8. Ocio — columna A2,A2,A2_BOUNDARY,EXCLUDED_FROM_A1_BY_THIS_ASSERTION,PCIC_A2_BLOCK,DO_NOT_PROMOTE,YES,,,https://cvc.cervantes.es/ensenanza/biblioteca_ele/plan_curricular/niveles/09_nociones_especificas_inventario_a1-a2.htm,v1.13
7BV-0155,Ocio,afición,ATOMIC,NOUN,PCIC-09,8. Ocio — columna A2,A2,A2_BOUNDARY,EXCLUDED_FROM_A1_BY_THIS_ASSERTION,PCIC_A2_BLOCK,DO_NOT_PROMOTE,YES,,,https://cvc.cervantes.es/ensenanza/biblioteca_ele/plan_curricular/niveles/09_nociones_especificas_inventario_a1-a2.htm,v1.13
7BV-0156,Ocio,hobby,ATOMIC,NOUN,PCIC-09,8. Ocio — columna A2,A2,A2_BOUNDARY,EXCLUDED_FROM_A1_BY_THIS_ASSERTION,PCIC_A2_BLOCK,DO_NOT_PROMOTE,YES,,,https://cvc.cervantes.es/ensenanza/biblioteca_ele/plan_curricular/niveles/09_nociones_especificas_inventario_a1-a2.htm,v1.13
7BV-0157,Ocio,parque de atracciones,MWU,MWU,PCIC-09,8. Ocio — columna A2,A2,A2_BOUNDARY,EXCLUDED_FROM_A1_BY_THIS_ASSERTION,PCIC_A2_BLOCK,DO_NOT_PROMOTE,YES,,,https://cvc.cervantes.es/ensenanza/biblioteca_ele/plan_curricular/niveles/09_nociones_especificas_inventario_a1-a2.htm,v1.13
7BV-0158,Ocio,zoológico,ATOMIC,NOUN,PCIC-09,8. Ocio — columna A2,A2,A2_BOUNDARY,EXCLUDED_FROM_A1_BY_THIS_ASSERTION,PCIC_A2_BLOCK,DO_NOT_PROMOTE,YES,,,https://cvc.cervantes.es/ensenanza/biblioteca_ele/plan_curricular/niveles/09_nociones_especificas_inventario_a1-a2.htm,v1.13
7BV-0159,Ocio,zoo,ATOMIC,NOUN,PCIC-09,8. Ocio — columna A2,A2,A2_BOUNDARY,EXCLUDED_FROM_A1_BY_THIS_ASSERTION,PCIC_A2_BLOCK,DO_NOT_PROMOTE,YES,,,https://cvc.cervantes.es/ensenanza/biblioteca_ele/plan_curricular/niveles/09_nociones_especificas_inventario_a1-a2.htm,v1.13
7BV-0160,Ocio,invitar,ATOMIC,VERB,PCIC-09,8. Ocio — columna A2,A2,A2_BOUNDARY,EXCLUDED_FROM_A1_BY_THIS_ASSERTION,PCIC_A2_BLOCK,DO_NOT_PROMOTE,YES,,,https://cvc.cervantes.es/ensenanza/biblioteca_ele/plan_curricular/niveles/09_nociones_especificas_inventario_a1-a2.htm,v1.13
7BV-0161,Ocio,quedar,ATOMIC,VERB,PCIC-09,8. Ocio — columna A2,A2,A2_BOUNDARY,EXCLUDED_FROM_A1_BY_THIS_ASSERTION,PCIC_A2_BLOCK,DO_NOT_PROMOTE,YES,,,https://cvc.cervantes.es/ensenanza/biblioteca_ele/plan_curricular/niveles/09_nociones_especificas_inventario_a1-a2.htm,v1.13
7BV-0162,Ocio,ir de paseo,MWU,MWU,PCIC-09,8. Ocio — columna A2,A2,A2_BOUNDARY,EXCLUDED_FROM_A1_BY_THIS_ASSERTION,PCIC_A2_BLOCK,DO_NOT_PROMOTE,YES,,,https://cvc.cervantes.es/ensenanza/biblioteca_ele/plan_curricular/niveles/09_nociones_especificas_inventario_a1-a2.htm,v1.13
7BV-0163,Ocio,ir de compras,MWU,MWU,PCIC-09,8. Ocio — columna A2,A2,A2_BOUNDARY,EXCLUDED_FROM_A1_BY_THIS_ASSERTION,PCIC_A2_BLOCK,DO_NOT_PROMOTE,YES,,,https://cvc.cervantes.es/ensenanza/biblioteca_ele/plan_curricular/niveles/09_nociones_especificas_inventario_a1-a2.htm,v1.13
7BV-0164,Ocio,ir de excursión,MWU,MWU,PCIC-09,8. Ocio — columna A2,A2,A2_BOUNDARY,EXCLUDED_FROM_A1_BY_THIS_ASSERTION,PCIC_A2_BLOCK,DO_NOT_PROMOTE,YES,,,https://cvc.cervantes.es/ensenanza/biblioteca_ele/plan_curricular/niveles/09_nociones_especificas_inventario_a1-a2.htm,v1.13
7BV-0165,Ocio,pasear,ATOMIC,VERB,PCIC-09,8. Ocio — columna A2,A2,A2_BOUNDARY,EXCLUDED_FROM_A1_BY_THIS_ASSERTION,PCIC_A2_BLOCK,DO_NOT_PROMOTE,YES,,,https://cvc.cervantes.es/ensenanza/biblioteca_ele/plan_curricular/niveles/09_nociones_especificas_inventario_a1-a2.htm,v1.13
7BV-0166,Ocio,caminar,ATOMIC,VERB,PCIC-09,8. Ocio — columna A2,A2,A2_BOUNDARY,EXCLUDED_FROM_A1_BY_THIS_ASSERTION,PCIC_A2_BLOCK,DO_NOT_PROMOTE,YES,,,https://cvc.cervantes.es/ensenanza/biblioteca_ele/plan_curricular/niveles/09_nociones_especificas_inventario_a1-a2.htm,v1.13
7BV-0167,Ocio,tener una cita,MWU,MWU,PCIC-09,8. Ocio — columna A2,A2,A2_BOUNDARY,EXCLUDED_FROM_A1_BY_THIS_ASSERTION,PCIC_A2_BLOCK,DO_NOT_PROMOTE,YES,,,https://cvc.cervantes.es/ensenanza/biblioteca_ele/plan_curricular/niveles/09_nociones_especificas_inventario_a1-a2.htm,v1.13
7BV-0168,Ocio,tener planes,MWU,MWU,PCIC-09,8. Ocio — columna A2,A2,A2_BOUNDARY,EXCLUDED_FROM_A1_BY_THIS_ASSERTION,PCIC_A2_BLOCK,DO_NOT_PROMOTE,YES,,,https://cvc.cervantes.es/ensenanza/biblioteca_ele/plan_curricular/niveles/09_nociones_especificas_inventario_a1-a2.htm,v1.13
7BV-0169,Ocio,salir con amigos,MWU,MWU,PCIC-09,8. Ocio — columna A2,A2,A2_BOUNDARY,EXCLUDED_FROM_A1_BY_THIS_ASSERTION,PCIC_A2_BLOCK,DO_NOT_PROMOTE,YES,,,https://cvc.cervantes.es/ensenanza/biblioteca_ele/plan_curricular/niveles/09_nociones_especificas_inventario_a1-a2.htm,v1.13
7BV-0170,Ocio,tomar algo,MWU,MWU,PCIC-09,8. Ocio — columna A2,A2,A2_BOUNDARY,EXCLUDED_FROM_A1_BY_THIS_ASSERTION,PCIC_A2_BLOCK,DO_NOT_PROMOTE,YES,,,https://cvc.cervantes.es/ensenanza/biblioteca_ele/plan_curricular/niveles/09_nociones_especificas_inventario_a1-a2.htm,v1.13
7BV-0171,Ocio,tomar un café,MWU,MWU,PCIC-09,8. Ocio — columna A2,A2,A2_BOUNDARY,EXCLUDED_FROM_A1_BY_THIS_ASSERTION,PCIC_A2_BLOCK,DO_NOT_PROMOTE,YES,,,https://cvc.cervantes.es/ensenanza/biblioteca_ele/plan_curricular/niveles/09_nociones_especificas_inventario_a1-a2.htm,v1.13
7BV-0172,Ocio,tomar una caña,MWU,MWU,PCIC-09,8. Ocio — columna A2,A2,A2_BOUNDARY,EXCLUDED_FROM_A1_BY_THIS_ASSERTION,PCIC_A2_BLOCK,DO_NOT_PROMOTE,YES,,,https://cvc.cervantes.es/ensenanza/biblioteca_ele/plan_curricular/niveles/09_nociones_especificas_inventario_a1-a2.htm,v1.13
7BV-0173,Ocio,tomar una copa,MWU,MWU,PCIC-09,8. Ocio — columna A2,A2,A2_BOUNDARY,EXCLUDED_FROM_A1_BY_THIS_ASSERTION,PCIC_A2_BLOCK,DO_NOT_PROMOTE,YES,,,https://cvc.cervantes.es/ensenanza/biblioteca_ele/plan_curricular/niveles/09_nociones_especificas_inventario_a1-a2.htm,v1.13
7BV-0174,Ocio,entrada,ATOMIC,NOUN,PCIC-09,8. Ocio — columna A2,A2,A2_BOUNDARY,EXCLUDED_FROM_A1_BY_THIS_ASSERTION,PCIC_A2_BLOCK,DO_NOT_PROMOTE,YES,,,https://cvc.cervantes.es/ensenanza/biblioteca_ele/plan_curricular/niveles/09_nociones_especificas_inventario_a1-a2.htm,v1.13
7BV-0175,Ocio,invitación,ATOMIC,NOUN,PCIC-09,8. Ocio — columna A2,A2,A2_BOUNDARY,EXCLUDED_FROM_A1_BY_THIS_ASSERTION,PCIC_A2_BLOCK,DO_NOT_PROMOTE,YES,,,https://cvc.cervantes.es/ensenanza/biblioteca_ele/plan_curricular/niveles/09_nociones_especificas_inventario_a1-a2.htm,v1.13
7BV-0176,Ocio,programa,ATOMIC,NOUN,PCIC-09,8. Ocio — columna A2,A2,A2_BOUNDARY,EXCLUDED_FROM_A1_BY_THIS_ASSERTION,PCIC_A2_BLOCK,DO_NOT_PROMOTE,YES,,,https://cvc.cervantes.es/ensenanza/biblioteca_ele/plan_curricular/niveles/09_nociones_especificas_inventario_a1-a2.htm,v1.13
7BV-0177,Ocio,exposición,ATOMIC,NOUN,PCIC-09,8. Ocio — columna A2,A2,A2_BOUNDARY,EXCLUDED_FROM_A1_BY_THIS_ASSERTION,PCIC_A2_BLOCK,KEEP_IF_OTHER_A1_ASSERTION,YES,,Esta forma tiene A1 independiente en Actividades artísticas.,https://cvc.cervantes.es/ensenanza/biblioteca_ele/plan_curricular/niveles/09_nociones_especificas_inventario_a1-a2.htm,v1.13
7BV-0178,Ocio,obra de teatro,MWU,MWU,PCIC-09,8. Ocio — columna A2,A2,A2_BOUNDARY,EXCLUDED_FROM_A1_BY_THIS_ASSERTION,PCIC_A2_BLOCK,DO_NOT_PROMOTE,YES,,,https://cvc.cervantes.es/ensenanza/biblioteca_ele/plan_curricular/niveles/09_nociones_especificas_inventario_a1-a2.htm,v1.13
7BV-0179,Ocio,ópera,ATOMIC,NOUN,PCIC-09,8. Ocio — columna A2,A2,A2_BOUNDARY,EXCLUDED_FROM_A1_BY_THIS_ASSERTION,PCIC_A2_BLOCK,DO_NOT_PROMOTE,YES,,,https://cvc.cervantes.es/ensenanza/biblioteca_ele/plan_curricular/niveles/09_nociones_especificas_inventario_a1-a2.htm,v1.13
7BV-0180,Ocio,musical,ATOMIC,NOUN,PCIC-09,8. Ocio — columna A2,A2,A2_BOUNDARY,EXCLUDED_FROM_A1_BY_THIS_ASSERTION,PCIC_A2_BLOCK,DO_NOT_PROMOTE,YES,,,https://cvc.cervantes.es/ensenanza/biblioteca_ele/plan_curricular/niveles/09_nociones_especificas_inventario_a1-a2.htm,v1.13
7BV-0181,Ocio,gimnasio,ATOMIC,NOUN,PCIC-09,8. Ocio — columna A2,A2,A2_BOUNDARY,EXCLUDED_FROM_A1_BY_THIS_ASSERTION,PCIC_A2_BLOCK,DO_NOT_PROMOTE,YES,,,https://cvc.cervantes.es/ensenanza/biblioteca_ele/plan_curricular/niveles/09_nociones_especificas_inventario_a1-a2.htm,v1.13
7BV-0182,Ocio,piscina,ATOMIC,NOUN,PCIC-09,8. Ocio — columna A2,A2,A2_BOUNDARY,EXCLUDED_FROM_A1_BY_THIS_ASSERTION,PCIC_A2_BLOCK,DO_NOT_PROMOTE,YES,,,https://cvc.cervantes.es/ensenanza/biblioteca_ele/plan_curricular/niveles/09_nociones_especificas_inventario_a1-a2.htm,v1.13
7BV-0183,Ocio,practicar un deporte,MWU,MWU,PCIC-09,8. Ocio — columna A2,A2,A2_BOUNDARY,EXCLUDED_FROM_A1_BY_THIS_ASSERTION,PCIC_A2_BLOCK,DO_NOT_PROMOTE,YES,,,https://cvc.cervantes.es/ensenanza/biblioteca_ele/plan_curricular/niveles/09_nociones_especificas_inventario_a1-a2.htm,v1.13
7BV-0184,Ocio,montar en bicicleta,MWU,MWU,PCIC-09,8. Ocio — columna A2,A2,A2_BOUNDARY,EXCLUDED_FROM_A1_BY_THIS_ASSERTION,PCIC_A2_BLOCK,DO_NOT_PROMOTE,YES,,,https://cvc.cervantes.es/ensenanza/biblioteca_ele/plan_curricular/niveles/09_nociones_especificas_inventario_a1-a2.htm,v1.13
7BV-0185,Ocio,hacer senderismo,MWU,MWU,PCIC-09,8. Ocio — columna A2,A2,A2_BOUNDARY,EXCLUDED_FROM_A1_BY_THIS_ASSERTION,PCIC_A2_BLOCK,DO_NOT_PROMOTE,YES,,,https://cvc.cervantes.es/ensenanza/biblioteca_ele/plan_curricular/niveles/09_nociones_especificas_inventario_a1-a2.htm,v1.13
7BV-0186,Ocio,cartas,ATOMIC,NOUN,PCIC-09,8. Ocio — columna A2,A2,A2_BOUNDARY,EXCLUDED_FROM_A1_BY_THIS_ASSERTION,PCIC_A2_BLOCK,DO_NOT_PROMOTE,YES,,,https://cvc.cervantes.es/ensenanza/biblioteca_ele/plan_curricular/niveles/09_nociones_especificas_inventario_a1-a2.htm,v1.13
7BV-0187,Ocio,parchís,ATOMIC,NOUN,PCIC-09,8. Ocio — columna A2,A2,A2_BOUNDARY,EXCLUDED_FROM_A1_BY_THIS_ASSERTION,PCIC_A2_BLOCK,DO_NOT_PROMOTE,YES,,,https://cvc.cervantes.es/ensenanza/biblioteca_ele/plan_curricular/niveles/09_nociones_especificas_inventario_a1-a2.htm,v1.13
7BV-0188,Ocio,oca,ATOMIC,NOUN,PCIC-09,8. Ocio — columna A2,A2,A2_BOUNDARY,EXCLUDED_FROM_A1_BY_THIS_ASSERTION,PCIC_A2_BLOCK,DO_NOT_PROMOTE,YES,,,https://cvc.cervantes.es/ensenanza/biblioteca_ele/plan_curricular/niveles/09_nociones_especificas_inventario_a1-a2.htm,v1.13
7BV-0189,Ocio,ajedrez,ATOMIC,NOUN,PCIC-09,8. Ocio — columna A2,A2,A2_BOUNDARY,EXCLUDED_FROM_A1_BY_THIS_ASSERTION,PCIC_A2_BLOCK,DO_NOT_PROMOTE,YES,,,https://cvc.cervantes.es/ensenanza/biblioteca_ele/plan_curricular/niveles/09_nociones_especificas_inventario_a1-a2.htm,v1.13
7BV-0190,Información y medios de comunicación,recibir/responder a una postal/un fax/una llamada/un correo,PATTERN_GROUP,MWU,PCIC-09,9. Información y medios de comunicación — columna A2,A2,A2_BOUNDARY,EXCLUDED_FROM_A1_BY_THIS_ASSERTION,PCIC_A2_BLOCK,DO_NOT_PROMOTE,YES,,,https://cvc.cervantes.es/ensenanza/biblioteca_ele/plan_curricular/niveles/09_nociones_especificas_inventario_a1-a2.htm,v1.13
7BV-0191,Información y medios de comunicación,preguntar,ATOMIC,VERB,PCIC-09,9. Información y medios de comunicación — columna A2,A2,A2_BOUNDARY,EXCLUDED_FROM_A1_BY_THIS_ASSERTION,PCIC_A2_BLOCK,DO_NOT_PROMOTE,YES,,,https://cvc.cervantes.es/ensenanza/biblioteca_ele/plan_curricular/niveles/09_nociones_especificas_inventario_a1-a2.htm,v1.13
7BV-0192,Información y medios de comunicación,contestar,ATOMIC,VERB,PCIC-09,9. Información y medios de comunicación — columna A2,A2,A2_BOUNDARY,EXCLUDED_FROM_A1_BY_THIS_ASSERTION,PCIC_A2_BLOCK,DO_NOT_PROMOTE,YES,,,https://cvc.cervantes.es/ensenanza/biblioteca_ele/plan_curricular/niveles/09_nociones_especificas_inventario_a1-a2.htm,v1.13
7BV-0193,Información y medios de comunicación,enviar,ATOMIC,VERB,PCIC-09,9. Información y medios de comunicación — columna A2,A2,A2_BOUNDARY,EXCLUDED_FROM_A1_BY_THIS_ASSERTION,PCIC_A2_BLOCK,DO_NOT_PROMOTE,YES,,,https://cvc.cervantes.es/ensenanza/biblioteca_ele/plan_curricular/niveles/09_nociones_especificas_inventario_a1-a2.htm,v1.13
7BV-0194,Información y medios de comunicación,recibir,ATOMIC,VERB,PCIC-09,9. Información y medios de comunicación — columna A2,A2,A2_BOUNDARY,EXCLUDED_FROM_A1_BY_THIS_ASSERTION,PCIC_A2_BLOCK,DO_NOT_PROMOTE,YES,,,https://cvc.cervantes.es/ensenanza/biblioteca_ele/plan_curricular/niveles/09_nociones_especificas_inventario_a1-a2.htm,v1.13
7BV-0195,Información y medios de comunicación,responder,ATOMIC,VERB,PCIC-09,9. Información y medios de comunicación — columna A2,A2,A2_BOUNDARY,EXCLUDED_FROM_A1_BY_THIS_ASSERTION,PCIC_A2_BLOCK,DO_NOT_PROMOTE,YES,,,https://cvc.cervantes.es/ensenanza/biblioteca_ele/plan_curricular/niveles/09_nociones_especificas_inventario_a1-a2.htm,v1.13
7BV-0196,Información y medios de comunicación,fax,ATOMIC,NOUN,PCIC-09,9. Información y medios de comunicación — columna A2,A2,A2_BOUNDARY,EXCLUDED_FROM_A1_BY_THIS_ASSERTION,PCIC_A2_BLOCK,DO_NOT_PROMOTE,YES,,,https://cvc.cervantes.es/ensenanza/biblioteca_ele/plan_curricular/niveles/09_nociones_especificas_inventario_a1-a2.htm,v1.13
7BV-0197,Información y medios de comunicación,dejar/escribir una nota,PATTERN_GROUP,MWU,PCIC-09,9. Información y medios de comunicación — columna A2,A2,A2_BOUNDARY,EXCLUDED_FROM_A1_BY_THIS_ASSERTION,PCIC_A2_BLOCK,DO_NOT_PROMOTE,YES,,,https://cvc.cervantes.es/ensenanza/biblioteca_ele/plan_curricular/niveles/09_nociones_especificas_inventario_a1-a2.htm,v1.13
7BV-0198,Información y medios de comunicación,ir a Correos,MWU,MWU,PCIC-09,9. Información y medios de comunicación — columna A2,A2,A2_BOUNDARY,EXCLUDED_FROM_A1_BY_THIS_ASSERTION,PCIC_A2_BLOCK,DO_NOT_PROMOTE,YES,,,https://cvc.cervantes.es/ensenanza/biblioteca_ele/plan_curricular/niveles/09_nociones_especificas_inventario_a1-a2.htm,v1.13
7BV-0199,Información y medios de comunicación,tarjeta telefónica,MWU,MWU,PCIC-09,9. Información y medios de comunicación — columna A2,A2,A2_BOUNDARY,EXCLUDED_FROM_A1_BY_THIS_ASSERTION,PCIC_A2_BLOCK,DO_NOT_PROMOTE,YES,,,https://cvc.cervantes.es/ensenanza/biblioteca_ele/plan_curricular/niveles/09_nociones_especificas_inventario_a1-a2.htm,v1.13
7BV-0200,Información y medios de comunicación,cabina,ATOMIC,NOUN,PCIC-09,9. Información y medios de comunicación — columna A2,A2,A2_BOUNDARY,EXCLUDED_FROM_A1_BY_THIS_ASSERTION,PCIC_A2_BLOCK,DO_NOT_PROMOTE,YES,,,https://cvc.cervantes.es/ensenanza/biblioteca_ele/plan_curricular/niveles/09_nociones_especificas_inventario_a1-a2.htm,v1.13
7BV-0201,Información y medios de comunicación,llamar/hablar por teléfono,PATTERN_GROUP,MWU,PCIC-09,9. Información y medios de comunicación — columna A2,A2,A2_BOUNDARY,EXCLUDED_FROM_A1_BY_THIS_ASSERTION,PCIC_A2_BLOCK,DO_NOT_PROMOTE,YES,,,https://cvc.cervantes.es/ensenanza/biblioteca_ele/plan_curricular/niveles/09_nociones_especificas_inventario_a1-a2.htm,v1.13
7BV-0202,Información y medios de comunicación,dejar un mensaje,MWU,MWU,PCIC-09,9. Información y medios de comunicación — columna A2,A2,A2_BOUNDARY,EXCLUDED_FROM_A1_BY_THIS_ASSERTION,PCIC_A2_BLOCK,DO_NOT_PROMOTE,YES,,,https://cvc.cervantes.es/ensenanza/biblioteca_ele/plan_curricular/niveles/09_nociones_especificas_inventario_a1-a2.htm,v1.13
7BV-0203,Información y medios de comunicación,entrevista,ATOMIC,NOUN,PCIC-09,9. Información y medios de comunicación — columna A2,A2,A2_BOUNDARY,EXCLUDED_FROM_A1_BY_THIS_ASSERTION,PCIC_A2_BLOCK,DO_NOT_PROMOTE,YES,,,https://cvc.cervantes.es/ensenanza/biblioteca_ele/plan_curricular/niveles/09_nociones_especificas_inventario_a1-a2.htm,v1.13
7BV-0204,Información y medios de comunicación,periodista,ATOMIC,NOUN,PCIC-09,9. Información y medios de comunicación — columna A2,A2,A2_BOUNDARY,EXCLUDED_FROM_A1_BY_THIS_ASSERTION,PCIC_A2_BLOCK,DO_NOT_PROMOTE,YES,,,https://cvc.cervantes.es/ensenanza/biblioteca_ele/plan_curricular/niveles/09_nociones_especificas_inventario_a1-a2.htm,v1.13
7BV-0205,Información y medios de comunicación,programa,ATOMIC,NOUN,PCIC-09,9. Información y medios de comunicación — columna A2,A2,A2_BOUNDARY,EXCLUDED_FROM_A1_BY_THIS_ASSERTION,PCIC_A2_BLOCK,DO_NOT_PROMOTE,YES,,"CEFR A1 menciona funcionalmente soportes como programas, pero eso no asigna programa al léxico español A1.",https://cvc.cervantes.es/ensenanza/biblioteca_ele/plan_curricular/niveles/09_nociones_especificas_inventario_a1-a2.htm,v1.13
7BV-0206,Información y medios de comunicación,anuncios,ATOMIC,NOUN,PCIC-09,9. Información y medios de comunicación — columna A2,A2,A2_BOUNDARY,EXCLUDED_FROM_A1_BY_THIS_ASSERTION,PCIC_A2_BLOCK,DO_NOT_PROMOTE,YES,,,https://cvc.cervantes.es/ensenanza/biblioteca_ele/plan_curricular/niveles/09_nociones_especificas_inventario_a1-a2.htm,v1.13
7BV-0207,Información y medios de comunicación,publicidad,ATOMIC,NOUN,PCIC-09,9. Información y medios de comunicación — columna A2,A2,A2_BOUNDARY,EXCLUDED_FROM_A1_BY_THIS_ASSERTION,PCIC_A2_BLOCK,KEEP_IF_OTHER_A1_ASSERTION,YES,,"A1 independiente en Viajes (información, publicidad).",https://cvc.cervantes.es/ensenanza/biblioteca_ele/plan_curricular/niveles/09_nociones_especificas_inventario_a1-a2.htm,v1.13
7BV-0208,Información y medios de comunicación,presentador,ATOMIC,NOUN,PCIC-09,9. Información y medios de comunicación — columna A2,A2,A2_BOUNDARY,EXCLUDED_FROM_A1_BY_THIS_ASSERTION,PCIC_A2_BLOCK,DO_NOT_PROMOTE,YES,,,https://cvc.cervantes.es/ensenanza/biblioteca_ele/plan_curricular/niveles/09_nociones_especificas_inventario_a1-a2.htm,v1.13
7BV-0209,Información y medios de comunicación,dirección de Internet,MWU,MWU,PCIC-09,9. Información y medios de comunicación — columna A2,A2,A2_BOUNDARY,EXCLUDED_FROM_A1_BY_THIS_ASSERTION,PCIC_A2_BLOCK,DO_NOT_PROMOTE,YES,,,https://cvc.cervantes.es/ensenanza/biblioteca_ele/plan_curricular/niveles/09_nociones_especificas_inventario_a1-a2.htm,v1.13
7BV-0210,Información y medios de comunicación,foro,ATOMIC,NOUN,PCIC-09,9. Información y medios de comunicación — columna A2,A2,A2_BOUNDARY,EXCLUDED_FROM_A1_BY_THIS_ASSERTION,PCIC_A2_BLOCK,DO_NOT_PROMOTE,YES,,,https://cvc.cervantes.es/ensenanza/biblioteca_ele/plan_curricular/niveles/09_nociones_especificas_inventario_a1-a2.htm,v1.13
7BV-0211,Información y medios de comunicación,chat,ATOMIC,NOUN,PCIC-09,9. Información y medios de comunicación — columna A2,A2,A2_BOUNDARY,EXCLUDED_FROM_A1_BY_THIS_ASSERTION,PCIC_A2_BLOCK,DO_NOT_PROMOTE,YES,,,https://cvc.cervantes.es/ensenanza/biblioteca_ele/plan_curricular/niveles/09_nociones_especificas_inventario_a1-a2.htm,v1.13
7BV-0212,Información y medios de comunicación,virus,ATOMIC,NOUN,PCIC-09,9. Información y medios de comunicación — columna A2,A2,A2_BOUNDARY,EXCLUDED_FROM_A1_BY_THIS_ASSERTION,PCIC_A2_BLOCK,DO_NOT_PROMOTE,YES,,,https://cvc.cervantes.es/ensenanza/biblioteca_ele/plan_curricular/niveles/09_nociones_especificas_inventario_a1-a2.htm,v1.13
7BV-0213,Información y medios de comunicación,navegar por Internet,MWU,MWU,PCIC-09,9. Información y medios de comunicación — columna A2,A2,A2_BOUNDARY,EXCLUDED_FROM_A1_BY_THIS_ASSERTION,PCIC_A2_BLOCK,DO_NOT_PROMOTE,YES,,,https://cvc.cervantes.es/ensenanza/biblioteca_ele/plan_curricular/niveles/09_nociones_especificas_inventario_a1-a2.htm,v1.13
7BV-0214,Información y medios de comunicación,navegar por la red,MWU,MWU,PCIC-09,9. Información y medios de comunicación — columna A2,A2,A2_BOUNDARY,EXCLUDED_FROM_A1_BY_THIS_ASSERTION,PCIC_A2_BLOCK,DO_NOT_PROMOTE,YES,,,https://cvc.cervantes.es/ensenanza/biblioteca_ele/plan_curricular/niveles/09_nociones_especificas_inventario_a1-a2.htm,v1.13
7BV-0215,Información y medios de comunicación,enviar/recibir/escribir mensajes electrónicos,PATTERN_GROUP,MWU,PCIC-09,9. Información y medios de comunicación — columna A2,A2,A2_BOUNDARY,EXCLUDED_FROM_A1_BY_THIS_ASSERTION,PCIC_A2_BLOCK,DO_NOT_PROMOTE,YES,,,https://cvc.cervantes.es/ensenanza/biblioteca_ele/plan_curricular/niveles/09_nociones_especificas_inventario_a1-a2.htm,v1.13
7BV-0216,Ciencia y tecnología,ciencia,ATOMIC,NOUN,PCIC-09,16. Ciencia y tecnología — columna A2,A2,A2_BOUNDARY,EXCLUDED_FROM_A1_BY_THIS_ASSERTION,PCIC_A2_BLOCK,DO_NOT_PROMOTE,YES,,,https://cvc.cervantes.es/ensenanza/biblioteca_ele/plan_curricular/niveles/09_nociones_especificas_inventario_a1-a2.htm,v1.13
7BV-0217,Ciencia y tecnología,tecnología,ATOMIC,NOUN,PCIC-09,16. Ciencia y tecnología — columna A2,A2,A2_BOUNDARY,EXCLUDED_FROM_A1_BY_THIS_ASSERTION,PCIC_A2_BLOCK,DO_NOT_PROMOTE,YES,,,https://cvc.cervantes.es/ensenanza/biblioteca_ele/plan_curricular/niveles/09_nociones_especificas_inventario_a1-a2.htm,v1.13
7BV-0218,Ciencia y tecnología,científico,ATOMIC,ADJ_NOUN,PCIC-09,16. Ciencia y tecnología — columna A2,A2,A2_BOUNDARY,EXCLUDED_FROM_A1_BY_THIS_ASSERTION,PCIC_A2_BLOCK,DO_NOT_PROMOTE,YES,,,https://cvc.cervantes.es/ensenanza/biblioteca_ele/plan_curricular/niveles/09_nociones_especificas_inventario_a1-a2.htm,v1.13
7BV-0219,Ciencia y tecnología,Matemáticas,ATOMIC,NOUN,PCIC-09,16. Ciencia y tecnología — columna A2,A2,A2_BOUNDARY,EXCLUDED_FROM_A1_BY_THIS_ASSERTION,PCIC_A2_BLOCK,DO_NOT_PROMOTE,YES,,,https://cvc.cervantes.es/ensenanza/biblioteca_ele/plan_curricular/niveles/09_nociones_especificas_inventario_a1-a2.htm,v1.13
7BV-0220,Ciencia y tecnología,portátil,ATOMIC,ADJ_NOUN,PCIC-09,16. Ciencia y tecnología — columna A2,A2,A2_BOUNDARY,EXCLUDED_FROM_A1_BY_THIS_ASSERTION,PCIC_A2_BLOCK,DO_NOT_PROMOTE,YES,,,https://cvc.cervantes.es/ensenanza/biblioteca_ele/plan_curricular/niveles/09_nociones_especificas_inventario_a1-a2.htm,v1.13
7BV-0221,Ciencia y tecnología,PC,ATOMIC,NOUN,PCIC-09,16. Ciencia y tecnología — columna A2,A2,A2_BOUNDARY,EXCLUDED_FROM_A1_BY_THIS_ASSERTION,PCIC_A2_BLOCK,DO_NOT_PROMOTE,YES,,,https://cvc.cervantes.es/ensenanza/biblioteca_ele/plan_curricular/niveles/09_nociones_especificas_inventario_a1-a2.htm,v1.13
7BV-0222,Ciencia y tecnología,informática,ATOMIC,NOUN,PCIC-09,16. Ciencia y tecnología — columna A2,A2,A2_BOUNDARY,EXCLUDED_FROM_A1_BY_THIS_ASSERTION,PCIC_A2_BLOCK,DO_NOT_PROMOTE,YES,,,https://cvc.cervantes.es/ensenanza/biblioteca_ele/plan_curricular/niveles/09_nociones_especificas_inventario_a1-a2.htm,v1.13
7BV-0223,Ciencia y tecnología,informático,ATOMIC,ADJ_NOUN,PCIC-09,16. Ciencia y tecnología — columna A2,A2,A2_BOUNDARY,EXCLUDED_FROM_A1_BY_THIS_ASSERTION,PCIC_A2_BLOCK,DO_NOT_PROMOTE,YES,,,https://cvc.cervantes.es/ensenanza/biblioteca_ele/plan_curricular/niveles/09_nociones_especificas_inventario_a1-a2.htm,v1.13
7BV-0224,Ciencia y tecnología,CD-ROM,ATOMIC,NOUN,PCIC-09,16. Ciencia y tecnología — columna A2,A2,A2_BOUNDARY,EXCLUDED_FROM_A1_BY_THIS_ASSERTION,PCIC_A2_BLOCK,DO_NOT_PROMOTE,YES,,,https://cvc.cervantes.es/ensenanza/biblioteca_ele/plan_curricular/niveles/09_nociones_especificas_inventario_a1-a2.htm,v1.13
7BV-0225,Ciencia y tecnología,DVD,ATOMIC,NOUN,PCIC-09,16. Ciencia y tecnología — columna A2,A2,A2_BOUNDARY,EXCLUDED_FROM_A1_BY_THIS_ASSERTION,PCIC_A2_BLOCK,KEEP_IF_OTHER_A1_ASSERTION,YES,,A1 independiente en Vivienda → electrodomésticos.,https://cvc.cervantes.es/ensenanza/biblioteca_ele/plan_curricular/niveles/09_nociones_especificas_inventario_a1-a2.htm,v1.13
7BV-0226,Ciencia y tecnología,programa,ATOMIC,NOUN,PCIC-09,16. Ciencia y tecnología — columna A2,A2,A2_BOUNDARY,EXCLUDED_FROM_A1_BY_THIS_ASSERTION,PCIC_A2_BLOCK,DO_NOT_PROMOTE,YES,,,https://cvc.cervantes.es/ensenanza/biblioteca_ele/plan_curricular/niveles/09_nociones_especificas_inventario_a1-a2.htm,v1.13
7BV-0227,Ciencia y tecnología,navegar por Internet,MWU,MWU,PCIC-09,16. Ciencia y tecnología — columna A2,A2,A2_BOUNDARY,EXCLUDED_FROM_A1_BY_THIS_ASSERTION,PCIC_A2_BLOCK,DO_NOT_PROMOTE,YES,,,https://cvc.cervantes.es/ensenanza/biblioteca_ele/plan_curricular/niveles/09_nociones_especificas_inventario_a1-a2.htm,v1.13
7BV-0228,Ciencia y tecnología,chatear,ATOMIC,VERB,PCIC-09,16. Ciencia y tecnología — columna A2,A2,A2_BOUNDARY,EXCLUDED_FROM_A1_BY_THIS_ASSERTION,PCIC_A2_BLOCK,DO_NOT_PROMOTE,YES,,,https://cvc.cervantes.es/ensenanza/biblioteca_ele/plan_curricular/niveles/09_nociones_especificas_inventario_a1-a2.htm,v1.13
7BV-0229,Ciencia y tecnología,virus,ATOMIC,NOUN,PCIC-09,16. Ciencia y tecnología — columna A2,A2,A2_BOUNDARY,EXCLUDED_FROM_A1_BY_THIS_ASSERTION,PCIC_A2_BLOCK,DO_NOT_PROMOTE,YES,,,https://cvc.cervantes.es/ensenanza/biblioteca_ele/plan_curricular/niveles/09_nociones_especificas_inventario_a1-a2.htm,v1.13
7BV-0230,Actividades artísticas,arte,ATOMIC,NOUN,PCIC-09,18. Actividades artísticas — columna A2,A2,A2_BOUNDARY,EXCLUDED_FROM_A1_BY_THIS_ASSERTION,PCIC_A2_BLOCK,DO_NOT_PROMOTE,YES,,,https://cvc.cervantes.es/ensenanza/biblioteca_ele/plan_curricular/niveles/09_nociones_especificas_inventario_a1-a2.htm,v1.13
7BV-0231,Actividades artísticas,artista,ATOMIC,NOUN,PCIC-09,18. Actividades artísticas — columna A2,A2,A2_BOUNDARY,EXCLUDED_FROM_A1_BY_THIS_ASSERTION,PCIC_A2_BLOCK,DO_NOT_PROMOTE,YES,,,https://cvc.cervantes.es/ensenanza/biblioteca_ele/plan_curricular/niveles/09_nociones_especificas_inventario_a1-a2.htm,v1.13
7BV-0232,Actividades artísticas,fotografía,ATOMIC,NOUN,PCIC-09,18. Actividades artísticas — columna A2,A2,A2_BOUNDARY,EXCLUDED_FROM_A1_BY_THIS_ASSERTION,PCIC_A2_BLOCK,DO_NOT_PROMOTE,YES,,,https://cvc.cervantes.es/ensenanza/biblioteca_ele/plan_curricular/niveles/09_nociones_especificas_inventario_a1-a2.htm,v1.13
7BV-0233,Actividades artísticas,literatura,ATOMIC,NOUN,PCIC-09,18. Actividades artísticas — columna A2,A2,A2_BOUNDARY,EXCLUDED_FROM_A1_BY_THIS_ASSERTION,PCIC_A2_BLOCK,DO_NOT_PROMOTE,YES,,,https://cvc.cervantes.es/ensenanza/biblioteca_ele/plan_curricular/niveles/09_nociones_especificas_inventario_a1-a2.htm,v1.13
7BV-0234,Actividades artísticas,estatua,ATOMIC,NOUN,PCIC-09,18. Actividades artísticas — columna A2,A2,A2_BOUNDARY,EXCLUDED_FROM_A1_BY_THIS_ASSERTION,PCIC_A2_BLOCK,DO_NOT_PROMOTE,YES,,,https://cvc.cervantes.es/ensenanza/biblioteca_ele/plan_curricular/niveles/09_nociones_especificas_inventario_a1-a2.htm,v1.13
7BV-0235,Actividades artísticas,novela,ATOMIC,NOUN,PCIC-09,18. Actividades artísticas — columna A2,A2,A2_BOUNDARY,EXCLUDED_FROM_A1_BY_THIS_ASSERTION,PCIC_A2_BLOCK,DO_NOT_PROMOTE,YES,,,https://cvc.cervantes.es/ensenanza/biblioteca_ele/plan_curricular/niveles/09_nociones_especificas_inventario_a1-a2.htm,v1.13
7BV-0236,Actividades artísticas,poesía,ATOMIC,NOUN,PCIC-09,18. Actividades artísticas — columna A2,A2,A2_BOUNDARY,EXCLUDED_FROM_A1_BY_THIS_ASSERTION,PCIC_A2_BLOCK,DO_NOT_PROMOTE,YES,,,https://cvc.cervantes.es/ensenanza/biblioteca_ele/plan_curricular/niveles/09_nociones_especificas_inventario_a1-a2.htm,v1.13
7BV-0237,Actividades artísticas,obra de teatro,MWU,MWU,PCIC-09,18. Actividades artísticas — columna A2,A2,A2_BOUNDARY,EXCLUDED_FROM_A1_BY_THIS_ASSERTION,PCIC_A2_BLOCK,DO_NOT_PROMOTE,YES,,,https://cvc.cervantes.es/ensenanza/biblioteca_ele/plan_curricular/niveles/09_nociones_especificas_inventario_a1-a2.htm,v1.13
7BV-0238,Actividades artísticas,cuadro,ATOMIC,NOUN,PCIC-09,18. Actividades artísticas — columna A2,A2,A2_BOUNDARY,EXCLUDED_FROM_A1_BY_THIS_ASSERTION,PCIC_A2_BLOCK,DO_NOT_PROMOTE,YES,,,https://cvc.cervantes.es/ensenanza/biblioteca_ele/plan_curricular/niveles/09_nociones_especificas_inventario_a1-a2.htm,v1.13
7BV-0239,Actividades artísticas,músico,ATOMIC,NOUN,PCIC-09,18. Actividades artísticas — columna A2,A2,A2_BOUNDARY,EXCLUDED_FROM_A1_BY_THIS_ASSERTION,PCIC_A2_BLOCK,DO_NOT_PROMOTE,YES,,,https://cvc.cervantes.es/ensenanza/biblioteca_ele/plan_curricular/niveles/09_nociones_especificas_inventario_a1-a2.htm,v1.13
7BV-0240,Actividades artísticas,canción,ATOMIC,NOUN,PCIC-09,18. Actividades artísticas — columna A2,A2,A2_BOUNDARY,EXCLUDED_FROM_A1_BY_THIS_ASSERTION,PCIC_A2_BLOCK,KEEP_IF_OTHER_A1_ASSERTION,YES,,A1 independiente en Ocio dentro de escuchar una canción; no generalizar.,https://cvc.cervantes.es/ensenanza/biblioteca_ele/plan_curricular/niveles/09_nociones_especificas_inventario_a1-a2.htm,v1.13
7BV-0241,Actividades artísticas,guitarra,ATOMIC,NOUN,PCIC-09,18. Actividades artísticas — columna A2,A2,A2_BOUNDARY,EXCLUDED_FROM_A1_BY_THIS_ASSERTION,PCIC_A2_BLOCK,DO_NOT_PROMOTE,YES,,,https://cvc.cervantes.es/ensenanza/biblioteca_ele/plan_curricular/niveles/09_nociones_especificas_inventario_a1-a2.htm,v1.13
7BV-0242,Actividades artísticas,piano,ATOMIC,NOUN,PCIC-09,18. Actividades artísticas — columna A2,A2,A2_BOUNDARY,EXCLUDED_FROM_A1_BY_THIS_ASSERTION,PCIC_A2_BLOCK,DO_NOT_PROMOTE,YES,,,https://cvc.cervantes.es/ensenanza/biblioteca_ele/plan_curricular/niveles/09_nociones_especificas_inventario_a1-a2.htm,v1.13
7BV-0243,Actividades artísticas,violín,ATOMIC,NOUN,PCIC-09,18. Actividades artísticas — columna A2,A2,A2_BOUNDARY,EXCLUDED_FROM_A1_BY_THIS_ASSERTION,PCIC_A2_BLOCK,DO_NOT_PROMOTE,YES,,,https://cvc.cervantes.es/ensenanza/biblioteca_ele/plan_curricular/niveles/09_nociones_especificas_inventario_a1-a2.htm,v1.13
7BV-0244,Actividades artísticas,flamenco,ATOMIC,NOUN,PCIC-09,18. Actividades artísticas — columna A2,A2,A2_BOUNDARY,EXCLUDED_FROM_A1_BY_THIS_ASSERTION,PCIC_A2_BLOCK,DO_NOT_PROMOTE,YES,,,https://cvc.cervantes.es/ensenanza/biblioteca_ele/plan_curricular/niveles/09_nociones_especificas_inventario_a1-a2.htm,v1.13
7BV-0245,Actividades artísticas,ópera,ATOMIC,NOUN,PCIC-09,18. Actividades artísticas — columna A2,A2,A2_BOUNDARY,EXCLUDED_FROM_A1_BY_THIS_ASSERTION,PCIC_A2_BLOCK,DO_NOT_PROMOTE,YES,,,https://cvc.cervantes.es/ensenanza/biblioteca_ele/plan_curricular/niveles/09_nociones_especificas_inventario_a1-a2.htm,v1.13
7BV-0246,Actividades artísticas,rock,ATOMIC,NOUN,PCIC-09,18. Actividades artísticas — columna A2,A2,A2_BOUNDARY,EXCLUDED_FROM_A1_BY_THIS_ASSERTION,PCIC_A2_BLOCK,DO_NOT_PROMOTE,YES,,,https://cvc.cervantes.es/ensenanza/biblioteca_ele/plan_curricular/niveles/09_nociones_especificas_inventario_a1-a2.htm,v1.13
7BV-0247,Actividades artísticas,pop,ATOMIC,NOUN,PCIC-09,18. Actividades artísticas — columna A2,A2,A2_BOUNDARY,EXCLUDED_FROM_A1_BY_THIS_ASSERTION,PCIC_A2_BLOCK,DO_NOT_PROMOTE,YES,,,https://cvc.cervantes.es/ensenanza/biblioteca_ele/plan_curricular/niveles/09_nociones_especificas_inventario_a1-a2.htm,v1.13
7BV-0248,Actividades artísticas,jazz,ATOMIC,NOUN,PCIC-09,18. Actividades artísticas — columna A2,A2,A2_BOUNDARY,EXCLUDED_FROM_A1_BY_THIS_ASSERTION,PCIC_A2_BLOCK,DO_NOT_PROMOTE,YES,,,https://cvc.cervantes.es/ensenanza/biblioteca_ele/plan_curricular/niveles/09_nociones_especificas_inventario_a1-a2.htm,v1.13
7BV-0249,Actividades artísticas,tango,ATOMIC,NOUN,PCIC-09,18. Actividades artísticas — columna A2,A2,A2_BOUNDARY,EXCLUDED_FROM_A1_BY_THIS_ASSERTION,PCIC_A2_BLOCK,DO_NOT_PROMOTE,YES,,,https://cvc.cervantes.es/ensenanza/biblioteca_ele/plan_curricular/niveles/09_nociones_especificas_inventario_a1-a2.htm,v1.13
7BV-0250,Actividades artísticas,salsa,ATOMIC,NOUN,PCIC-09,18. Actividades artísticas — columna A2,A2,A2_BOUNDARY,EXCLUDED_FROM_A1_BY_THIS_ASSERTION,PCIC_A2_BLOCK,DO_NOT_PROMOTE,YES,,,https://cvc.cervantes.es/ensenanza/biblioteca_ele/plan_curricular/niveles/09_nociones_especificas_inventario_a1-a2.htm,v1.13
7BV-0251,Actividades artísticas,musical,ATOMIC,NOUN,PCIC-09,18. Actividades artísticas — columna A2,A2,A2_BOUNDARY,EXCLUDED_FROM_A1_BY_THIS_ASSERTION,PCIC_A2_BLOCK,DO_NOT_PROMOTE,YES,,,https://cvc.cervantes.es/ensenanza/biblioteca_ele/plan_curricular/niveles/09_nociones_especificas_inventario_a1-a2.htm,v1.13
7BV-0252,Actividades artísticas,música clásica,MWU,MWU,PCIC-09,18. Actividades artísticas — columna A2,A2,A2_BOUNDARY,EXCLUDED_FROM_A1_BY_THIS_ASSERTION,PCIC_A2_BLOCK,DO_NOT_PROMOTE,YES,,,https://cvc.cervantes.es/ensenanza/biblioteca_ele/plan_curricular/niveles/09_nociones_especificas_inventario_a1-a2.htm,v1.13
7BV-0253,Actividades artísticas,música moderna,MWU,MWU,PCIC-09,18. Actividades artísticas — columna A2,A2,A2_BOUNDARY,EXCLUDED_FROM_A1_BY_THIS_ASSERTION,PCIC_A2_BLOCK,DO_NOT_PROMOTE,YES,,,https://cvc.cervantes.es/ensenanza/biblioteca_ele/plan_curricular/niveles/09_nociones_especificas_inventario_a1-a2.htm,v1.13
7BV-0254,Actividades artísticas,tocar un instrumento,MWU,MWU,PCIC-09,18. Actividades artísticas — columna A2,A2,A2_BOUNDARY,EXCLUDED_FROM_A1_BY_THIS_ASSERTION,PCIC_A2_BLOCK,DO_NOT_PROMOTE,YES,,,https://cvc.cervantes.es/ensenanza/biblioteca_ele/plan_curricular/niveles/09_nociones_especificas_inventario_a1-a2.htm,v1.13
7BV-0255,Actividades artísticas,instrumento,ATOMIC,NOUN,PCIC-09,18. Actividades artísticas — A2: tocar (un instrumento),A2,BASELINE_CORRECTION,EXCLUDED_FROM_A1_BASELINE,PCIC_COLUMN_MISREAD,REMOVE_FROM_BASELINE,YES,,Falso positivo de Fase 6A-II; v1.13 corrige 586 → 585 formas.,https://cvc.cervantes.es/ensenanza/biblioteca_ele/plan_curricular/niveles/09_nociones_especificas_inventario_a1-a2.htm,v1.13
7BV-0256,Actividades artísticas,arquitecto,ATOMIC,NOUN,PCIC-09,18. Actividades artísticas — columna A2,A2,A2_BOUNDARY,EXCLUDED_FROM_A1_BY_THIS_ASSERTION,PCIC_A2_BLOCK,DO_NOT_PROMOTE,YES,,,https://cvc.cervantes.es/ensenanza/biblioteca_ele/plan_curricular/niveles/09_nociones_especificas_inventario_a1-a2.htm,v1.13
7BV-0257,Actividades artísticas,pintor,ATOMIC,NOUN,PCIC-09,18. Actividades artísticas — columna A2,A2,A2_BOUNDARY,EXCLUDED_FROM_A1_BY_THIS_ASSERTION,PCIC_A2_BLOCK,DO_NOT_PROMOTE,YES,,,https://cvc.cervantes.es/ensenanza/biblioteca_ele/plan_curricular/niveles/09_nociones_especificas_inventario_a1-a2.htm,v1.13
7BV-0258,Actividades artísticas,dibujo,ATOMIC,NOUN,PCIC-09,18. Actividades artísticas — columna A2,A2,A2_BOUNDARY,EXCLUDED_FROM_A1_BY_THIS_ASSERTION,PCIC_A2_BLOCK,DO_NOT_PROMOTE,YES,,,https://cvc.cervantes.es/ensenanza/biblioteca_ele/plan_curricular/niveles/09_nociones_especificas_inventario_a1-a2.htm,v1.13
7BV-0259,Actividades artísticas,palacio,ATOMIC,NOUN,PCIC-09,18. Actividades artísticas — columna A2,A2,A2_BOUNDARY,EXCLUDED_FROM_A1_BY_THIS_ASSERTION,PCIC_A2_BLOCK,DO_NOT_PROMOTE,YES,,,https://cvc.cervantes.es/ensenanza/biblioteca_ele/plan_curricular/niveles/09_nociones_especificas_inventario_a1-a2.htm,v1.13
7BV-0260,Actividades artísticas,castillo,ATOMIC,NOUN,PCIC-09,18. Actividades artísticas — columna A2,A2,A2_BOUNDARY,EXCLUDED_FROM_A1_BY_THIS_ASSERTION,PCIC_A2_BLOCK,DO_NOT_PROMOTE,YES,,,https://cvc.cervantes.es/ensenanza/biblioteca_ele/plan_curricular/niveles/09_nociones_especificas_inventario_a1-a2.htm,v1.13
7BV-0261,Actividades artísticas,dibujar,ATOMIC,VERB,PCIC-09,18. Actividades artísticas — columna A2,A2,A2_BOUNDARY,EXCLUDED_FROM_A1_BY_THIS_ASSERTION,PCIC_A2_BLOCK,DO_NOT_PROMOTE,YES,,,https://cvc.cervantes.es/ensenanza/biblioteca_ele/plan_curricular/niveles/09_nociones_especificas_inventario_a1-a2.htm,v1.13
7BV-0262,Actividades artísticas,pintar,ATOMIC,VERB,PCIC-09,18. Actividades artísticas — columna A2,A2,A2_BOUNDARY,EXCLUDED_FROM_A1_BY_THIS_ASSERTION,PCIC_A2_BLOCK,DO_NOT_PROMOTE,YES,,,https://cvc.cervantes.es/ensenanza/biblioteca_ele/plan_curricular/niveles/09_nociones_especificas_inventario_a1-a2.htm,v1.13
7BV-0263,Actividades artísticas,escritor,ATOMIC,NOUN,PCIC-09,18. Actividades artísticas — columna A2,A2,A2_BOUNDARY,EXCLUDED_FROM_A1_BY_THIS_ASSERTION,PCIC_A2_BLOCK,DO_NOT_PROMOTE,YES,,,https://cvc.cervantes.es/ensenanza/biblioteca_ele/plan_curricular/niveles/09_nociones_especificas_inventario_a1-a2.htm,v1.13
7BV-0264,Actividades artísticas,cuento,ATOMIC,NOUN,PCIC-09,18. Actividades artísticas — columna A2,A2,A2_BOUNDARY,EXCLUDED_FROM_A1_BY_THIS_ASSERTION,PCIC_A2_BLOCK,DO_NOT_PROMOTE,YES,,,https://cvc.cervantes.es/ensenanza/biblioteca_ele/plan_curricular/niveles/09_nociones_especificas_inventario_a1-a2.htm,v1.13
7BV-0265,Actividades artísticas,fotógrafo,ATOMIC,NOUN,PCIC-09,18. Actividades artísticas — columna A2,A2,A2_BOUNDARY,EXCLUDED_FROM_A1_BY_THIS_ASSERTION,PCIC_A2_BLOCK,DO_NOT_PROMOTE,YES,,,https://cvc.cervantes.es/ensenanza/biblioteca_ele/plan_curricular/niveles/09_nociones_especificas_inventario_a1-a2.htm,v1.13
7BV-0266,Actividades artísticas,cámara de fotos,MWU,MWU,PCIC-09,18. Actividades artísticas — columna A2,A2,A2_BOUNDARY,EXCLUDED_FROM_A1_BY_THIS_ASSERTION,PCIC_A2_BLOCK,DO_NOT_PROMOTE,YES,,,https://cvc.cervantes.es/ensenanza/biblioteca_ele/plan_curricular/niveles/09_nociones_especificas_inventario_a1-a2.htm,v1.13
7BV-0267,Actividades artísticas,hacer fotos,MWU,MWU,PCIC-09,18. Actividades artísticas — columna A2,A2,A2_BOUNDARY,EXCLUDED_FROM_A1_BY_THIS_ASSERTION,PCIC_A2_BLOCK,DO_NOT_PROMOTE,YES,,,https://cvc.cervantes.es/ensenanza/biblioteca_ele/plan_curricular/niveles/09_nociones_especificas_inventario_a1-a2.htm,v1.13
7BV-0268,Actividades artísticas,director,ATOMIC,NOUN,PCIC-09,18. Actividades artísticas — columna A2,A2,A2_BOUNDARY,EXCLUDED_FROM_A1_BY_THIS_ASSERTION,PCIC_A2_BLOCK,KEEP_IF_OTHER_A1_ASSERTION,YES,,director posee evidencia A1 en otros dominios del PCIC; esta afirmación artística sigue siendo A2.,https://cvc.cervantes.es/ensenanza/biblioteca_ele/plan_curricular/niveles/09_nociones_especificas_inventario_a1-a2.htm,v1.13
7BV-0269,Actividades artísticas,obra de teatro,MWU,MWU,PCIC-09,18. Actividades artísticas — columna A2,A2,A2_BOUNDARY,EXCLUDED_FROM_A1_BY_THIS_ASSERTION,PCIC_A2_BLOCK,DO_NOT_PROMOTE,YES,,,https://cvc.cervantes.es/ensenanza/biblioteca_ele/plan_curricular/niveles/09_nociones_especificas_inventario_a1-a2.htm,v1.13
7BV-0270,Ocio,canción,ASSERTION,,PCIC-09,8.1 Ocio,A1,CROSS_DOMAIN_ASSERTION,A1_CORE_NORMATIVE,PCIC_A1_EXPLICIT,KEEP,NO,escuchar una canción,A1 contextual; unidad artística A2 en 18.2.,https://cvc.cervantes.es/ensenanza/biblioteca_ele/plan_curricular/niveles/09_nociones_especificas_inventario_a1-a2.htm,v1.13
7BV-0271,Viajes y alojamiento,publicidad,ASSERTION,,PCIC-09,14. Viajes,A1,CROSS_DOMAIN_ASSERTION,A1_CORE_NORMATIVE,PCIC_A1_EXPLICIT,KEEP,NO,"información, publicidad",A2 en TV/radio y comercio; A1 se conserva por Viajes.,https://cvc.cervantes.es/ensenanza/biblioteca_ele/plan_curricular/niveles/09_nociones_especificas_inventario_a1-a2.htm,v1.13
7BV-0272,Vivienda,DVD,ASSERTION,,PCIC-09,10. Vivienda,A1,CROSS_DOMAIN_ASSERTION,A1_CORE_NORMATIVE,PCIC_A1_EXPLICIT,KEEP,NO,electrodomésticos,A2 en Ciencia/Tecnología; A1 se conserva por Vivienda.,https://cvc.cervantes.es/ensenanza/biblioteca_ele/plan_curricular/niveles/09_nociones_especificas_inventario_a1-a2.htm,v1.13
7BV-0273,Actividades artísticas,exposición,ASSERTION,,PCIC-09,18. Actividades artísticas,A1,CROSS_DOMAIN_ASSERTION,A1_CORE_NORMATIVE,PCIC_A1_EXPLICIT,KEEP,NO,,A2 en Ocio/espectáculos.,https://cvc.cervantes.es/ensenanza/biblioteca_ele/plan_curricular/niveles/09_nociones_especificas_inventario_a1-a2.htm,v1.13
7BV-0274,Actividades artísticas,catedral,ASSERTION,,PCIC-09,18. Actividades artísticas,A1,CROSS_DOMAIN_ASSERTION,A1_CORE_NORMATIVE,PCIC_A1_EXPLICIT,KEEP,NO,,A2 en Ciudad.,https://cvc.cervantes.es/ensenanza/biblioteca_ele/plan_curricular/niveles/09_nociones_especificas_inventario_a1-a2.htm,v1.13
7BV-0275,Actividades artísticas,monumento,ASSERTION,,PCIC-09,18. Actividades artísticas,A1,CROSS_DOMAIN_ASSERTION,A1_CORE_NORMATIVE,PCIC_A1_EXPLICIT,KEEP,NO,,A2 en Ciudad.,https://cvc.cervantes.es/ensenanza/biblioteca_ele/plan_curricular/niveles/09_nociones_especificas_inventario_a1-a2.htm,v1.13
7BV-0276,Información/Medios + Ciencia/Tecnología,programa,ASSERTION,,PCIC-09,9 + 16,A2,CROSS_DOMAIN_ASSERTION,EXCLUDED_FROM_A1_BY_THIS_ASSERTION,PCIC_A2_BLOCK,DO_NOT_PROMOTE,YES,,Ninguna afirmación PCIC A1 confirmada en estos bloques.,https://cvc.cervantes.es/ensenanza/biblioteca_ele/plan_curricular/niveles/09_nociones_especificas_inventario_a1-a2.htm,v1.13
7BV-0277,Ciencia y tecnología,tecnología,ASSERTION,,PCIC-09,16. Ciencia y tecnología,A2,CROSS_DOMAIN_ASSERTION,EXCLUDED_FROM_A1_BY_THIS_ASSERTION,PCIC_A2_BLOCK,DO_NOT_PROMOTE,YES,,Falso A1 intuitivo.,https://cvc.cervantes.es/ensenanza/biblioteca_ele/plan_curricular/niveles/09_nociones_especificas_inventario_a1-a2.htm,v1.13
7BV-0278,Actividades artísticas,artista,ASSERTION,,PCIC-09,18. Actividades artísticas,A2,CROSS_DOMAIN_ASSERTION,EXCLUDED_FROM_A1_BY_THIS_ASSERTION,PCIC_A2_BLOCK,DO_NOT_PROMOTE,YES,,Falso A1 intuitivo.,https://cvc.cervantes.es/ensenanza/biblioteca_ele/plan_curricular/niveles/09_nociones_especificas_inventario_a1-a2.htm,v1.13
7BV-0279,Ocio,hobby,ASSERTION,,PCIC-09,8. Ocio,A2,CROSS_DOMAIN_ASSERTION,EXCLUDED_FROM_A1_BY_THIS_ASSERTION,PCIC_A2_BLOCK,DO_NOT_PROMOTE,YES,,Falso A1 intuitivo.,https://cvc.cervantes.es/ensenanza/biblioteca_ele/plan_curricular/niveles/09_nociones_especificas_inventario_a1-a2.htm,v1.13
