record_id,source_id,family,title,source_role,curricular_status,primary_access_url,rights_holder_or_operator,license_or_terms_class,explicit_license,may_consult,may_cite,may_analyze_for_curriculum,raw_download,raw_internal_storage,derived_metadata_storage,commercial_product_data_use,source_content_redistribution,attribution_required,share_alike,noncommercial_restriction,no_derivatives_restriction,permission_required,provenance_risk,operational_decision,rights_evidence_url,rights_evidence_checked,notes,curriculum_version
7F-001,CEFR-01,CEFR,Common European Framework of Reference for Languages (2001),LEVEL_NORMATIVE,CORE / P0,https://www.coe.int/en/web/common-european-framework-reference-languages/cefr-and-its-language-versions,Council of Europe,ALL_RIGHTS_RESERVED_PERMISSION_FOR_REPRODUCTION,NO_OPEN_LICENSE_VERIFIED,YES_IF_LAWFULLY_ACCESSED,YES_WITH_NORMAL_ACADEMIC_CITATION,YES_IF_LAWFULLY_ACCESSED,PUBLIC_DOCUMENT_DOWNLOAD_MAY_EXIST_REFERENCE_USE,REFERENCE_COPY_ONLY_NO_BULK_REPUBLICATION,YES_OWN_ANALYSIS_ONLY_NO_SUBSTANTIAL_REPRODUCTION,DERIVED_FACTS_AND_OWN_PARAPHRASE_ONLY; PERMISSION_FOR_REPRODUCTION,PRIOR_WRITTEN_PERMISSION_REQUIRED,YES,NO_OR_NOT_APPLICABLE,UNKNOWN_OR_NOT_APPLICABLE,UNKNOWN_OR_NOT_APPLICABLE,YES_FOR_REPRODUCE_REPUBLISH_TRANSLATE,HIGH,RESEARCH_NORMATIVE_REFERENCE_NOT_SHIPPABLE_SOURCE_CONTENT,https://www.coe.int/fr/web/portal/copyright-licensing-permissions,2026-08-28,"Council of Europe states prior written permission is required to reproduce, republish or translate publication/document elements. Use CEFR as normative evidence; do not ship descriptor text or large copied tables.",v1.19
7F-002,CEFR-02,CEFR,"Marco común europeo de referencia para las lenguas: aprendizaje, enseñanza, evaluación (traducción española)",LEVEL_NORMATIVE,CORE / P0,https://cvc.cervantes.es/ensenanza/biblioteca_ele/marco/indice.htm,Council of Europe / Instituto Cervantes (Spanish version),ALL_RIGHTS_RESERVED_PERMISSION_FOR_REPRODUCTION,NO_OPEN_LICENSE_VERIFIED,YES_IF_LAWFULLY_ACCESSED,YES_WITH_NORMAL_ACADEMIC_CITATION,YES_IF_LAWFULLY_ACCESSED,PUBLIC_DOCUMENT_DOWNLOAD_MAY_EXIST_REFERENCE_USE,REFERENCE_COPY_ONLY_NO_BULK_REPUBLICATION,YES_OWN_ANALYSIS_ONLY_NO_SUBSTANTIAL_REPRODUCTION,DERIVED_FACTS_AND_OWN_PARAPHRASE_ONLY; PERMISSION_FOR_REPRODUCTION,PRIOR_WRITTEN_PERMISSION_REQUIRED,YES,NO_OR_NOT_APPLICABLE,UNKNOWN_OR_NOT_APPLICABLE,UNKNOWN_OR_NOT_APPLICABLE,YES_FOR_REPRODUCE_REPUBLISH_TRANSLATE,HIGH,RESEARCH_NORMATIVE_REFERENCE_NOT_SHIPPABLE_SOURCE_CONTENT,https://mapadelatraduccion.cervantes.es/aviso-legal ; https://www.coe.int/fr/web/portal/copyright-licensing-permissions,2026-08-28,"Council of Europe states prior written permission is required to reproduce, republish or translate publication/document elements. Use CEFR as normative evidence; do not ship descriptor text or large copied tables. Spanish Cervantes-hosted content is additionally subject to Instituto Cervantes rights notices.",v1.19
7F-003,CEFR-03,CEFR,CEFR Companion Volume (2020),LEVEL_NORMATIVE,CORE / P0,https://www.coe.int/en/web/common-european-framework-reference-languages/cefr-companion-volume-and-its-language-versions,Council of Europe,ALL_RIGHTS_RESERVED_PERMISSION_FOR_REPRODUCTION,NO_OPEN_LICENSE_VERIFIED,YES_IF_LAWFULLY_ACCESSED,YES_WITH_NORMAL_ACADEMIC_CITATION,YES_IF_LAWFULLY_ACCESSED,PUBLIC_DOCUMENT_DOWNLOAD_MAY_EXIST_REFERENCE_USE,REFERENCE_COPY_ONLY_NO_BULK_REPUBLICATION,YES_OWN_ANALYSIS_ONLY_NO_SUBSTANTIAL_REPRODUCTION,DERIVED_FACTS_AND_OWN_PARAPHRASE_ONLY; PERMISSION_FOR_REPRODUCTION,PRIOR_WRITTEN_PERMISSION_REQUIRED,YES,NO_OR_NOT_APPLICABLE,UNKNOWN_OR_NOT_APPLICABLE,UNKNOWN_OR_NOT_APPLICABLE,YES_FOR_REPRODUCE_REPUBLISH_TRANSLATE,HIGH,RESEARCH_NORMATIVE_REFERENCE_NOT_SHIPPABLE_SOURCE_CONTENT,https://www.coe.int/fr/web/portal/copyright-licensing-permissions,2026-08-28,"Council of Europe states prior written permission is required to reproduce, republish or translate publication/document elements. Use CEFR as normative evidence; do not ship descriptor text or large copied tables.",v1.19
7F-004,CEFR-04,CEFR,"Volumen complementario del MCER, versión española",LEVEL_NORMATIVE,CORE / P0,https://cvc.cervantes.es/ensenanza/biblioteca_ele/marco_complementario/indice.htm,Council of Europe / Instituto Cervantes (Spanish version),ALL_RIGHTS_RESERVED_PERMISSION_FOR_REPRODUCTION,NO_OPEN_LICENSE_VERIFIED,YES_IF_LAWFULLY_ACCESSED,YES_WITH_NORMAL_ACADEMIC_CITATION,YES_IF_LAWFULLY_ACCESSED,PUBLIC_DOCUMENT_DOWNLOAD_MAY_EXIST_REFERENCE_USE,REFERENCE_COPY_ONLY_NO_BULK_REPUBLICATION,YES_OWN_ANALYSIS_ONLY_NO_SUBSTANTIAL_REPRODUCTION,DERIVED_FACTS_AND_OWN_PARAPHRASE_ONLY; PERMISSION_FOR_REPRODUCTION,PRIOR_WRITTEN_PERMISSION_REQUIRED,YES,NO_OR_NOT_APPLICABLE,UNKNOWN_OR_NOT_APPLICABLE,UNKNOWN_OR_NOT_APPLICABLE,YES_FOR_REPRODUCE_REPUBLISH_TRANSLATE,HIGH,RESEARCH_NORMATIVE_REFERENCE_NOT_SHIPPABLE_SOURCE_CONTENT,https://mapadelatraduccion.cervantes.es/aviso-legal ; https://www.coe.int/fr/web/portal/copyright-licensing-permissions,2026-08-28,"Council of Europe states prior written permission is required to reproduce, republish or translate publication/document elements. Use CEFR as normative evidence; do not ship descriptor text or large copied tables. Spanish Cervantes-hosted content is additionally subject to Instituto Cervantes rights notices.",v1.19
7F-005,CEFR-05,CEFR,CEFR Descriptors (Searchable),LEVEL_NORMATIVE / INDEX,CORE / P0,https://www.coe.int/en/web/common-european-framework-reference-languages/cefr-descriptors,Council of Europe,ALL_RIGHTS_RESERVED_PERMISSION_FOR_REPRODUCTION,NO_OPEN_LICENSE_VERIFIED,YES_IF_LAWFULLY_ACCESSED,YES_WITH_NORMAL_ACADEMIC_CITATION,YES_IF_LAWFULLY_ACCESSED,PUBLIC_DOCUMENT_DOWNLOAD_MAY_EXIST_REFERENCE_USE,REFERENCE_COPY_ONLY_NO_BULK_REPUBLICATION,YES_OWN_ANALYSIS_ONLY_NO_SUBSTANTIAL_REPRODUCTION,DERIVED_FACTS_AND_OWN_PARAPHRASE_ONLY; PERMISSION_FOR_REPRODUCTION,PRIOR_WRITTEN_PERMISSION_REQUIRED,YES,NO_OR_NOT_APPLICABLE,UNKNOWN_OR_NOT_APPLICABLE,UNKNOWN_OR_NOT_APPLICABLE,YES_FOR_REPRODUCE_REPUBLISH_TRANSLATE,HIGH,RESEARCH_NORMATIVE_REFERENCE_NOT_SHIPPABLE_SOURCE_CONTENT,https://www.coe.int/fr/web/portal/copyright-licensing-permissions,2026-08-28,"Council of Europe states prior written permission is required to reproduce, republish or translate publication/document elements. Use CEFR as normative evidence; do not ship descriptor text or large copied tables.",v1.19
7F-006,CEFR-06,CEFR,Recursos oficiales de alineación con CEFR,SUPPORT_ALIGNMENT,SUPPORT / P2,https://www.coe.int/en/web/common-european-framework-reference-languages/documents,Council of Europe,ALL_RIGHTS_RESERVED_PERMISSION_FOR_REPRODUCTION,NO_OPEN_LICENSE_VERIFIED,YES_IF_LAWFULLY_ACCESSED,YES_WITH_NORMAL_ACADEMIC_CITATION,YES_IF_LAWFULLY_ACCESSED,PUBLIC_DOCUMENT_DOWNLOAD_MAY_EXIST_REFERENCE_USE,REFERENCE_COPY_ONLY_NO_BULK_REPUBLICATION,YES_OWN_ANALYSIS_ONLY_NO_SUBSTANTIAL_REPRODUCTION,DERIVED_FACTS_AND_OWN_PARAPHRASE_ONLY; PERMISSION_FOR_REPRODUCTION,PRIOR_WRITTEN_PERMISSION_REQUIRED,YES,NO_OR_NOT_APPLICABLE,UNKNOWN_OR_NOT_APPLICABLE,UNKNOWN_OR_NOT_APPLICABLE,YES_FOR_REPRODUCE_REPUBLISH_TRANSLATE,HIGH,RESEARCH_NORMATIVE_REFERENCE_NOT_SHIPPABLE_SOURCE_CONTENT,https://www.coe.int/fr/web/portal/copyright-licensing-permissions,2026-08-28,"Council of Europe states prior written permission is required to reproduce, republish or translate publication/document elements. Use CEFR as normative evidence; do not ship descriptor text or large copied tables.",v1.19
7F-007,PCIC-00,PCIC,Plan Curricular del Instituto Cervantes. Niveles de referencia para el español — Introducción general e índice,LEVEL_NORMATIVE / SPANISH_SPECIFICATION,CORE / P0,https://cvc.cervantes.es/ensenanza/biblioteca_ele/plan_curricular/indice.htm,Instituto Cervantes,ALL_RIGHTS_RESERVED_CERVANTES,NO_OPEN_LICENSE_VERIFIED,YES_IF_LAWFULLY_ACCESSED,YES_WITH_NORMAL_ACADEMIC_CITATION,YES_IF_LAWFULLY_ACCESSED,PUBLIC_VIEWING; NO_BULK_INGEST_RIGHT_GRANTED,REFERENCE_LOCATORS_AND_MINIMAL_NOTES_ONLY,YES_CAUTIOUSLY; OWN_NORMALIZATION/DECISIONS; AVOID_COPYING_SELECTION_OR_ARRANGEMENT_AT_SCALE,LEGAL_REVIEW_OR_LICENSE_REQUIRED_FOR_SUBSTANTIAL_PCIC_DERIVED_INVENTORY,NO; RIGHTS_RESERVED,YES,NO_OR_NOT_APPLICABLE,UNKNOWN_OR_NOT_APPLICABLE,UNKNOWN_OR_NOT_APPLICABLE,YES_FOR_EXPLOITATION_REPRODUCTION_DISTRIBUTION,CRITICAL,NORMATIVE_RESEARCH_LAYER_ONLY_UNTIL_LICENSE_OR_CLEAN_ROOM_REBUILD,https://mapadelatraduccion.cervantes.es/aviso-legal,2026-08-28,Cervantes legal notice reserves rights and states access does not grant exploitation/reproduction/distribution rights. Systematic extraction of PCIC A1 lists may also implicate database/selection rights; current 602-form prototype should not be treated as cleared product data without counsel/license or independent reconstruction.,v1.19
7F-008,PCIC-01,PCIC,Objetivos generales A1-A2,,CORE / P0,,Instituto Cervantes,ALL_RIGHTS_RESERVED_CERVANTES,NO_OPEN_LICENSE_VERIFIED,YES_IF_LAWFULLY_ACCESSED,YES_WITH_NORMAL_ACADEMIC_CITATION,YES_IF_LAWFULLY_ACCESSED,PUBLIC_VIEWING; NO_BULK_INGEST_RIGHT_GRANTED,REFERENCE_LOCATORS_AND_MINIMAL_NOTES_ONLY,YES_CAUTIOUSLY; OWN_NORMALIZATION/DECISIONS; AVOID_COPYING_SELECTION_OR_ARRANGEMENT_AT_SCALE,LEGAL_REVIEW_OR_LICENSE_REQUIRED_FOR_SUBSTANTIAL_PCIC_DERIVED_INVENTORY,NO; RIGHTS_RESERVED,YES,NO_OR_NOT_APPLICABLE,UNKNOWN_OR_NOT_APPLICABLE,UNKNOWN_OR_NOT_APPLICABLE,YES_FOR_EXPLOITATION_REPRODUCTION_DISTRIBUTION,CRITICAL,NORMATIVE_RESEARCH_LAYER_ONLY_UNTIL_LICENSE_OR_CLEAN_ROOM_REBUILD,https://mapadelatraduccion.cervantes.es/aviso-legal,2026-08-28,Cervantes legal notice reserves rights and states access does not grant exploitation/reproduction/distribution rights. Systematic extraction of PCIC A1 lists may also implicate database/selection rights; current 602-form prototype should not be treated as cleared product data without counsel/license or independent reconstruction.,v1.19
7F-009,PCIC-02,PCIC,Gramática. Inventario A1-A2,,CORE / P0,,Instituto Cervantes,ALL_RIGHTS_RESERVED_CERVANTES,NO_OPEN_LICENSE_VERIFIED,YES_IF_LAWFULLY_ACCESSED,YES_WITH_NORMAL_ACADEMIC_CITATION,YES_IF_LAWFULLY_ACCESSED,PUBLIC_VIEWING; NO_BULK_INGEST_RIGHT_GRANTED,REFERENCE_LOCATORS_AND_MINIMAL_NOTES_ONLY,YES_CAUTIOUSLY; OWN_NORMALIZATION/DECISIONS; AVOID_COPYING_SELECTION_OR_ARRANGEMENT_AT_SCALE,LEGAL_REVIEW_OR_LICENSE_REQUIRED_FOR_SUBSTANTIAL_PCIC_DERIVED_INVENTORY,NO; RIGHTS_RESERVED,YES,NO_OR_NOT_APPLICABLE,UNKNOWN_OR_NOT_APPLICABLE,UNKNOWN_OR_NOT_APPLICABLE,YES_FOR_EXPLOITATION_REPRODUCTION_DISTRIBUTION,CRITICAL,NORMATIVE_RESEARCH_LAYER_ONLY_UNTIL_LICENSE_OR_CLEAN_ROOM_REBUILD,https://mapadelatraduccion.cervantes.es/aviso-legal,2026-08-28,Cervantes legal notice reserves rights and states access does not grant exploitation/reproduction/distribution rights. Systematic extraction of PCIC A1 lists may also implicate database/selection rights; current 602-form prototype should not be treated as cleared product data without counsel/license or independent reconstruction.,v1.19
7F-010,PCIC-03,PCIC,Pronunciación y prosodia. Inventario A1-A2,,CORE / P0,,Instituto Cervantes,ALL_RIGHTS_RESERVED_CERVANTES,NO_OPEN_LICENSE_VERIFIED,YES_IF_LAWFULLY_ACCESSED,YES_WITH_NORMAL_ACADEMIC_CITATION,YES_IF_LAWFULLY_ACCESSED,PUBLIC_VIEWING; NO_BULK_INGEST_RIGHT_GRANTED,REFERENCE_LOCATORS_AND_MINIMAL_NOTES_ONLY,YES_CAUTIOUSLY; OWN_NORMALIZATION/DECISIONS; AVOID_COPYING_SELECTION_OR_ARRANGEMENT_AT_SCALE,LEGAL_REVIEW_OR_LICENSE_REQUIRED_FOR_SUBSTANTIAL_PCIC_DERIVED_INVENTORY,NO; RIGHTS_RESERVED,YES,NO_OR_NOT_APPLICABLE,UNKNOWN_OR_NOT_APPLICABLE,UNKNOWN_OR_NOT_APPLICABLE,YES_FOR_EXPLOITATION_REPRODUCTION_DISTRIBUTION,CRITICAL,NORMATIVE_RESEARCH_LAYER_ONLY_UNTIL_LICENSE_OR_CLEAN_ROOM_REBUILD,https://mapadelatraduccion.cervantes.es/aviso-legal,2026-08-28,Cervantes legal notice reserves rights and states access does not grant exploitation/reproduction/distribution rights. Systematic extraction of PCIC A1 lists may also implicate database/selection rights; current 602-form prototype should not be treated as cleared product data without counsel/license or independent reconstruction.,v1.19
7F-011,PCIC-04,PCIC,Ortografía. Inventario A1-A2,,CORE / P1,,Instituto Cervantes,ALL_RIGHTS_RESERVED_CERVANTES,NO_OPEN_LICENSE_VERIFIED,YES_IF_LAWFULLY_ACCESSED,YES_WITH_NORMAL_ACADEMIC_CITATION,YES_IF_LAWFULLY_ACCESSED,PUBLIC_VIEWING; NO_BULK_INGEST_RIGHT_GRANTED,REFERENCE_LOCATORS_AND_MINIMAL_NOTES_ONLY,YES_CAUTIOUSLY; OWN_NORMALIZATION/DECISIONS; AVOID_COPYING_SELECTION_OR_ARRANGEMENT_AT_SCALE,LEGAL_REVIEW_OR_LICENSE_REQUIRED_FOR_SUBSTANTIAL_PCIC_DERIVED_INVENTORY,NO; RIGHTS_RESERVED,YES,NO_OR_NOT_APPLICABLE,UNKNOWN_OR_NOT_APPLICABLE,UNKNOWN_OR_NOT_APPLICABLE,YES_FOR_EXPLOITATION_REPRODUCTION_DISTRIBUTION,CRITICAL,NORMATIVE_RESEARCH_LAYER_ONLY_UNTIL_LICENSE_OR_CLEAN_ROOM_REBUILD,https://mapadelatraduccion.cervantes.es/aviso-legal,2026-08-28,Cervantes legal notice reserves rights and states access does not grant exploitation/reproduction/distribution rights. Systematic extraction of PCIC A1 lists may also implicate database/selection rights; current 602-form prototype should not be treated as cleared product data without counsel/license or independent reconstruction.,v1.19
7F-012,PCIC-05,PCIC,Funciones. Inventario A1-A2,,CORE / P0,,Instituto Cervantes,ALL_RIGHTS_RESERVED_CERVANTES,NO_OPEN_LICENSE_VERIFIED,YES_IF_LAWFULLY_ACCESSED,YES_WITH_NORMAL_ACADEMIC_CITATION,YES_IF_LAWFULLY_ACCESSED,PUBLIC_VIEWING; NO_BULK_INGEST_RIGHT_GRANTED,REFERENCE_LOCATORS_AND_MINIMAL_NOTES_ONLY,YES_CAUTIOUSLY; OWN_NORMALIZATION/DECISIONS; AVOID_COPYING_SELECTION_OR_ARRANGEMENT_AT_SCALE,LEGAL_REVIEW_OR_LICENSE_REQUIRED_FOR_SUBSTANTIAL_PCIC_DERIVED_INVENTORY,NO; RIGHTS_RESERVED,YES,NO_OR_NOT_APPLICABLE,UNKNOWN_OR_NOT_APPLICABLE,UNKNOWN_OR_NOT_APPLICABLE,YES_FOR_EXPLOITATION_REPRODUCTION_DISTRIBUTION,CRITICAL,NORMATIVE_RESEARCH_LAYER_ONLY_UNTIL_LICENSE_OR_CLEAN_ROOM_REBUILD,https://mapadelatraduccion.cervantes.es/aviso-legal,2026-08-28,Cervantes legal notice reserves rights and states access does not grant exploitation/reproduction/distribution rights. Systematic extraction of PCIC A1 lists may also implicate database/selection rights; current 602-form prototype should not be treated as cleared product data without counsel/license or independent reconstruction.,v1.19
7F-013,PCIC-06,PCIC,Tácticas y estrategias pragmáticas. Inventario A1-A2,,CORE / P0,,Instituto Cervantes,ALL_RIGHTS_RESERVED_CERVANTES,NO_OPEN_LICENSE_VERIFIED,YES_IF_LAWFULLY_ACCESSED,YES_WITH_NORMAL_ACADEMIC_CITATION,YES_IF_LAWFULLY_ACCESSED,PUBLIC_VIEWING; NO_BULK_INGEST_RIGHT_GRANTED,REFERENCE_LOCATORS_AND_MINIMAL_NOTES_ONLY,YES_CAUTIOUSLY; OWN_NORMALIZATION/DECISIONS; AVOID_COPYING_SELECTION_OR_ARRANGEMENT_AT_SCALE,LEGAL_REVIEW_OR_LICENSE_REQUIRED_FOR_SUBSTANTIAL_PCIC_DERIVED_INVENTORY,NO; RIGHTS_RESERVED,YES,NO_OR_NOT_APPLICABLE,UNKNOWN_OR_NOT_APPLICABLE,UNKNOWN_OR_NOT_APPLICABLE,YES_FOR_EXPLOITATION_REPRODUCTION_DISTRIBUTION,CRITICAL,NORMATIVE_RESEARCH_LAYER_ONLY_UNTIL_LICENSE_OR_CLEAN_ROOM_REBUILD,https://mapadelatraduccion.cervantes.es/aviso-legal,2026-08-28,Cervantes legal notice reserves rights and states access does not grant exploitation/reproduction/distribution rights. Systematic extraction of PCIC A1 lists may also implicate database/selection rights; current 602-form prototype should not be treated as cleared product data without counsel/license or independent reconstruction.,v1.19
7F-014,PCIC-07,PCIC,Géneros discursivos y productos textuales. Inventario A1-A2,,CORE / P0,,Instituto Cervantes,ALL_RIGHTS_RESERVED_CERVANTES,NO_OPEN_LICENSE_VERIFIED,YES_IF_LAWFULLY_ACCESSED,YES_WITH_NORMAL_ACADEMIC_CITATION,YES_IF_LAWFULLY_ACCESSED,PUBLIC_VIEWING; NO_BULK_INGEST_RIGHT_GRANTED,REFERENCE_LOCATORS_AND_MINIMAL_NOTES_ONLY,YES_CAUTIOUSLY; OWN_NORMALIZATION/DECISIONS; AVOID_COPYING_SELECTION_OR_ARRANGEMENT_AT_SCALE,LEGAL_REVIEW_OR_LICENSE_REQUIRED_FOR_SUBSTANTIAL_PCIC_DERIVED_INVENTORY,NO; RIGHTS_RESERVED,YES,NO_OR_NOT_APPLICABLE,UNKNOWN_OR_NOT_APPLICABLE,UNKNOWN_OR_NOT_APPLICABLE,YES_FOR_EXPLOITATION_REPRODUCTION_DISTRIBUTION,CRITICAL,NORMATIVE_RESEARCH_LAYER_ONLY_UNTIL_LICENSE_OR_CLEAN_ROOM_REBUILD,https://mapadelatraduccion.cervantes.es/aviso-legal,2026-08-28,Cervantes legal notice reserves rights and states access does not grant exploitation/reproduction/distribution rights. Systematic extraction of PCIC A1 lists may also implicate database/selection rights; current 602-form prototype should not be treated as cleared product data without counsel/license or independent reconstruction.,v1.19
7F-015,PCIC-08,PCIC,Nociones generales. Inventario A1-A2,,CORE / P0,,Instituto Cervantes,ALL_RIGHTS_RESERVED_CERVANTES,NO_OPEN_LICENSE_VERIFIED,YES_IF_LAWFULLY_ACCESSED,YES_WITH_NORMAL_ACADEMIC_CITATION,YES_IF_LAWFULLY_ACCESSED,PUBLIC_VIEWING; NO_BULK_INGEST_RIGHT_GRANTED,REFERENCE_LOCATORS_AND_MINIMAL_NOTES_ONLY,YES_CAUTIOUSLY; OWN_NORMALIZATION/DECISIONS; AVOID_COPYING_SELECTION_OR_ARRANGEMENT_AT_SCALE,LEGAL_REVIEW_OR_LICENSE_REQUIRED_FOR_SUBSTANTIAL_PCIC_DERIVED_INVENTORY,NO; RIGHTS_RESERVED,YES,NO_OR_NOT_APPLICABLE,UNKNOWN_OR_NOT_APPLICABLE,UNKNOWN_OR_NOT_APPLICABLE,YES_FOR_EXPLOITATION_REPRODUCTION_DISTRIBUTION,CRITICAL,NORMATIVE_RESEARCH_LAYER_ONLY_UNTIL_LICENSE_OR_CLEAN_ROOM_REBUILD,https://mapadelatraduccion.cervantes.es/aviso-legal,2026-08-28,Cervantes legal notice reserves rights and states access does not grant exploitation/reproduction/distribution rights. Systematic extraction of PCIC A1 lists may also implicate database/selection rights; current 602-form prototype should not be treated as cleared product data without counsel/license or independent reconstruction.,v1.19
7F-016,PCIC-09,PCIC,Nociones específicas. Inventario A1-A2,,CORE / P0,https://cvc.cervantes.es/ensenanza/biblioteca_ele/plan_curricular/niveles/09_nociones_especificas_inventario_a1-a2.htm,Instituto Cervantes,ALL_RIGHTS_RESERVED_CERVANTES,NO_OPEN_LICENSE_VERIFIED,YES_IF_LAWFULLY_ACCESSED,YES_WITH_NORMAL_ACADEMIC_CITATION,YES_IF_LAWFULLY_ACCESSED,PUBLIC_VIEWING; NO_BULK_INGEST_RIGHT_GRANTED,REFERENCE_LOCATORS_AND_MINIMAL_NOTES_ONLY,YES_CAUTIOUSLY; OWN_NORMALIZATION/DECISIONS; AVOID_COPYING_SELECTION_OR_ARRANGEMENT_AT_SCALE,LEGAL_REVIEW_OR_LICENSE_REQUIRED_FOR_SUBSTANTIAL_PCIC_DERIVED_INVENTORY,NO; RIGHTS_RESERVED,YES,NO_OR_NOT_APPLICABLE,UNKNOWN_OR_NOT_APPLICABLE,UNKNOWN_OR_NOT_APPLICABLE,YES_FOR_EXPLOITATION_REPRODUCTION_DISTRIBUTION,CRITICAL,NORMATIVE_RESEARCH_LAYER_ONLY_UNTIL_LICENSE_OR_CLEAN_ROOM_REBUILD,https://mapadelatraduccion.cervantes.es/aviso-legal,2026-08-28,Cervantes legal notice reserves rights and states access does not grant exploitation/reproduction/distribution rights. Systematic extraction of PCIC A1 lists may also implicate database/selection rights; current 602-form prototype should not be treated as cleared product data without counsel/license or independent reconstruction.,v1.19
7F-017,PCIC-10,PCIC,Referentes culturales,,CORE-CULTURE / P1,,Instituto Cervantes,ALL_RIGHTS_RESERVED_CERVANTES,NO_OPEN_LICENSE_VERIFIED,YES_IF_LAWFULLY_ACCESSED,YES_WITH_NORMAL_ACADEMIC_CITATION,YES_IF_LAWFULLY_ACCESSED,PUBLIC_VIEWING; NO_BULK_INGEST_RIGHT_GRANTED,REFERENCE_LOCATORS_AND_MINIMAL_NOTES_ONLY,YES_CAUTIOUSLY; OWN_NORMALIZATION/DECISIONS; AVOID_COPYING_SELECTION_OR_ARRANGEMENT_AT_SCALE,LEGAL_REVIEW_OR_LICENSE_REQUIRED_FOR_SUBSTANTIAL_PCIC_DERIVED_INVENTORY,NO; RIGHTS_RESERVED,YES,NO_OR_NOT_APPLICABLE,UNKNOWN_OR_NOT_APPLICABLE,UNKNOWN_OR_NOT_APPLICABLE,YES_FOR_EXPLOITATION_REPRODUCTION_DISTRIBUTION,CRITICAL,NORMATIVE_RESEARCH_LAYER_ONLY_UNTIL_LICENSE_OR_CLEAN_ROOM_REBUILD,https://mapadelatraduccion.cervantes.es/aviso-legal,2026-08-28,Cervantes legal notice reserves rights and states access does not grant exploitation/reproduction/distribution rights. Systematic extraction of PCIC A1 lists may also implicate database/selection rights; current 602-form prototype should not be treated as cleared product data without counsel/license or independent reconstruction.,v1.19
7F-018,PCIC-11,PCIC,Saberes y comportamientos socioculturales,,CORE-CULTURE / P1,,Instituto Cervantes,ALL_RIGHTS_RESERVED_CERVANTES,NO_OPEN_LICENSE_VERIFIED,YES_IF_LAWFULLY_ACCESSED,YES_WITH_NORMAL_ACADEMIC_CITATION,YES_IF_LAWFULLY_ACCESSED,PUBLIC_VIEWING; NO_BULK_INGEST_RIGHT_GRANTED,REFERENCE_LOCATORS_AND_MINIMAL_NOTES_ONLY,YES_CAUTIOUSLY; OWN_NORMALIZATION/DECISIONS; AVOID_COPYING_SELECTION_OR_ARRANGEMENT_AT_SCALE,LEGAL_REVIEW_OR_LICENSE_REQUIRED_FOR_SUBSTANTIAL_PCIC_DERIVED_INVENTORY,NO; RIGHTS_RESERVED,YES,NO_OR_NOT_APPLICABLE,UNKNOWN_OR_NOT_APPLICABLE,UNKNOWN_OR_NOT_APPLICABLE,YES_FOR_EXPLOITATION_REPRODUCTION_DISTRIBUTION,CRITICAL,NORMATIVE_RESEARCH_LAYER_ONLY_UNTIL_LICENSE_OR_CLEAN_ROOM_REBUILD,https://mapadelatraduccion.cervantes.es/aviso-legal,2026-08-28,Cervantes legal notice reserves rights and states access does not grant exploitation/reproduction/distribution rights. Systematic extraction of PCIC A1 lists may also implicate database/selection rights; current 602-form prototype should not be treated as cleared product data without counsel/license or independent reconstruction.,v1.19
7F-019,PCIC-12,PCIC,Habilidades y actitudes interculturales,,CORE-CULTURE / P1,,Instituto Cervantes,ALL_RIGHTS_RESERVED_CERVANTES,NO_OPEN_LICENSE_VERIFIED,YES_IF_LAWFULLY_ACCESSED,YES_WITH_NORMAL_ACADEMIC_CITATION,YES_IF_LAWFULLY_ACCESSED,PUBLIC_VIEWING; NO_BULK_INGEST_RIGHT_GRANTED,REFERENCE_LOCATORS_AND_MINIMAL_NOTES_ONLY,YES_CAUTIOUSLY; OWN_NORMALIZATION/DECISIONS; AVOID_COPYING_SELECTION_OR_ARRANGEMENT_AT_SCALE,LEGAL_REVIEW_OR_LICENSE_REQUIRED_FOR_SUBSTANTIAL_PCIC_DERIVED_INVENTORY,NO; RIGHTS_RESERVED,YES,NO_OR_NOT_APPLICABLE,UNKNOWN_OR_NOT_APPLICABLE,UNKNOWN_OR_NOT_APPLICABLE,YES_FOR_EXPLOITATION_REPRODUCTION_DISTRIBUTION,CRITICAL,NORMATIVE_RESEARCH_LAYER_ONLY_UNTIL_LICENSE_OR_CLEAN_ROOM_REBUILD,https://mapadelatraduccion.cervantes.es/aviso-legal,2026-08-28,Cervantes legal notice reserves rights and states access does not grant exploitation/reproduction/distribution rights. Systematic extraction of PCIC A1 lists may also implicate database/selection rights; current 602-form prototype should not be treated as cleared product data without counsel/license or independent reconstruction.,v1.19
7F-020,PCIC-13,PCIC,Procedimientos de aprendizaje,,RESERVE / P3,,Instituto Cervantes,ALL_RIGHTS_RESERVED_CERVANTES,NO_OPEN_LICENSE_VERIFIED,YES_IF_LAWFULLY_ACCESSED,YES_WITH_NORMAL_ACADEMIC_CITATION,YES_IF_LAWFULLY_ACCESSED,PUBLIC_VIEWING; NO_BULK_INGEST_RIGHT_GRANTED,REFERENCE_LOCATORS_AND_MINIMAL_NOTES_ONLY,YES_CAUTIOUSLY; OWN_NORMALIZATION/DECISIONS; AVOID_COPYING_SELECTION_OR_ARRANGEMENT_AT_SCALE,LEGAL_REVIEW_OR_LICENSE_REQUIRED_FOR_SUBSTANTIAL_PCIC_DERIVED_INVENTORY,NO; RIGHTS_RESERVED,YES,NO_OR_NOT_APPLICABLE,UNKNOWN_OR_NOT_APPLICABLE,UNKNOWN_OR_NOT_APPLICABLE,YES_FOR_EXPLOITATION_REPRODUCTION_DISTRIBUTION,CRITICAL,NORMATIVE_RESEARCH_LAYER_ONLY_UNTIL_LICENSE_OR_CLEAN_ROOM_REBUILD,https://mapadelatraduccion.cervantes.es/aviso-legal,2026-08-28,Cervantes legal notice reserves rights and states access does not grant exploitation/reproduction/distribution rights. Systematic extraction of PCIC A1 lists may also implicate database/selection rights; current 602-form prototype should not be treated as cleared product data without counsel/license or independent reconstruction.,v1.19
7F-021,DELE-01,DELE,"Página oficial DELE A1, versión vigente",TASK_OPERATIONALIZATION,CORE / P0,https://controlcalidad.examenes.cervantes.es/es/dele/como-son-los-examenes/a1,Instituto Cervantes,ALL_RIGHTS_RESERVED_CERVANTES_EXAM_MATERIAL,NO_OPEN_LICENSE_VERIFIED,YES_IF_LAWFULLY_ACCESSED,YES_WITH_NORMAL_ACADEMIC_CITATION,YES_IF_LAWFULLY_ACCESSED,ONLY_IF_SOURCE_EXPLICITLY_PROVIDES_IT,REFERENCE_COPY_ONLY; NO_ITEM_BANK_INGEST,YES_TASK_TAXONOMY_AND_OWN_ABSTRACTIONS_ONLY,OWN_TASK_TAXONOMY_ONLY; DO_NOT_COPY_REACTIVES_TEXTS_AUDIO_OR_LAYOUT,NO_WITHOUT_PERMISSION,YES,NO_OR_NOT_APPLICABLE,UNKNOWN_OR_NOT_APPLICABLE,UNKNOWN_OR_NOT_APPLICABLE,YES_FOR_REPRODUCTION,CRITICAL,TASK_STRUCTURE_REFERENCE_ONLY,https://examenes.cervantes.es/es/node/1142111,2026-08-28,"Use DELE to abstract task structures and abilities; do not reuse exam items, passages, audio, answer keys or substantial expressive content.",v1.19
7F-022,DELE-02,DELE,Especificaciones de examen DELE A1 (2020),TASK_OPERATIONALIZATION,CORE / P0,https://examenes.cervantes.es/sites/default/files/Especificaciones_DELE_A1_2020.pdf,Instituto Cervantes,ALL_RIGHTS_RESERVED_CERVANTES_EXAM_MATERIAL,NO_OPEN_LICENSE_VERIFIED,YES_IF_LAWFULLY_ACCESSED,YES_WITH_NORMAL_ACADEMIC_CITATION,YES_IF_LAWFULLY_ACCESSED,ONLY_IF_SOURCE_EXPLICITLY_PROVIDES_IT,REFERENCE_COPY_ONLY; NO_ITEM_BANK_INGEST,YES_TASK_TAXONOMY_AND_OWN_ABSTRACTIONS_ONLY,OWN_TASK_TAXONOMY_ONLY; DO_NOT_COPY_REACTIVES_TEXTS_AUDIO_OR_LAYOUT,NO_WITHOUT_PERMISSION,YES,NO_OR_NOT_APPLICABLE,UNKNOWN_OR_NOT_APPLICABLE,UNKNOWN_OR_NOT_APPLICABLE,YES_FOR_REPRODUCTION,CRITICAL,TASK_STRUCTURE_REFERENCE_ONLY,https://examenes.cervantes.es/es/node/1142111,2026-08-28,"Use DELE to abstract task structures and abilities; do not reuse exam items, passages, audio, answer keys or substantial expressive content.",v1.19
7F-023,DELE-03,DELE,"Modelo 0 DELE A1, versión 2020",,CORE / P1,https://examenes.cervantes.es/sites/default/files/DELE-A1_v2020_Modelo0_0.pdf,Instituto Cervantes,ALL_RIGHTS_RESERVED_CERVANTES_EXAM_MATERIAL,NO_OPEN_LICENSE_VERIFIED,YES_IF_LAWFULLY_ACCESSED,YES_WITH_NORMAL_ACADEMIC_CITATION,YES_IF_LAWFULLY_ACCESSED,ONLY_IF_SOURCE_EXPLICITLY_PROVIDES_IT,REFERENCE_COPY_ONLY; NO_ITEM_BANK_INGEST,YES_TASK_TAXONOMY_AND_OWN_ABSTRACTIONS_ONLY,OWN_TASK_TAXONOMY_ONLY; DO_NOT_COPY_REACTIVES_TEXTS_AUDIO_OR_LAYOUT,NO_WITHOUT_PERMISSION,YES,NO_OR_NOT_APPLICABLE,UNKNOWN_OR_NOT_APPLICABLE,UNKNOWN_OR_NOT_APPLICABLE,YES_FOR_REPRODUCTION,CRITICAL,TASK_STRUCTURE_REFERENCE_ONLY,https://examenes.cervantes.es/es/node/1142111,2026-08-28,"Use DELE to abstract task structures and abilities; do not reuse exam items, passages, audio, answer keys or substantial expressive content.",v1.19
7F-024,DELE-04,DELE,"Guía de examen DELE A1, versión 2020",,CORE / P1,https://examenes.cervantes.es/sites/default/files/DELE_A1_v2020_Gu%C3%ADa%20de%20examen.pdf,Instituto Cervantes,ALL_RIGHTS_RESERVED_CERVANTES_EXAM_MATERIAL,NO_OPEN_LICENSE_VERIFIED,YES_IF_LAWFULLY_ACCESSED,YES_WITH_NORMAL_ACADEMIC_CITATION,YES_IF_LAWFULLY_ACCESSED,ONLY_IF_SOURCE_EXPLICITLY_PROVIDES_IT,REFERENCE_COPY_ONLY; NO_ITEM_BANK_INGEST,YES_TASK_TAXONOMY_AND_OWN_ABSTRACTIONS_ONLY,OWN_TASK_TAXONOMY_ONLY; DO_NOT_COPY_REACTIVES_TEXTS_AUDIO_OR_LAYOUT,NO_WITHOUT_PERMISSION,YES,NO_OR_NOT_APPLICABLE,UNKNOWN_OR_NOT_APPLICABLE,UNKNOWN_OR_NOT_APPLICABLE,YES_FOR_REPRODUCTION,CRITICAL,TASK_STRUCTURE_REFERENCE_ONLY,https://examenes.cervantes.es/es/node/1142111,2026-08-28,"Use DELE to abstract task structures and abilities; do not reuse exam items, passages, audio, answer keys or substantial expressive content.",v1.19
7F-025,DELE-05,DELE,DELE A1 para escolares,,SUPPORT / P2,,Instituto Cervantes,ALL_RIGHTS_RESERVED_CERVANTES_EXAM_MATERIAL,NO_OPEN_LICENSE_VERIFIED,YES_IF_LAWFULLY_ACCESSED,YES_WITH_NORMAL_ACADEMIC_CITATION,YES_IF_LAWFULLY_ACCESSED,ONLY_IF_SOURCE_EXPLICITLY_PROVIDES_IT,REFERENCE_COPY_ONLY; NO_ITEM_BANK_INGEST,YES_TASK_TAXONOMY_AND_OWN_ABSTRACTIONS_ONLY,OWN_TASK_TAXONOMY_ONLY; DO_NOT_COPY_REACTIVES_TEXTS_AUDIO_OR_LAYOUT,NO_WITHOUT_PERMISSION,YES,NO_OR_NOT_APPLICABLE,UNKNOWN_OR_NOT_APPLICABLE,UNKNOWN_OR_NOT_APPLICABLE,YES_FOR_REPRODUCTION,CRITICAL,TASK_STRUCTURE_REFERENCE_ONLY,https://examenes.cervantes.es/es/node/1142111,2026-08-28,"Use DELE to abstract task structures and abilities; do not reuse exam items, passages, audio, answer keys or substantial expressive content.",v1.19
7F-026,DELE-H01,DELE,Guías/modelos DELE A1 anteriores a 2020,,HISTORICAL / P3,,Instituto Cervantes,ALL_RIGHTS_RESERVED_CERVANTES_EXAM_MATERIAL,NO_OPEN_LICENSE_VERIFIED,YES_IF_LAWFULLY_ACCESSED,YES_WITH_NORMAL_ACADEMIC_CITATION,YES_IF_LAWFULLY_ACCESSED,ONLY_IF_SOURCE_EXPLICITLY_PROVIDES_IT,REFERENCE_COPY_ONLY; NO_ITEM_BANK_INGEST,YES_TASK_TAXONOMY_AND_OWN_ABSTRACTIONS_ONLY,OWN_TASK_TAXONOMY_ONLY; DO_NOT_COPY_REACTIVES_TEXTS_AUDIO_OR_LAYOUT,NO_WITHOUT_PERMISSION,YES,NO_OR_NOT_APPLICABLE,UNKNOWN_OR_NOT_APPLICABLE,UNKNOWN_OR_NOT_APPLICABLE,YES_FOR_REPRODUCTION,CRITICAL,TASK_STRUCTURE_REFERENCE_ONLY,https://examenes.cervantes.es/es/node/1142111,2026-08-28,"Use DELE to abstract task structures and abilities; do not reuse exam items, passages, audio, answer keys or substantial expressive content.",v1.19
7F-027,CORP-01,CORP,CORPES XXI — Corpus del Español del Siglo XXI,CORPUS_FREQUENCY,CORE / P0,https://www.rae.es/banco-de-datos/corpes-xxi,Real Academia Española / ASALE as applicable,RAE_ASALE_ALL_RIGHTS_RESERVED,NO_OPEN_LICENSE_VERIFIED,YES_IF_LAWFULLY_ACCESSED,YES_WITH_NORMAL_ACADEMIC_CITATION,YES_IF_LAWFULLY_ACCESSED,NO_BULK_EXTRACTION_FOR_PRODUCT,REFERENCE_QUERIES_AND_MINIMAL_NOTES_ONLY,YES_OWN_ANALYSIS_ONLY; NO_SUBSTANTIAL_EXTRACTION,NO_EXTRACTED_CONTENT_OR_DATABASE_REUSE_WITHOUT_WRITTEN_AUTHORIZATION,NO_WITHOUT_WRITTEN_AUTHORIZATION,YES,NO_OR_NOT_APPLICABLE,UNKNOWN_OR_NOT_APPLICABLE,UNKNOWN_OR_NOT_APPLICABLE,YES_FOR_COMMERCIAL_EXTRACTION_REUSE_REPRODUCTION,CRITICAL,VERIFICATION_ONLY_NOT_PRODUCT_DATA_SOURCE,https://www.asale.org/info/asale/aviso-legal,2026-08-28,"RAE/ASALE legal notice expressly prohibits commercial reproduction, transformation, distribution, public communication, extraction and/or reuse of all or part of site contents without prior written authorization.",v1.19
7F-028,CORP-02,CORP,PRESEEA,CORPUS_FREQUENCY / VARIATION,SUPPORT / P1,https://preseea.uah.es/corpus-preseea,PRESEEA / Universidad de Alcalá and contributing teams,RESEARCH_ONLY_NONCOMMERCIAL,CC BY-NC-ND 4.0 / explicit research-only terms for PRESEEA materials,YES_IF_LAWFULLY_ACCESSED,YES_WITH_NORMAL_ACADEMIC_CITATION,YES_IF_LAWFULLY_ACCESSED,CONDITIONAL_RESEARCH_ACCESS,YES_FOR_RESEARCH_SUBJECT_TO_TERMS_AND_CONFIDENTIALITY,YES_FOR_INTERNAL_RESEARCH; DO_NOT DISTRIBUTE DERIVATIVE MATERIAL,NO,NO_COMMERCIAL; ND_LIMITS_DERIVATIVES,YES,NO,YES,YES,YES_FOR_COMMERCIAL_OR_BEYOND_TERMS,CRITICAL,RESEARCH_AUDIT_ONLY_EXCLUDE_FROM_COMMERCIAL_DATA_PIPELINE,https://preseea.uah.es/corpus-preseea,2026-08-28,PRESEEA states corpus materials are exclusively for research and commercial use is prohibited; citation is mandatory. Treat CORPEEU conservatively under the same restriction until corpus-specific terms are verified.,v1.19
7F-029,CORP-03,CORP,SUBTLEX-ESP,CORPUS_FREQUENCY / PSYCHOLINGUISTIC,SUPPORT / P1,,SUBTLEX-ESP authors/publisher/data host,DATA_LICENSE_UNRESOLVED_OR_HETEROGENEOUS,NO_SINGLE_PRODUCT_LICENSE_VERIFIED,YES_IF_LAWFULLY_ACCESSED,YES_WITH_NORMAL_ACADEMIC_CITATION,YES_IF_LAWFULLY_ACCESSED,DO_NOT_BULK_INGEST_UNTIL_LICENSE_VERIFIED,NO_DEFAULT_INGEST; QUERY/REFERENCE_ONLY,YES_FOR_HIGH_LEVEL_RESEARCH_FINDINGS; NO_SOURCE_DATA_COPY,HOLD,HOLD,YES,NO_OR_NOT_APPLICABLE,UNKNOWN_OR_NOT_APPLICABLE,UNKNOWN_OR_NOT_APPLICABLE,VERIFY_FIRST,HIGH,LICENSE_HOLD_RESEARCH_ONLY,,2026-08-28,Public accessibility or an academic paper does not establish a redistributable dataset license. Verify the exact downloadable file and upstream sources before any product ingestion.,v1.19
7F-030,CORP-04,CORP,EsPal,CORPUS_FREQUENCY / PSYCHOLINGUISTIC,SUPPORT / P1,,EsPal/BCBL and underlying data providers,DATA_LICENSE_UNRESOLVED_OR_HETEROGENEOUS,NO_SINGLE_PRODUCT_LICENSE_VERIFIED,YES_IF_LAWFULLY_ACCESSED,YES_WITH_NORMAL_ACADEMIC_CITATION,YES_IF_LAWFULLY_ACCESSED,DO_NOT_BULK_INGEST_UNTIL_LICENSE_VERIFIED,NO_DEFAULT_INGEST; QUERY/REFERENCE_ONLY,YES_FOR_HIGH_LEVEL_RESEARCH_FINDINGS; NO_SOURCE_DATA_COPY,HOLD,HOLD,YES,NO_OR_NOT_APPLICABLE,UNKNOWN_OR_NOT_APPLICABLE,UNKNOWN_OR_NOT_APPLICABLE,VERIFY_FIRST,HIGH,LICENSE_HOLD_RESEARCH_ONLY,https://bcbl.eu/databases/espal/,2026-08-28,Public accessibility or an academic paper does not establish a redistributable dataset license. Verify the exact downloadable file and upstream sources before any product ingestion.,v1.19
7F-031,CORP-05,CORP,"A Frequency Dictionary of Spanish: Core Vocabulary for Learners, 2nd ed.",CORPUS_FREQUENCY / CURRICULUM_SUPPORT,SUPPORT / P1,,Routledge / authors,COPYRIGHT_BOOK,ALL_RIGHTS_RESERVED_BOOK,YES_IF_LAWFULLY_ACCESSED,YES_WITH_NORMAL_ACADEMIC_CITATION,YES_IF_LAWFULLY_ACCESSED,NO_DATASET_ASSUMED,BIBLIOGRAPHIC_REFERENCE_ONLY,YES_OWN_SUMMARIES_AND_NONEXPRESSIVE_RANK_SIGNALS_IF_LAWFULLY_OBTAINED,NO_LIST_COPY_OR_SUBSTANTIAL_RECONSTRUCTION,NO,YES,NO_OR_NOT_APPLICABLE,UNKNOWN_OR_NOT_APPLICABLE,UNKNOWN_OR_NOT_APPLICABLE,YES_FOR_LIST_REUSE,HIGH,BENCHMARK_ONLY_NO_LIST_COPY,,2026-08-28,Frequency dictionary is a copyrighted commercial work. Do not copy or reconstruct its full ranked list into SpanishStories; use only limited benchmarking and independent conclusions.,v1.19
7F-032,CORP-06,CORP,Corpus del Español (Mark Davies),CORPUS_FREQUENCY / VARIATION,SUPPORT / P1,https://www.corpusdelespanol.org/,Mark Davies / Corpus del Español / Gonzaga repository,RESEARCH_RESTRICTED_NO_PRODUCT_FOR_SALE,Repository restrictions prohibit using data to create software/products for sale or consumption,YES_IF_LAWFULLY_ACCESSED,YES_WITH_NORMAL_ACADEMIC_CITATION,YES_IF_LAWFULLY_ACCESSED,RESTRICTED,RESEARCH_ONLY_PER_ACCESS_TERMS,INTERNAL_RESEARCH_SUMMARIES_ONLY,NO,NO,YES,NO_OR_NOT_APPLICABLE,YES_FOR_DOWNLOADED_CORPUS_DATA,UNKNOWN_OR_NOT_APPLICABLE,YES_FOR_PRODUCT_USE,CRITICAL,RESEARCH_BENCHMARK_ONLY_EXCLUDE_FROM_COMMERCIAL_DATA_PIPELINE,https://repository.gonzaga.edu/corp_span/2/,2026-08-28,Gonzaga repository restrictions for Corpus del Español state data cannot be used to create software or products for sale/consumption and cannot be distributed outside authorized access.,v1.19
7F-033,CORP-07,CORP,"CEDEL2, Corpus Escrito del Español L2, versión 3",LEARNER_EVIDENCE,SUPPORT / P1,,CEDEL2 / Universidad de Granada project,CC_BY_NC_ND_3_0_ES,CC BY-NC-ND 3.0 ES,YES_IF_LAWFULLY_ACCESSED,YES_WITH_NORMAL_ACADEMIC_CITATION,YES_IF_LAWFULLY_ACCESSED,YES_FOR_RESEARCH_TEACHING,YES_FOR_RESEARCH_SUBJECT_TO_CONFIDENTIALITY_TERMS,YES_INTERNAL_RESEARCH,NO,NO_COMMERCIAL; NO_DERIVATIVE_DISTRIBUTION,YES,NO_OR_NOT_APPLICABLE,YES,YES,YES_FOR_COMMERCIAL_USE,CRITICAL,RESEARCH_ONLY_EXCLUDE_FROM_COMMERCIAL_DATA_PIPELINE,https://cedel2.learnercorpora.com/terms,2026-08-28,"CEDEL2 terms explicitly permit research/teaching, require attribution, prohibit commercial use, and prohibit distribution of modified material.",v1.19
7F-034,CORP-08,CORP,NIM,PSYCHOLINGUISTIC / CROSS-LINGUISTIC_SUPPORT,SUPPORT / P2,,NIM/URV and underlying LEXESP/BNC data providers,DATA_LICENSE_UNRESOLVED_OR_HETEROGENEOUS,NO_SINGLE_PRODUCT_LICENSE_VERIFIED,YES_IF_LAWFULLY_ACCESSED,YES_WITH_NORMAL_ACADEMIC_CITATION,YES_IF_LAWFULLY_ACCESSED,DO_NOT_BULK_INGEST_UNTIL_LICENSE_VERIFIED,NO_DEFAULT_INGEST; QUERY/REFERENCE_ONLY,YES_FOR_HIGH_LEVEL_RESEARCH_FINDINGS; NO_SOURCE_DATA_COPY,HOLD,HOLD,YES,NO_OR_NOT_APPLICABLE,UNKNOWN_OR_NOT_APPLICABLE,UNKNOWN_OR_NOT_APPLICABLE,VERIFY_FIRST,HIGH,LICENSE_HOLD_RESEARCH_ONLY,https://psico.fcep.urv.cat/utilitats/nim/eng/about.php,2026-08-28,Public accessibility or an academic paper does not establish a redistributable dataset license. Verify the exact downloadable file and upstream sources before any product ingestion.,v1.19
7F-035,CORP-09,CORP,CREA / corpus históricos RAE,CORPUS_FREQUENCY / HISTORICAL_COMPARISON,HISTORICAL / P3,,Real Academia Española / ASALE as applicable,RAE_ASALE_ALL_RIGHTS_RESERVED,NO_OPEN_LICENSE_VERIFIED,YES_IF_LAWFULLY_ACCESSED,YES_WITH_NORMAL_ACADEMIC_CITATION,YES_IF_LAWFULLY_ACCESSED,NO_BULK_EXTRACTION_FOR_PRODUCT,REFERENCE_QUERIES_AND_MINIMAL_NOTES_ONLY,YES_OWN_ANALYSIS_ONLY; NO_SUBSTANTIAL_EXTRACTION,NO_EXTRACTED_CONTENT_OR_DATABASE_REUSE_WITHOUT_WRITTEN_AUTHORIZATION,NO_WITHOUT_WRITTEN_AUTHORIZATION,YES,NO_OR_NOT_APPLICABLE,UNKNOWN_OR_NOT_APPLICABLE,UNKNOWN_OR_NOT_APPLICABLE,YES_FOR_COMMERCIAL_EXTRACTION_REUSE_REPRODUCTION,CRITICAL,VERIFICATION_ONLY_NOT_PRODUCT_DATA_SOURCE,https://www.asale.org/info/asale/aviso-legal,2026-08-28,"RAE/ASALE legal notice expressly prohibits commercial reproduction, transformation, distribution, public communication, extraction and/or reuse of all or part of site contents without prior written authorization.",v1.19
7F-036,CORP-10,CORP,OpenSLR SLR21 — Spanish word frequency lists,CORPUS_FREQUENCY / OPEN_DATA_SUPPORT,SUPPORT / P2,https://www.openslr.org/21/,OpenSLR / resource contributors,CC_BY_SA_3_0,CC BY-SA 3.0 US,YES_IF_LAWFULLY_ACCESSED,YES_WITH_NORMAL_ACADEMIC_CITATION,YES_IF_LAWFULLY_ACCESSED,YES,YES,YES,YES_WITH_ATTRIBUTION_AND_SHAREALIKE_FOR_DERIVATIVE_DATA,YES_UNDER_CC_BY_SA_3_0,YES,YES,NO,NO,NO_IF_LICENSE_TERMS_MET,LOW,APPROVED_OPEN_DATA_CANDIDATE,https://www.openslr.org/21/,2026-08-28,OpenSLR SLR21 states CC BY-SA 3.0 US and notes that no LDC dataset components are included in the released list. Track attribution and share-alike obligations.,v1.19
7F-037,CORP-11,CORP,Leipzig Corpora Collection / Frequency Dictionaries,CORPUS_FREQUENCY / OPEN_DATA_SUPPORT,SUPPORT / P2,https://wortschatz.uni-leipzig.de/en,Leipzig Corpora Collection / Universität Leipzig,CC_BY_4_0_DEFAULT_API_RELEASE_VERIFY_CORPUS,CC BY 4.0 shown for LCC API; verify exact downloadable release,YES_IF_LAWFULLY_ACCESSED,YES_WITH_NORMAL_ACADEMIC_CITATION,YES_IF_LAWFULLY_ACCESSED,YES_WHERE_RELEASE_AVAILABLE,YES_SUBJECT_TO_RELEASE_LICENSE,YES,YES_IF_EXACT_RELEASE_IS_CC_BY_4_0,YES_IF_EXACT_RELEASE_LICENSE_ALLOWS,YES,NO_OR_NOT_APPLICABLE,NO,NO,NO_IF_EXACT_RELEASE_CC_BY_4_0,LOW_MEDIUM,APPROVED_OPEN_CANDIDATE_VERIFY_RELEASE_MANIFEST,https://api.wortschatz-leipzig.de/ws/swagger-ui/index.html,2026-08-28,LCC API exposes CC BY 4.0 terms. Keep corpus/release identifier and license snapshot because individual releases may vary.,v1.19
7F-038,CORP-12,CORP,Sketch Engine — Spanish word lists / corpora,CORPUS_FREQUENCY / LEMMA_POS / MWU_SUPPORT,SUPPORT / P2,https://www.sketchengine.eu/spanish-word-list/,Lexical Computing / underlying corpus rightsholders,SERVICE_AND_PER_CORPUS_RIGHTS,NO_BLANKET_CONTENT_LICENSE,YES_IF_LAWFULLY_ACCESSED,YES_WITH_NORMAL_ACADEMIC_CITATION,YES_IF_LAWFULLY_ACCESSED,ONLY_AS_ALLOWED_BY_SUBSCRIPTION_AND_CORPUS_LICENSE,ONLY_LICENSED_EXPORTS,YES_FOR_PERMITTED_ANALYSIS; CHECK_OUTPUT_TERMS,CONDITIONAL_ON_SPECIFIC_CORPUS_AND_ACCOUNT_LICENSE,NO_BLANKET_RIGHT,YES,NO_OR_NOT_APPLICABLE,UNKNOWN_OR_NOT_APPLICABLE,UNKNOWN_OR_NOT_APPLICABLE,CONDITIONAL,HIGH,QUERY_TOOL_NOT_DEFAULT_PRODUCT_DATA_SOURCE,https://www.sketchengine.eu/terms/,2026-08-28,Sketch Engine is a service over corpora with heterogeneous rights. A subscription/service right does not automatically grant redistribution rights in underlying corpora or bulk word lists; verify the exact corpus/export license.,v1.19
7F-039,CORP-13,CORP,"Oral frequency norms for 67,979 Spanish words",ORAL_FREQUENCY / PSYCHOLINGUISTIC,SUPPORT / P2,https://pubmed.ncbi.nlm.nih.gov/21416306/,Alonso et al./publisher/data host,DATA_LICENSE_UNRESOLVED_OR_HETEROGENEOUS,NO_SINGLE_PRODUCT_LICENSE_VERIFIED,YES_IF_LAWFULLY_ACCESSED,YES_WITH_NORMAL_ACADEMIC_CITATION,YES_IF_LAWFULLY_ACCESSED,DO_NOT_BULK_INGEST_UNTIL_LICENSE_VERIFIED,NO_DEFAULT_INGEST; QUERY/REFERENCE_ONLY,YES_FOR_HIGH_LEVEL_RESEARCH_FINDINGS; NO_SOURCE_DATA_COPY,HOLD,HOLD,YES,NO_OR_NOT_APPLICABLE,UNKNOWN_OR_NOT_APPLICABLE,UNKNOWN_OR_NOT_APPLICABLE,VERIFY_FIRST,HIGH,LICENSE_HOLD_RESEARCH_ONLY,https://pubmed.ncbi.nlm.nih.gov/21416306/,2026-08-28,Public accessibility or an academic paper does not establish a redistributable dataset license. Verify the exact downloadable file and upstream sources before any product ingestion.,v1.19
7F-040,CORP-14,CORP,SPALEX,PSYCHOLINGUISTIC / FAMILIARITY_SUPPORT,SUPPORT / P2,https://www.frontiersin.org/journals/psychology/articles/10.3389/fpsyg.2018.02156/full,SPALEX authors / Frontiers; dataset on Figshare,ARTICLE_CC_BY_DATA_FILES_VERIFY_PER_FILE,Article CC BY; database files linked from article,YES_IF_LAWFULLY_ACCESSED,YES_WITH_NORMAL_ACADEMIC_CITATION,YES_IF_LAWFULLY_ACCESSED,YES_FROM_LINKED_REPOSITORY; VERIFY_FILE_LICENSE_METADATA,CONDITIONAL_OPEN,YES,CONDITIONAL_IF_DATA_FILES_ARE_CC_BY_OR_COMPATIBLE,CONDITIONAL_WITH_ATTRIBUTION,YES,NO_OR_NOT_APPLICABLE,NO_FOR_CC_BY_MATERIAL,NO_FOR_CC_BY_MATERIAL,NO_FOR_CONFIRMED_CC_BY_FILES,MEDIUM,OPEN_CANDIDATE_VERIFY_FIGSHARE_FILE_LICENSE,https://www.frontiersin.org/journals/psychology/articles/10.3389/fpsyg.2018.02156/full,2026-08-28,Frontiers article is CC BY and identifies SPALEX files in a linked repository. Confirm the license attached to each data file before ingesting participant or lexical data; avoid personal/demographic data unless necessary.,v1.19
7F-041,CORP-15,CORP,CORPEEU,VARIATION / US_SPANISH_SUPPORT,SUPPORT / P2,https://preseea.uah.es/corpus/,PRESEEA / Universidad de Alcalá and contributing teams,RESEARCH_ONLY_NONCOMMERCIAL,CC BY-NC-ND 4.0 / explicit research-only terms for PRESEEA materials,YES_IF_LAWFULLY_ACCESSED,YES_WITH_NORMAL_ACADEMIC_CITATION,YES_IF_LAWFULLY_ACCESSED,CONDITIONAL_RESEARCH_ACCESS,YES_FOR_RESEARCH_SUBJECT_TO_TERMS_AND_CONFIDENTIALITY,YES_FOR_INTERNAL_RESEARCH; DO_NOT DISTRIBUTE DERIVATIVE MATERIAL,NO,NO_COMMERCIAL; ND_LIMITS_DERIVATIVES,YES,NO,YES,YES,YES_FOR_COMMERCIAL_OR_BEYOND_TERMS,CRITICAL,RESEARCH_AUDIT_ONLY_EXCLUDE_FROM_COMMERCIAL_DATA_PIPELINE,https://preseea.uah.es/corpus-preseea,2026-08-28,PRESEEA states corpus materials are exclusively for research and commercial use is prohibited; citation is mandatory. Treat CORPEEU conservatively under the same restriction until corpus-specific terms are verified.,v1.19
7F-042,CORP-16,CORP,Wiktionary Spanish Frequency Lists,FREQUENCY_AUDIT / OPEN_AUDIT,SUPPORT / P3,https://en.wiktionary.org/wiki/Wiktionary:Frequency_lists/Spanish,Wiktionary plus heterogeneous underlying frequency-list providers,DATA_LICENSE_UNRESOLVED_OR_HETEROGENEOUS,NO_SINGLE_PRODUCT_LICENSE_VERIFIED,YES_IF_LAWFULLY_ACCESSED,YES_WITH_NORMAL_ACADEMIC_CITATION,YES_IF_LAWFULLY_ACCESSED,DO_NOT_BULK_INGEST_UNTIL_LICENSE_VERIFIED,NO_DEFAULT_INGEST; QUERY/REFERENCE_ONLY,YES_FOR_HIGH_LEVEL_RESEARCH_FINDINGS; NO_SOURCE_DATA_COPY,HOLD,HOLD,YES,NO_OR_NOT_APPLICABLE,UNKNOWN_OR_NOT_APPLICABLE,UNKNOWN_OR_NOT_APPLICABLE,VERIFY_FIRST,HIGH,LICENSE_HOLD_RESEARCH_ONLY,https://en.wiktionary.org/wiki/Wiktionary:Frequency_lists/Spanish,2026-08-28,Public accessibility or an academic paper does not establish a redistributable dataset license. Verify the exact downloadable file and upstream sources before any product ingestion.,v1.19
7F-043,CORP-17,CORP,ELELex / CEFRLex — léxico graduado de español L2,CEFR_GRADED_L2_LEXICON / PEDAGOGICAL_FREQUENCY,SUPPORT / P0,https://cental.uclouvain.be/cefrlex/elelex/,"CENTAL, UCLouvain / CEFRLex",CC_BY_NC_SA_4_0,CC BY-NC-SA 4.0,YES_IF_LAWFULLY_ACCESSED,YES_WITH_NORMAL_ACADEMIC_CITATION,YES_IF_LAWFULLY_ACCESSED,YES,YES_FOR_LICENSED_NONCOMMERCIAL_RESEARCH_TEACHING,YES_UNDER_LICENSE_FOR_NONCOMMERCIAL_SCOPE,NO,YES_ONLY_NONCOMMERCIAL_WITH_ATTRIBUTION_AND_SHAREALIKE,YES,YES,YES,NO,YES_FOR_COMMERCIAL_LICENSE,CRITICAL,RESEARCH_VALIDATION_ONLY_FOR_COMMERCIAL_PROJECT_UNLESS_SEPARATE_LICENSE,https://cental.uclouvain.be/cefrlex/elelex/download/,2026-08-28,ELELex download page explicitly licenses the resource CC BY-NC-SA 4.0 and frames use for research/teaching. Do not embed the dataset in a commercial SpanishStories product without separate permission.,v1.19
7F-044,CORP-18,CORP,FrequencyWords / OpenSubtitles2018 — español 50k,SURFACE_FREQUENCY_AUDIT / CONVERSATIONAL_SUBTITLE_SUPPORT,SUPPORT / P3,,hermitdave/FrequencyWords contributors; source frequencies from OpenSubtitles,CC_BY_SA_4_0_CONTENT_MIT_CODE,CC BY-SA 4.0 content; MIT code,YES_IF_LAWFULLY_ACCESSED,YES_WITH_NORMAL_ACADEMIC_CITATION,YES_IF_LAWFULLY_ACCESSED,YES,YES,YES,YES_WITH_CC_BY_SA_4_0_OBLIGATIONS,YES_UNDER_CC_BY_SA_4_0,YES,YES,NO,NO,NO_IF_LICENSE_TERMS_MET,LOW_MEDIUM,APPROVED_OPEN_DATA_CANDIDATE_WITH_SHAREALIKE_BOUNDARY,https://github.com/hermitdave/FrequencyWords,2026-08-28,Repository README states CC BY-SA 4.0 for content and MIT for code. Preserve attribution and assess how share-alike applies to any distributed derivative dataset; keep source data separable from proprietary application code.,v1.19
7F-045,LING-01,LING,Nueva gramática de la lengua española (NGLE),LINGUISTIC_VERIFICATION,SUPPORT / P1,,Real Academia Española / ASALE as applicable,RAE_ASALE_ALL_RIGHTS_RESERVED,NO_OPEN_LICENSE_VERIFIED,YES_IF_LAWFULLY_ACCESSED,YES_WITH_NORMAL_ACADEMIC_CITATION,YES_IF_LAWFULLY_ACCESSED,NO_BULK_EXTRACTION_FOR_PRODUCT,REFERENCE_QUERIES_AND_MINIMAL_NOTES_ONLY,YES_OWN_ANALYSIS_ONLY; NO_SUBSTANTIAL_EXTRACTION,NO_EXTRACTED_CONTENT_OR_DATABASE_REUSE_WITHOUT_WRITTEN_AUTHORIZATION,NO_WITHOUT_WRITTEN_AUTHORIZATION,YES,NO_OR_NOT_APPLICABLE,UNKNOWN_OR_NOT_APPLICABLE,UNKNOWN_OR_NOT_APPLICABLE,YES_FOR_COMMERCIAL_EXTRACTION_REUSE_REPRODUCTION,HIGH,VERIFICATION_ONLY_NOT_PRODUCT_DATA_SOURCE,https://www.asale.org/info/asale/aviso-legal,2026-08-28,"RAE/ASALE legal notice expressly prohibits commercial reproduction, transformation, distribution, public communication, extraction and/or reuse of all or part of site contents without prior written authorization.",v1.19
7F-046,LING-02,LING,Nueva gramática básica de la lengua española,LINGUISTIC_VERIFICATION,SUPPORT / P1,https://www.rae.es/obras-academicas/gramatica/nueva-gramatica-basica,Real Academia Española / ASALE as applicable,RAE_ASALE_ALL_RIGHTS_RESERVED,NO_OPEN_LICENSE_VERIFIED,YES_IF_LAWFULLY_ACCESSED,YES_WITH_NORMAL_ACADEMIC_CITATION,YES_IF_LAWFULLY_ACCESSED,NO_BULK_EXTRACTION_FOR_PRODUCT,REFERENCE_QUERIES_AND_MINIMAL_NOTES_ONLY,YES_OWN_ANALYSIS_ONLY; NO_SUBSTANTIAL_EXTRACTION,NO_EXTRACTED_CONTENT_OR_DATABASE_REUSE_WITHOUT_WRITTEN_AUTHORIZATION,NO_WITHOUT_WRITTEN_AUTHORIZATION,YES,NO_OR_NOT_APPLICABLE,UNKNOWN_OR_NOT_APPLICABLE,UNKNOWN_OR_NOT_APPLICABLE,YES_FOR_COMMERCIAL_EXTRACTION_REUSE_REPRODUCTION,HIGH,VERIFICATION_ONLY_NOT_PRODUCT_DATA_SOURCE,https://www.asale.org/info/asale/aviso-legal,2026-08-28,"RAE/ASALE legal notice expressly prohibits commercial reproduction, transformation, distribution, public communication, extraction and/or reuse of all or part of site contents without prior written authorization.",v1.19
7F-047,LING-03,LING,Glosario de términos gramaticales (GTG),LINGUISTIC_TERMINOLOGY,SUPPORT / P1,https://www.rae.es/gtg/,Real Academia Española / ASALE as applicable,RAE_ASALE_ALL_RIGHTS_RESERVED,NO_OPEN_LICENSE_VERIFIED,YES_IF_LAWFULLY_ACCESSED,YES_WITH_NORMAL_ACADEMIC_CITATION,YES_IF_LAWFULLY_ACCESSED,NO_BULK_EXTRACTION_FOR_PRODUCT,REFERENCE_QUERIES_AND_MINIMAL_NOTES_ONLY,YES_OWN_ANALYSIS_ONLY; NO_SUBSTANTIAL_EXTRACTION,NO_EXTRACTED_CONTENT_OR_DATABASE_REUSE_WITHOUT_WRITTEN_AUTHORIZATION,NO_WITHOUT_WRITTEN_AUTHORIZATION,YES,NO_OR_NOT_APPLICABLE,UNKNOWN_OR_NOT_APPLICABLE,UNKNOWN_OR_NOT_APPLICABLE,YES_FOR_COMMERCIAL_EXTRACTION_REUSE_REPRODUCTION,HIGH,VERIFICATION_ONLY_NOT_PRODUCT_DATA_SOURCE,https://www.asale.org/info/asale/aviso-legal,2026-08-28,"RAE/ASALE legal notice expressly prohibits commercial reproduction, transformation, distribution, public communication, extraction and/or reuse of all or part of site contents without prior written authorization.",v1.19
7F-048,LING-04,LING,Diccionario panhispánico de dudas (DPD),LINGUISTIC_VERIFICATION / VARIATION,SUPPORT / P1,https://www.rae.es/dpd/,Real Academia Española / ASALE as applicable,RAE_ASALE_ALL_RIGHTS_RESERVED,NO_OPEN_LICENSE_VERIFIED,YES_IF_LAWFULLY_ACCESSED,YES_WITH_NORMAL_ACADEMIC_CITATION,YES_IF_LAWFULLY_ACCESSED,NO_BULK_EXTRACTION_FOR_PRODUCT,REFERENCE_QUERIES_AND_MINIMAL_NOTES_ONLY,YES_OWN_ANALYSIS_ONLY; NO_SUBSTANTIAL_EXTRACTION,NO_EXTRACTED_CONTENT_OR_DATABASE_REUSE_WITHOUT_WRITTEN_AUTHORIZATION,NO_WITHOUT_WRITTEN_AUTHORIZATION,YES,NO_OR_NOT_APPLICABLE,UNKNOWN_OR_NOT_APPLICABLE,UNKNOWN_OR_NOT_APPLICABLE,YES_FOR_COMMERCIAL_EXTRACTION_REUSE_REPRODUCTION,HIGH,VERIFICATION_ONLY_NOT_PRODUCT_DATA_SOURCE,https://www.asale.org/info/asale/aviso-legal,2026-08-28,"RAE/ASALE legal notice expressly prohibits commercial reproduction, transformation, distribution, public communication, extraction and/or reuse of all or part of site contents without prior written authorization.",v1.19
7F-049,LING-05,LING,Diccionario de americanismos,LINGUISTIC_VERIFICATION / REGIONAL_VARIATION,SUPPORT / P1,https://www.asale.org/obras-academicas/diccionarios/diccionario-de-americanismos,Real Academia Española / ASALE as applicable,RAE_ASALE_ALL_RIGHTS_RESERVED,NO_OPEN_LICENSE_VERIFIED,YES_IF_LAWFULLY_ACCESSED,YES_WITH_NORMAL_ACADEMIC_CITATION,YES_IF_LAWFULLY_ACCESSED,NO_BULK_EXTRACTION_FOR_PRODUCT,REFERENCE_QUERIES_AND_MINIMAL_NOTES_ONLY,YES_OWN_ANALYSIS_ONLY; NO_SUBSTANTIAL_EXTRACTION,NO_EXTRACTED_CONTENT_OR_DATABASE_REUSE_WITHOUT_WRITTEN_AUTHORIZATION,NO_WITHOUT_WRITTEN_AUTHORIZATION,YES,NO_OR_NOT_APPLICABLE,UNKNOWN_OR_NOT_APPLICABLE,UNKNOWN_OR_NOT_APPLICABLE,YES_FOR_COMMERCIAL_EXTRACTION_REUSE_REPRODUCTION,HIGH,VERIFICATION_ONLY_NOT_PRODUCT_DATA_SOURCE,https://www.asale.org/info/asale/aviso-legal,2026-08-28,"RAE/ASALE legal notice expressly prohibits commercial reproduction, transformation, distribution, public communication, extraction and/or reuse of all or part of site contents without prior written authorization.",v1.19
7F-050,LING-06,LING,Diccionario de la lengua española (DLE),LEXICAL_VERIFICATION,SUPPORT / P1,https://dle.rae.es/,Real Academia Española / ASALE as applicable,RAE_ASALE_ALL_RIGHTS_RESERVED,NO_OPEN_LICENSE_VERIFIED,YES_IF_LAWFULLY_ACCESSED,YES_WITH_NORMAL_ACADEMIC_CITATION,YES_IF_LAWFULLY_ACCESSED,NO_BULK_EXTRACTION_FOR_PRODUCT,REFERENCE_QUERIES_AND_MINIMAL_NOTES_ONLY,YES_OWN_ANALYSIS_ONLY; NO_SUBSTANTIAL_EXTRACTION,NO_EXTRACTED_CONTENT_OR_DATABASE_REUSE_WITHOUT_WRITTEN_AUTHORIZATION,NO_WITHOUT_WRITTEN_AUTHORIZATION,YES,NO_OR_NOT_APPLICABLE,UNKNOWN_OR_NOT_APPLICABLE,UNKNOWN_OR_NOT_APPLICABLE,YES_FOR_COMMERCIAL_EXTRACTION_REUSE_REPRODUCTION,HIGH,VERIFICATION_ONLY_NOT_PRODUCT_DATA_SOURCE,https://www.asale.org/info/asale/aviso-legal,2026-08-28,"RAE/ASALE legal notice expressly prohibits commercial reproduction, transformation, distribution, public communication, extraction and/or reuse of all or part of site contents without prior written authorization.",v1.19
7F-051,LING-07,LING,Ortografía de la lengua española,ORTHOGRAPHIC_VERIFICATION,SUPPORT / P2,,Real Academia Española / ASALE as applicable,RAE_ASALE_ALL_RIGHTS_RESERVED,NO_OPEN_LICENSE_VERIFIED,YES_IF_LAWFULLY_ACCESSED,YES_WITH_NORMAL_ACADEMIC_CITATION,YES_IF_LAWFULLY_ACCESSED,NO_BULK_EXTRACTION_FOR_PRODUCT,REFERENCE_QUERIES_AND_MINIMAL_NOTES_ONLY,YES_OWN_ANALYSIS_ONLY; NO_SUBSTANTIAL_EXTRACTION,NO_EXTRACTED_CONTENT_OR_DATABASE_REUSE_WITHOUT_WRITTEN_AUTHORIZATION,NO_WITHOUT_WRITTEN_AUTHORIZATION,YES,NO_OR_NOT_APPLICABLE,UNKNOWN_OR_NOT_APPLICABLE,UNKNOWN_OR_NOT_APPLICABLE,YES_FOR_COMMERCIAL_EXTRACTION_REUSE_REPRODUCTION,HIGH,VERIFICATION_ONLY_NOT_PRODUCT_DATA_SOURCE,https://www.asale.org/info/asale/aviso-legal,2026-08-28,"RAE/ASALE legal notice expressly prohibits commercial reproduction, transformation, distribution, public communication, extraction and/or reuse of all or part of site contents without prior written authorization.",v1.19
7F-052,PED-01,PED,UC Davis / Coursera — Basic Spanish Vocabulary,PEDAGOGICAL_AUDIT,SUPPORT / P2-P3,https://www.coursera.org/specializations/learn-spanish,Institution/editorial/site rightsholder,COPYRIGHT_PEDAGOGICAL_MATERIAL_NO_PRODUCT_LICENSE_VERIFIED,NO_OPEN_COMMERCIAL_LICENSE_VERIFIED,YES_IF_LAWFULLY_ACCESSED,YES_WITH_NORMAL_ACADEMIC_CITATION,YES_IF_LAWFULLY_ACCESSED,PUBLIC_PAGE_OR_PDF_ONLY_AS_PROVIDED,REFERENCE_COPY_OR_CITATION_ONLY,YES_TOPIC/PATTERN_ATTESTATION_IN_OWN_WORDS,NO_COPYING_OF_LESSONS_LISTS_EXERCISES_OR_TEXTS,NO,YES,NO_OR_NOT_APPLICABLE,UNKNOWN_OR_NOT_APPLICABLE,UNKNOWN_OR_NOT_APPLICABLE,YES_FOR_REUSE,MEDIUM,AUDIT_SIGNAL_ONLY_NO_SOURCE_CONTENT_REUSE,https://www.coursera.org/specializations/learn-spanish,2026-08-28,"Treat the source as evidence that a domain/unit is taught, not as a licensable vocabulary/content bank. Do not copy lesson text, exercise items, tables or proprietary sequencing.",v1.19
7F-053,PED-02,PED,JUNTXS — University of Queensland,PEDAGOGICAL_AUDIT / OER,SUPPORT / P2-P3,https://uq.pressbooks.pub/introspanish/,University of Queensland / Adriana Diaz,CC_BY_NC_SA_4_0,CC BY-NC-SA 4.0 except where otherwise noted,YES_IF_LAWFULLY_ACCESSED,YES_WITH_NORMAL_ACADEMIC_CITATION,YES_IF_LAWFULLY_ACCESSED,YES_FOR_LICENSED_NONCOMMERCIAL_USE,YES_FOR_RESEARCH,YES_FOR_NONCOMMERCIAL_RESEARCH,NO,NONCOMMERCIAL_ONLY_WITH_ATTRIBUTION_AND_SHAREALIKE,YES,YES,YES,NO,YES_FOR_COMMERCIAL_USE,HIGH,PEDAGOGICAL_RESEARCH_ONLY_FOR_COMMERCIAL_PROJECT,https://uq.pressbooks.pub/introspanish/,2026-08-28,JUNTXS is CC BY-NC-SA 4.0 except where noted. It may inform audit but should not be copied into a commercial product without permission.,v1.19
7F-054,PED-03,PED,Difusión — Aula Internacional Plus 1,PEDAGOGICAL_AUDIT / EDITORIAL_BENCHMARK,SUPPORT / P2-P3,https://difusion.com/catalogo/aula-internacional-plus/,Institution/editorial/site rightsholder,COPYRIGHT_PEDAGOGICAL_MATERIAL_NO_PRODUCT_LICENSE_VERIFIED,NO_OPEN_COMMERCIAL_LICENSE_VERIFIED,YES_IF_LAWFULLY_ACCESSED,YES_WITH_NORMAL_ACADEMIC_CITATION,YES_IF_LAWFULLY_ACCESSED,PUBLIC_PAGE_OR_PDF_ONLY_AS_PROVIDED,REFERENCE_COPY_OR_CITATION_ONLY,YES_TOPIC/PATTERN_ATTESTATION_IN_OWN_WORDS,NO_COPYING_OF_LESSONS_LISTS_EXERCISES_OR_TEXTS,NO,YES,NO_OR_NOT_APPLICABLE,UNKNOWN_OR_NOT_APPLICABLE,UNKNOWN_OR_NOT_APPLICABLE,YES_FOR_REUSE,HIGH,AUDIT_SIGNAL_ONLY_NO_SOURCE_CONTENT_REUSE,https://difusion.com/catalogo/aula-internacional-plus/,2026-08-28,"Treat the source as evidence that a domain/unit is taught, not as a licensable vocabulary/content bank. Do not copy lesson text, exercise items, tables or proprietary sequencing.",v1.19
7F-055,PED-04,PED,Edinumen — materiales A1,PEDAGOGICAL_AUDIT / EDITORIAL_BENCHMARK,SUPPORT / P2-P3,https://edinumen.es/,Institution/editorial/site rightsholder,COPYRIGHT_PEDAGOGICAL_MATERIAL_NO_PRODUCT_LICENSE_VERIFIED,NO_OPEN_COMMERCIAL_LICENSE_VERIFIED,YES_IF_LAWFULLY_ACCESSED,YES_WITH_NORMAL_ACADEMIC_CITATION,YES_IF_LAWFULLY_ACCESSED,PUBLIC_PAGE_OR_PDF_ONLY_AS_PROVIDED,REFERENCE_COPY_OR_CITATION_ONLY,YES_TOPIC/PATTERN_ATTESTATION_IN_OWN_WORDS,NO_COPYING_OF_LESSONS_LISTS_EXERCISES_OR_TEXTS,NO,YES,NO_OR_NOT_APPLICABLE,UNKNOWN_OR_NOT_APPLICABLE,UNKNOWN_OR_NOT_APPLICABLE,YES_FOR_REUSE,HIGH,AUDIT_SIGNAL_ONLY_NO_SOURCE_CONTENT_REUSE,https://edinumen.es/,2026-08-28,"Treat the source as evidence that a domain/unit is taught, not as a licensable vocabulary/content bank. Do not copy lesson text, exercise items, tables or proprietary sequencing.",v1.19
7F-056,PED-05,PED,"Universitat de Barcelona, programa Lengua española A1",PEDAGOGICAL_A1_AUDIT_ONLY,SUPPORT / P3,,Institution/editorial/site rightsholder,COPYRIGHT_PEDAGOGICAL_MATERIAL_NO_PRODUCT_LICENSE_VERIFIED,NO_OPEN_COMMERCIAL_LICENSE_VERIFIED,YES_IF_LAWFULLY_ACCESSED,YES_WITH_NORMAL_ACADEMIC_CITATION,YES_IF_LAWFULLY_ACCESSED,PUBLIC_PAGE_OR_PDF_ONLY_AS_PROVIDED,REFERENCE_COPY_OR_CITATION_ONLY,YES_TOPIC/PATTERN_ATTESTATION_IN_OWN_WORDS,NO_COPYING_OF_LESSONS_LISTS_EXERCISES_OR_TEXTS,NO,YES,NO_OR_NOT_APPLICABLE,UNKNOWN_OR_NOT_APPLICABLE,UNKNOWN_OR_NOT_APPLICABLE,YES_FOR_REUSE,MEDIUM,AUDIT_SIGNAL_ONLY_NO_SOURCE_CONTENT_REUSE,,2026-08-28,"Treat the source as evidence that a domain/unit is taught, not as a licensable vocabulary/content bank. Do not copy lesson text, exercise items, tables or proprietary sequencing.",v1.19
7F-057,PED-06,PED,Erasmus University Rotterdam — Spanish A1 (beginners),UNIVERSITY_A1_DOMAIN_CORROBORATION,SUPPORT / P2,https://www.eur.nl/en/education/language-training-centre/spanish/spanish-a1-beginners,Institution/editorial/site rightsholder,COPYRIGHT_PEDAGOGICAL_MATERIAL_NO_PRODUCT_LICENSE_VERIFIED,NO_OPEN_COMMERCIAL_LICENSE_VERIFIED,YES_IF_LAWFULLY_ACCESSED,YES_WITH_NORMAL_ACADEMIC_CITATION,YES_IF_LAWFULLY_ACCESSED,PUBLIC_PAGE_OR_PDF_ONLY_AS_PROVIDED,REFERENCE_COPY_OR_CITATION_ONLY,YES_TOPIC/PATTERN_ATTESTATION_IN_OWN_WORDS,NO_COPYING_OF_LESSONS_LISTS_EXERCISES_OR_TEXTS,NO,YES,NO_OR_NOT_APPLICABLE,UNKNOWN_OR_NOT_APPLICABLE,UNKNOWN_OR_NOT_APPLICABLE,YES_FOR_REUSE,MEDIUM,AUDIT_SIGNAL_ONLY_NO_SOURCE_CONTENT_REUSE,https://www.eur.nl/en/education/language-training-centre/spanish/spanish-a1-beginners,2026-08-28,"Treat the source as evidence that a domain/unit is taught, not as a licensable vocabulary/content bank. Do not copy lesson text, exercise items, tables or proprietary sequencing.",v1.19
7F-058,PED-07,PED,iEspanol — A1 Lesson 21: Home and Family,PEDAGOGICAL_A1_EXTENSION_AUDIT,SUPPORT / P4,https://iespanol.org/a1-lesson-21/,Institution/editorial/site rightsholder,COPYRIGHT_PEDAGOGICAL_MATERIAL_NO_PRODUCT_LICENSE_VERIFIED,NO_OPEN_COMMERCIAL_LICENSE_VERIFIED,YES_IF_LAWFULLY_ACCESSED,YES_WITH_NORMAL_ACADEMIC_CITATION,YES_IF_LAWFULLY_ACCESSED,PUBLIC_PAGE_OR_PDF_ONLY_AS_PROVIDED,REFERENCE_COPY_OR_CITATION_ONLY,YES_TOPIC/PATTERN_ATTESTATION_IN_OWN_WORDS,NO_COPYING_OF_LESSONS_LISTS_EXERCISES_OR_TEXTS,NO,YES,NO_OR_NOT_APPLICABLE,UNKNOWN_OR_NOT_APPLICABLE,UNKNOWN_OR_NOT_APPLICABLE,YES_FOR_REUSE,MEDIUM,AUDIT_SIGNAL_ONLY_NO_SOURCE_CONTENT_REUSE,https://iespanol.org/a1-lesson-21/,2026-08-28,"Treat the source as evidence that a domain/unit is taught, not as a licensable vocabulary/content bank. Do not copy lesson text, exercise items, tables or proprietary sequencing.",v1.19
7F-059,PED-08,PED,Tucaneo — La Casa,PEDAGOGICAL_A1_EXTENSION_AUDIT,SUPPORT / P4,https://tucaneo.com/A1/modulo_3/La_Casa,Institution/editorial/site rightsholder,COPYRIGHT_PEDAGOGICAL_MATERIAL_NO_PRODUCT_LICENSE_VERIFIED,NO_OPEN_COMMERCIAL_LICENSE_VERIFIED,YES_IF_LAWFULLY_ACCESSED,YES_WITH_NORMAL_ACADEMIC_CITATION,YES_IF_LAWFULLY_ACCESSED,PUBLIC_PAGE_OR_PDF_ONLY_AS_PROVIDED,REFERENCE_COPY_OR_CITATION_ONLY,YES_TOPIC/PATTERN_ATTESTATION_IN_OWN_WORDS,NO_COPYING_OF_LESSONS_LISTS_EXERCISES_OR_TEXTS,NO,YES,NO_OR_NOT_APPLICABLE,UNKNOWN_OR_NOT_APPLICABLE,UNKNOWN_OR_NOT_APPLICABLE,YES_FOR_REUSE,MEDIUM,AUDIT_SIGNAL_ONLY_NO_SOURCE_CONTENT_REUSE,https://tucaneo.com/A1/modulo_3/La_Casa,2026-08-28,"Treat the source as evidence that a domain/unit is taught, not as a licensable vocabulary/content bank. Do not copy lesson text, exercise items, tables or proprietary sequencing.",v1.19
7F-060,PED-09,PED,Universitat Politècnica de València — Elementary Spanish A1,UNIVERSITY_A1_DOMAIN_CORROBORATION / ACADEMIC_CONTEXT,SUPPORT / P2,https://www.cfp.upv.es/formacion-permanente/curso/elementary-spanish-a1_103416.html,Institution/editorial/site rightsholder,COPYRIGHT_PEDAGOGICAL_MATERIAL_NO_PRODUCT_LICENSE_VERIFIED,NO_OPEN_COMMERCIAL_LICENSE_VERIFIED,YES_IF_LAWFULLY_ACCESSED,YES_WITH_NORMAL_ACADEMIC_CITATION,YES_IF_LAWFULLY_ACCESSED,PUBLIC_PAGE_OR_PDF_ONLY_AS_PROVIDED,REFERENCE_COPY_OR_CITATION_ONLY,YES_TOPIC/PATTERN_ATTESTATION_IN_OWN_WORDS,NO_COPYING_OF_LESSONS_LISTS_EXERCISES_OR_TEXTS,NO,YES,NO_OR_NOT_APPLICABLE,UNKNOWN_OR_NOT_APPLICABLE,UNKNOWN_OR_NOT_APPLICABLE,YES_FOR_REUSE,MEDIUM,AUDIT_SIGNAL_ONLY_NO_SOURCE_CONTENT_REUSE,https://www.cfp.upv.es/formacion-permanente/curso/elementary-spanish-a1_103416.html,2026-08-28,"Treat the source as evidence that a domain/unit is taught, not as a licensable vocabulary/content bank. Do not copy lesson text, exercise items, tables or proprietary sequencing.",v1.19
7F-061,PED-10,PED,Paderborn University — Spanish A1,UNIVERSITY_A1_DOMAIN_CORROBORATION / CITY,SUPPORT / P2,https://www.uni-paderborn.de/en/zfs/language-courses-for-students/spanish/spanish-a1,Institution/editorial/site rightsholder,COPYRIGHT_PEDAGOGICAL_MATERIAL_NO_PRODUCT_LICENSE_VERIFIED,NO_OPEN_COMMERCIAL_LICENSE_VERIFIED,YES_IF_LAWFULLY_ACCESSED,YES_WITH_NORMAL_ACADEMIC_CITATION,YES_IF_LAWFULLY_ACCESSED,PUBLIC_PAGE_OR_PDF_ONLY_AS_PROVIDED,REFERENCE_COPY_OR_CITATION_ONLY,YES_TOPIC/PATTERN_ATTESTATION_IN_OWN_WORDS,NO_COPYING_OF_LESSONS_LISTS_EXERCISES_OR_TEXTS,NO,YES,NO_OR_NOT_APPLICABLE,UNKNOWN_OR_NOT_APPLICABLE,UNKNOWN_OR_NOT_APPLICABLE,YES_FOR_REUSE,MEDIUM,AUDIT_SIGNAL_ONLY_NO_SOURCE_CONTENT_REUSE,https://www.uni-paderborn.de/en/zfs/language-courses-for-students/spanish/spanish-a1,2026-08-28,"Treat the source as evidence that a domain/unit is taught, not as a licensable vocabulary/content bank. Do not copy lesson text, exercise items, tables or proprietary sequencing.",v1.19
7F-062,PED-11,PED,AIL Español — vocabulario de la ciudad A1,PEDAGOGICAL_A1_EXTENSION_AUDIT / CITY_STRESS_TEST,SUPPORT / P4,https://ailespanol.com/learning-resources/spanish-city-vocabulary-a1-exercise/,Institution/editorial/site rightsholder,COPYRIGHT_PEDAGOGICAL_MATERIAL_NO_PRODUCT_LICENSE_VERIFIED,NO_OPEN_COMMERCIAL_LICENSE_VERIFIED,YES_IF_LAWFULLY_ACCESSED,YES_WITH_NORMAL_ACADEMIC_CITATION,YES_IF_LAWFULLY_ACCESSED,PUBLIC_PAGE_OR_PDF_ONLY_AS_PROVIDED,REFERENCE_COPY_OR_CITATION_ONLY,YES_TOPIC/PATTERN_ATTESTATION_IN_OWN_WORDS,NO_COPYING_OF_LESSONS_LISTS_EXERCISES_OR_TEXTS,NO,YES,NO_OR_NOT_APPLICABLE,UNKNOWN_OR_NOT_APPLICABLE,UNKNOWN_OR_NOT_APPLICABLE,YES_FOR_REUSE,MEDIUM,AUDIT_SIGNAL_ONLY_NO_SOURCE_CONTENT_REUSE,https://ailespanol.com/learning-resources/spanish-city-vocabulary-a1-exercise/,2026-08-28,"Treat the source as evidence that a domain/unit is taught, not as a licensable vocabulary/content bank. Do not copy lesson text, exercise items, tables or proprietary sequencing.",v1.19
7F-063,PED-12,PED,Instituto Cervantes de Mánchester — Nivel Inicial 1/2 (A1.1/A1.2),INSTITUTIONAL_A1_IMPLEMENTATION / PEDAGOGICAL_TRIANGULATION,SUPPORT / P1,https://manchester.cervantes.es/es/cursos_espanol/cursos_generales/inicial/cursos_inicial_1.htm,Instituto Cervantes,COPYRIGHT_PEDAGOGICAL_MATERIAL_NO_PRODUCT_LICENSE_VERIFIED,NO_OPEN_COMMERCIAL_LICENSE_VERIFIED,YES_IF_LAWFULLY_ACCESSED,YES_WITH_NORMAL_ACADEMIC_CITATION,YES_IF_LAWFULLY_ACCESSED,PUBLIC_PAGE_OR_PDF_ONLY_AS_PROVIDED,REFERENCE_COPY_OR_CITATION_ONLY,YES_TOPIC/PATTERN_ATTESTATION_IN_OWN_WORDS,NO_COPYING_OF_LESSONS_LISTS_EXERCISES_OR_TEXTS,NO,YES,NO_OR_NOT_APPLICABLE,UNKNOWN_OR_NOT_APPLICABLE,UNKNOWN_OR_NOT_APPLICABLE,YES_FOR_REUSE,HIGH,AUDIT_SIGNAL_ONLY_NO_SOURCE_CONTENT_REUSE,https://mapadelatraduccion.cervantes.es/aviso-legal,2026-08-28,"Treat the source as evidence that a domain/unit is taught, not as a licensable vocabulary/content bank. Do not copy lesson text, exercise items, tables or proprietary sequencing.",v1.19
7F-064,PED-13,PED,"Universidad San Jorge — Curso de español A1 para alumnos de intercambio, 2025-2026",UNIVERSITY_A1_DETAILED_SYLLABUS / PEDAGOGICAL_TRIANGULATION,SUPPORT / P1,https://www.usj.es/sites/default/files/content/Guida%20docente_Course%20guide%20Spanish%20A1_VR-C2.pdf,Institution/editorial/site rightsholder,COPYRIGHT_PEDAGOGICAL_MATERIAL_NO_PRODUCT_LICENSE_VERIFIED,NO_OPEN_COMMERCIAL_LICENSE_VERIFIED,YES_IF_LAWFULLY_ACCESSED,YES_WITH_NORMAL_ACADEMIC_CITATION,YES_IF_LAWFULLY_ACCESSED,PUBLIC_PAGE_OR_PDF_ONLY_AS_PROVIDED,REFERENCE_COPY_OR_CITATION_ONLY,YES_TOPIC/PATTERN_ATTESTATION_IN_OWN_WORDS,NO_COPYING_OF_LESSONS_LISTS_EXERCISES_OR_TEXTS,NO,YES,NO_OR_NOT_APPLICABLE,UNKNOWN_OR_NOT_APPLICABLE,UNKNOWN_OR_NOT_APPLICABLE,YES_FOR_REUSE,MEDIUM,AUDIT_SIGNAL_ONLY_NO_SOURCE_CONTENT_REUSE,https://www.usj.es/sites/default/files/content/Guida%20docente_Course%20guide%20Spanish%20A1_VR-C2.pdf,2026-08-28,"Treat the source as evidence that a domain/unit is taught, not as a licensable vocabulary/content bank. Do not copy lesson text, exercise items, tables or proprietary sequencing.",v1.19
7F-065,SCI-01,SCI,"Krashen (1982), *Principles and Practice in Second Language Acquisition*",SCIENTIFIC_EVIDENCE / HISTORICAL_THEORY,HISTORICAL-FOUNDATIONAL / P1,,Authors / publisher or repository,COPYRIGHT_BOOK_OR_CHAPTER,NO_OPEN_LICENSE_VERIFIED,YES_IF_LAWFULLY_ACCESSED,YES_WITH_NORMAL_ACADEMIC_CITATION,YES_IF_LAWFULLY_ACCESSED,ARTICLE_ACCESS_AS_LAWFULLY_AVAILABLE,BIBLIOGRAPHIC_METADATA_AND_REFERENCE_COPY_IF_LICENSED,YES_OWN_SYNTHESIS_RESULTS_AND_CITATIONS,YES_FOR_OWN_SCIENTIFIC_CONCLUSIONS; NO_ARTICLE_TEXT_REUSE_BY_DEFAULT,NO,YES,NO_OR_NOT_APPLICABLE,UNKNOWN_OR_NOT_APPLICABLE,UNKNOWN_OR_NOT_APPLICABLE,YES_FOR_REPRODUCTION,MEDIUM_HIGH,CITATION_ANALYSIS_ONLY,,2026-08-28,"Scientific findings may inform SpanishStories; store citations, extracted variables and independently authored synthesis. Article text/tables/figures follow the publisher or article license and are not product data by default.",v1.19
7F-066,SCI-02,SCI,"Schmidt (1990), *The Role of Consciousness in Second Language Learning*",SCIENTIFIC_EVIDENCE / HISTORICAL_THEORY,SUPPORT / P2,,Authors / publisher or repository,COPYRIGHT_OR_LICENSE_NOT_PRODUCT_GRANT,NOT_VERIFIED,YES_IF_LAWFULLY_ACCESSED,YES_WITH_NORMAL_ACADEMIC_CITATION,YES_IF_LAWFULLY_ACCESSED,ARTICLE_ACCESS_AS_LAWFULLY_AVAILABLE,BIBLIOGRAPHIC_METADATA_AND_REFERENCE_COPY_IF_LICENSED,YES_OWN_SYNTHESIS_RESULTS_AND_CITATIONS,YES_FOR_OWN_SCIENTIFIC_CONCLUSIONS; NO_ARTICLE_TEXT_REUSE_BY_DEFAULT,NO_BY_DEFAULT,YES,NO_OR_NOT_APPLICABLE,UNKNOWN_OR_NOT_APPLICABLE,UNKNOWN_OR_NOT_APPLICABLE,ONLY_FOR_COPYING_PROTECTED_CONTENT,LOW_MEDIUM,SCIENTIFIC_EVIDENCE_CITATION_LAYER,,2026-08-28,"Scientific findings may inform SpanishStories; store citations, extracted variables and independently authored synthesis. Article text/tables/figures follow the publisher or article license and are not product data by default.",v1.19
7F-067,SCI-03,SCI,"Swain (1985), comprehensible output",SCIENTIFIC_EVIDENCE / HISTORICAL_THEORY,SUPPORT / P2,,Authors / publisher or repository,COPYRIGHT_BOOK_OR_CHAPTER,NO_OPEN_LICENSE_VERIFIED,YES_IF_LAWFULLY_ACCESSED,YES_WITH_NORMAL_ACADEMIC_CITATION,YES_IF_LAWFULLY_ACCESSED,ARTICLE_ACCESS_AS_LAWFULLY_AVAILABLE,BIBLIOGRAPHIC_METADATA_AND_REFERENCE_COPY_IF_LICENSED,YES_OWN_SYNTHESIS_RESULTS_AND_CITATIONS,YES_FOR_OWN_SCIENTIFIC_CONCLUSIONS; NO_ARTICLE_TEXT_REUSE_BY_DEFAULT,NO,YES,NO_OR_NOT_APPLICABLE,UNKNOWN_OR_NOT_APPLICABLE,UNKNOWN_OR_NOT_APPLICABLE,YES_FOR_REPRODUCTION,MEDIUM_HIGH,CITATION_ANALYSIS_ONLY,,2026-08-28,"Scientific findings may inform SpanishStories; store citations, extracted variables and independently authored synthesis. Article text/tables/figures follow the publisher or article license and are not product data by default.",v1.19
7F-068,SCI-04,SCI,"Long (1996), interacción y entorno lingüístico",SCIENTIFIC_EVIDENCE / HISTORICAL_THEORY,SUPPORT / P2,,Authors / publisher or repository,COPYRIGHT_BOOK_OR_CHAPTER,NO_OPEN_LICENSE_VERIFIED,YES_IF_LAWFULLY_ACCESSED,YES_WITH_NORMAL_ACADEMIC_CITATION,YES_IF_LAWFULLY_ACCESSED,ARTICLE_ACCESS_AS_LAWFULLY_AVAILABLE,BIBLIOGRAPHIC_METADATA_AND_REFERENCE_COPY_IF_LICENSED,YES_OWN_SYNTHESIS_RESULTS_AND_CITATIONS,YES_FOR_OWN_SCIENTIFIC_CONCLUSIONS; NO_ARTICLE_TEXT_REUSE_BY_DEFAULT,NO,YES,NO_OR_NOT_APPLICABLE,UNKNOWN_OR_NOT_APPLICABLE,UNKNOWN_OR_NOT_APPLICABLE,YES_FOR_REPRODUCTION,MEDIUM_HIGH,CITATION_ANALYSIS_ONLY,,2026-08-28,"Scientific findings may inform SpanishStories; store citations, extracted variables and independently authored synthesis. Article text/tables/figures follow the publisher or article license and are not product data by default.",v1.19
7F-069,SCI-05,SCI,"Hu & Nation (2000), *Unknown vocabulary density and reading comprehension*",SCIENTIFIC_EVIDENCE / LEXICAL_COVERAGE,CORE-SCIENCE / P1,,Authors / publisher or repository,COPYRIGHT_OR_LICENSE_NOT_PRODUCT_GRANT,NOT_VERIFIED,YES_IF_LAWFULLY_ACCESSED,YES_WITH_NORMAL_ACADEMIC_CITATION,YES_IF_LAWFULLY_ACCESSED,ARTICLE_ACCESS_AS_LAWFULLY_AVAILABLE,BIBLIOGRAPHIC_METADATA_AND_REFERENCE_COPY_IF_LICENSED,YES_OWN_SYNTHESIS_RESULTS_AND_CITATIONS,YES_FOR_OWN_SCIENTIFIC_CONCLUSIONS; NO_ARTICLE_TEXT_REUSE_BY_DEFAULT,NO_BY_DEFAULT,YES,NO_OR_NOT_APPLICABLE,UNKNOWN_OR_NOT_APPLICABLE,UNKNOWN_OR_NOT_APPLICABLE,ONLY_FOR_COPYING_PROTECTED_CONTENT,LOW_MEDIUM,SCIENTIFIC_EVIDENCE_CITATION_LAYER,,2026-08-28,"Scientific findings may inform SpanishStories; store citations, extracted variables and independently authored synthesis. Article text/tables/figures follow the publisher or article license and are not product data by default.",v1.19
7F-070,SCI-06,SCI,"Schmitt, Jiang & Grabe (2011), porcentaje de palabras conocidas y comprensión",SCIENTIFIC_EVIDENCE / LEXICAL_COVERAGE,CORE-SCIENCE / P1,,Authors / publisher or repository,COPYRIGHT_OR_LICENSE_NOT_PRODUCT_GRANT,NOT_VERIFIED,YES_IF_LAWFULLY_ACCESSED,YES_WITH_NORMAL_ACADEMIC_CITATION,YES_IF_LAWFULLY_ACCESSED,ARTICLE_ACCESS_AS_LAWFULLY_AVAILABLE,BIBLIOGRAPHIC_METADATA_AND_REFERENCE_COPY_IF_LICENSED,YES_OWN_SYNTHESIS_RESULTS_AND_CITATIONS,YES_FOR_OWN_SCIENTIFIC_CONCLUSIONS; NO_ARTICLE_TEXT_REUSE_BY_DEFAULT,NO_BY_DEFAULT,YES,NO_OR_NOT_APPLICABLE,UNKNOWN_OR_NOT_APPLICABLE,UNKNOWN_OR_NOT_APPLICABLE,ONLY_FOR_COPYING_PROTECTED_CONTENT,LOW_MEDIUM,SCIENTIFIC_EVIDENCE_CITATION_LAYER,,2026-08-28,"Scientific findings may inform SpanishStories; store citations, extracted variables and independently authored synthesis. Article text/tables/figures follow the publisher or article license and are not product data by default.",v1.19
7F-071,SCI-07,SCI,"Kremmel et al., replicación moderna de Hu & Nation",SCIENTIFIC_EVIDENCE / REPLICATION,CORE-SCIENCE / P1,,Authors / publisher or repository,COPYRIGHT_OR_LICENSE_NOT_PRODUCT_GRANT,NOT_VERIFIED,YES_IF_LAWFULLY_ACCESSED,YES_WITH_NORMAL_ACADEMIC_CITATION,YES_IF_LAWFULLY_ACCESSED,ARTICLE_ACCESS_AS_LAWFULLY_AVAILABLE,BIBLIOGRAPHIC_METADATA_AND_REFERENCE_COPY_IF_LICENSED,YES_OWN_SYNTHESIS_RESULTS_AND_CITATIONS,YES_FOR_OWN_SCIENTIFIC_CONCLUSIONS; NO_ARTICLE_TEXT_REUSE_BY_DEFAULT,NO_BY_DEFAULT,YES,NO_OR_NOT_APPLICABLE,UNKNOWN_OR_NOT_APPLICABLE,UNKNOWN_OR_NOT_APPLICABLE,ONLY_FOR_COPYING_PROTECTED_CONTENT,LOW_MEDIUM,SCIENTIFIC_EVIDENCE_CITATION_LAYER,,2026-08-28,"Scientific findings may inform SpanishStories; store citations, extracted variables and independently authored synthesis. Article text/tables/figures follow the publisher or article license and are not product data by default.",v1.19
7F-072,SCI-08,SCI,"Nation (2006), tamaño de vocabulario para lectura y escucha",SCIENTIFIC_EVIDENCE / VOCABULARY_SIZE,SUPPORT / P1,,Authors / publisher or repository,COPYRIGHT_OR_LICENSE_NOT_PRODUCT_GRANT,NOT_VERIFIED,YES_IF_LAWFULLY_ACCESSED,YES_WITH_NORMAL_ACADEMIC_CITATION,YES_IF_LAWFULLY_ACCESSED,ARTICLE_ACCESS_AS_LAWFULLY_AVAILABLE,BIBLIOGRAPHIC_METADATA_AND_REFERENCE_COPY_IF_LICENSED,YES_OWN_SYNTHESIS_RESULTS_AND_CITATIONS,YES_FOR_OWN_SCIENTIFIC_CONCLUSIONS; NO_ARTICLE_TEXT_REUSE_BY_DEFAULT,NO_BY_DEFAULT,YES,NO_OR_NOT_APPLICABLE,UNKNOWN_OR_NOT_APPLICABLE,UNKNOWN_OR_NOT_APPLICABLE,ONLY_FOR_COPYING_PROTECTED_CONTENT,LOW_MEDIUM,SCIENTIFIC_EVIDENCE_CITATION_LAYER,,2026-08-28,"Scientific findings may inform SpanishStories; store citations, extracted variables and independently authored synthesis. Article text/tables/figures follow the publisher or article license and are not product data by default.",v1.19
7F-073,SCI-09,SCI,"Webb (2008), conocimiento receptivo y productivo",SCIENTIFIC_EVIDENCE / RECEPTIVE_PRODUCTIVE,CORE-SCIENCE / P1,,Authors / publisher or repository,COPYRIGHT_OR_LICENSE_NOT_PRODUCT_GRANT,NOT_VERIFIED,YES_IF_LAWFULLY_ACCESSED,YES_WITH_NORMAL_ACADEMIC_CITATION,YES_IF_LAWFULLY_ACCESSED,ARTICLE_ACCESS_AS_LAWFULLY_AVAILABLE,BIBLIOGRAPHIC_METADATA_AND_REFERENCE_COPY_IF_LICENSED,YES_OWN_SYNTHESIS_RESULTS_AND_CITATIONS,YES_FOR_OWN_SCIENTIFIC_CONCLUSIONS; NO_ARTICLE_TEXT_REUSE_BY_DEFAULT,NO_BY_DEFAULT,YES,NO_OR_NOT_APPLICABLE,UNKNOWN_OR_NOT_APPLICABLE,UNKNOWN_OR_NOT_APPLICABLE,ONLY_FOR_COPYING_PROTECTED_CONTENT,LOW_MEDIUM,SCIENTIFIC_EVIDENCE_CITATION_LAYER,,2026-08-28,"Scientific findings may inform SpanishStories; store citations, extracted variables and independently authored synthesis. Article text/tables/figures follow the publisher or article license and are not product data by default.",v1.19
7F-074,SCI-10,SCI,"Wray (2002), *Formulaic Language and the Lexicon*",SCIENTIFIC_EVIDENCE / FORMULAIC_LANGUAGE,CORE-SCIENCE / P1,,Authors / publisher or repository,COPYRIGHT_BOOK_OR_CHAPTER,NO_OPEN_LICENSE_VERIFIED,YES_IF_LAWFULLY_ACCESSED,YES_WITH_NORMAL_ACADEMIC_CITATION,YES_IF_LAWFULLY_ACCESSED,ARTICLE_ACCESS_AS_LAWFULLY_AVAILABLE,BIBLIOGRAPHIC_METADATA_AND_REFERENCE_COPY_IF_LICENSED,YES_OWN_SYNTHESIS_RESULTS_AND_CITATIONS,YES_FOR_OWN_SCIENTIFIC_CONCLUSIONS; NO_ARTICLE_TEXT_REUSE_BY_DEFAULT,NO,YES,NO_OR_NOT_APPLICABLE,UNKNOWN_OR_NOT_APPLICABLE,UNKNOWN_OR_NOT_APPLICABLE,YES_FOR_REPRODUCTION,MEDIUM_HIGH,CITATION_ANALYSIS_ONLY,,2026-08-28,"Scientific findings may inform SpanishStories; store citations, extracted variables and independently authored synthesis. Article text/tables/figures follow the publisher or article license and are not product data by default.",v1.19
7F-075,SCI-11,SCI,"Siyanova-Chanturia & Pellicer-Sánchez (eds.) (2019), *Understanding Formulaic Language*",SCIENTIFIC_EVIDENCE / FORMULAIC_LANGUAGE,SUPPORT / P1,,Authors / publisher or repository,COPYRIGHT_BOOK_OR_CHAPTER,NO_OPEN_LICENSE_VERIFIED,YES_IF_LAWFULLY_ACCESSED,YES_WITH_NORMAL_ACADEMIC_CITATION,YES_IF_LAWFULLY_ACCESSED,ARTICLE_ACCESS_AS_LAWFULLY_AVAILABLE,BIBLIOGRAPHIC_METADATA_AND_REFERENCE_COPY_IF_LICENSED,YES_OWN_SYNTHESIS_RESULTS_AND_CITATIONS,YES_FOR_OWN_SCIENTIFIC_CONCLUSIONS; NO_ARTICLE_TEXT_REUSE_BY_DEFAULT,NO,YES,NO_OR_NOT_APPLICABLE,UNKNOWN_OR_NOT_APPLICABLE,UNKNOWN_OR_NOT_APPLICABLE,YES_FOR_REPRODUCTION,MEDIUM_HIGH,CITATION_ANALYSIS_ONLY,,2026-08-28,"Scientific findings may inform SpanishStories; store citations, extracted variables and independently authored synthesis. Article text/tables/figures follow the publisher or article license and are not product data by default.",v1.19
7F-076,SCI-12,SCI,"Webb, Uchihara & Yanagisawa (2023), meta-análisis de aprendizaje incidental de vocabulario",SCIENTIFIC_EVIDENCE / VOCABULARY_ACQUISITION,CORE-SCIENCE / P0,,Authors / publisher or repository,COPYRIGHT_OR_LICENSE_NOT_PRODUCT_GRANT,NOT_VERIFIED,YES_IF_LAWFULLY_ACCESSED,YES_WITH_NORMAL_ACADEMIC_CITATION,YES_IF_LAWFULLY_ACCESSED,ARTICLE_ACCESS_AS_LAWFULLY_AVAILABLE,BIBLIOGRAPHIC_METADATA_AND_REFERENCE_COPY_IF_LICENSED,YES_OWN_SYNTHESIS_RESULTS_AND_CITATIONS,YES_FOR_OWN_SCIENTIFIC_CONCLUSIONS; NO_ARTICLE_TEXT_REUSE_BY_DEFAULT,NO_BY_DEFAULT,YES,NO_OR_NOT_APPLICABLE,UNKNOWN_OR_NOT_APPLICABLE,UNKNOWN_OR_NOT_APPLICABLE,ONLY_FOR_COPYING_PROTECTED_CONTENT,LOW_MEDIUM,SCIENTIFIC_EVIDENCE_CITATION_LAYER,,2026-08-28,"Scientific findings may inform SpanishStories; store citations, extracted variables and independently authored synthesis. Article text/tables/figures follow the publisher or article license and are not product data by default.",v1.19
7F-077,SCI-13,SCI,"Kim & Webb (2022), meta-análisis de práctica espaciada en L2",SCIENTIFIC_EVIDENCE / SEQUENCING,CORE-SCIENCE / P1,,Authors / publisher or repository,COPYRIGHT_OR_LICENSE_NOT_PRODUCT_GRANT,NOT_VERIFIED,YES_IF_LAWFULLY_ACCESSED,YES_WITH_NORMAL_ACADEMIC_CITATION,YES_IF_LAWFULLY_ACCESSED,ARTICLE_ACCESS_AS_LAWFULLY_AVAILABLE,BIBLIOGRAPHIC_METADATA_AND_REFERENCE_COPY_IF_LICENSED,YES_OWN_SYNTHESIS_RESULTS_AND_CITATIONS,YES_FOR_OWN_SCIENTIFIC_CONCLUSIONS; NO_ARTICLE_TEXT_REUSE_BY_DEFAULT,NO_BY_DEFAULT,YES,NO_OR_NOT_APPLICABLE,UNKNOWN_OR_NOT_APPLICABLE,UNKNOWN_OR_NOT_APPLICABLE,ONLY_FOR_COPYING_PROTECTED_CONTENT,LOW_MEDIUM,SCIENTIFIC_EVIDENCE_CITATION_LAYER,,2026-08-28,"Scientific findings may inform SpanishStories; store citations, extracted variables and independently authored synthesis. Article text/tables/figures follow the publisher or article license and are not product data by default.",v1.19
7F-078,SCI-14,SCI,"Cepeda et al. (2006), meta-análisis de práctica distribuida",SCIENTIFIC_EVIDENCE / MEMORY,SUPPORT / P2,,Authors / publisher or repository,COPYRIGHT_OR_LICENSE_NOT_PRODUCT_GRANT,NOT_VERIFIED,YES_IF_LAWFULLY_ACCESSED,YES_WITH_NORMAL_ACADEMIC_CITATION,YES_IF_LAWFULLY_ACCESSED,ARTICLE_ACCESS_AS_LAWFULLY_AVAILABLE,BIBLIOGRAPHIC_METADATA_AND_REFERENCE_COPY_IF_LICENSED,YES_OWN_SYNTHESIS_RESULTS_AND_CITATIONS,YES_FOR_OWN_SCIENTIFIC_CONCLUSIONS; NO_ARTICLE_TEXT_REUSE_BY_DEFAULT,NO_BY_DEFAULT,YES,NO_OR_NOT_APPLICABLE,UNKNOWN_OR_NOT_APPLICABLE,UNKNOWN_OR_NOT_APPLICABLE,ONLY_FOR_COPYING_PROTECTED_CONTENT,LOW_MEDIUM,SCIENTIFIC_EVIDENCE_CITATION_LAYER,,2026-08-28,"Scientific findings may inform SpanishStories; store citations, extracted variables and independently authored synthesis. Article text/tables/figures follow the publisher or article license and are not product data by default.",v1.19
7F-079,SCI-15,SCI,"Rowland (2014), meta-análisis de testing/retrieval vs restudy",SCIENTIFIC_EVIDENCE / MEMORY,SUPPORT / P2,,Authors / publisher or repository,COPYRIGHT_OR_LICENSE_NOT_PRODUCT_GRANT,NOT_VERIFIED,YES_IF_LAWFULLY_ACCESSED,YES_WITH_NORMAL_ACADEMIC_CITATION,YES_IF_LAWFULLY_ACCESSED,ARTICLE_ACCESS_AS_LAWFULLY_AVAILABLE,BIBLIOGRAPHIC_METADATA_AND_REFERENCE_COPY_IF_LICENSED,YES_OWN_SYNTHESIS_RESULTS_AND_CITATIONS,YES_FOR_OWN_SCIENTIFIC_CONCLUSIONS; NO_ARTICLE_TEXT_REUSE_BY_DEFAULT,NO_BY_DEFAULT,YES,NO_OR_NOT_APPLICABLE,UNKNOWN_OR_NOT_APPLICABLE,UNKNOWN_OR_NOT_APPLICABLE,ONLY_FOR_COPYING_PROTECTED_CONTENT,LOW_MEDIUM,SCIENTIFIC_EVIDENCE_CITATION_LAYER,,2026-08-28,"Scientific findings may inform SpanishStories; store citations, extracted variables and independently authored synthesis. Article text/tables/figures follow the publisher or article license and are not product data by default.",v1.19
7F-080,SCI-16,SCI,"Dunlosky et al. (2013), técnicas de aprendizaje",SCIENTIFIC_EVIDENCE / GENERAL_LEARNING,SUPPORT / P2,,Authors / publisher or repository,COPYRIGHT_OR_LICENSE_NOT_PRODUCT_GRANT,NOT_VERIFIED,YES_IF_LAWFULLY_ACCESSED,YES_WITH_NORMAL_ACADEMIC_CITATION,YES_IF_LAWFULLY_ACCESSED,ARTICLE_ACCESS_AS_LAWFULLY_AVAILABLE,BIBLIOGRAPHIC_METADATA_AND_REFERENCE_COPY_IF_LICENSED,YES_OWN_SYNTHESIS_RESULTS_AND_CITATIONS,YES_FOR_OWN_SCIENTIFIC_CONCLUSIONS; NO_ARTICLE_TEXT_REUSE_BY_DEFAULT,NO_BY_DEFAULT,YES,NO_OR_NOT_APPLICABLE,UNKNOWN_OR_NOT_APPLICABLE,UNKNOWN_OR_NOT_APPLICABLE,ONLY_FOR_COPYING_PROTECTED_CONTENT,LOW_MEDIUM,SCIENTIFIC_EVIDENCE_CITATION_LAYER,,2026-08-28,"Scientific findings may inform SpanishStories; store citations, extracted variables and independently authored synthesis. Article text/tables/figures follow the publisher or article license and are not product data by default.",v1.19
7F-081,SCI-17,SCI,"Sangers et al. (2025), meta-análisis de aprendizaje mediante lectura extensa",SCIENTIFIC_EVIDENCE / EXTENSIVE_READING,SUPPORT / P1,,Authors / publisher or repository,COPYRIGHT_OR_LICENSE_NOT_PRODUCT_GRANT,NOT_VERIFIED,YES_IF_LAWFULLY_ACCESSED,YES_WITH_NORMAL_ACADEMIC_CITATION,YES_IF_LAWFULLY_ACCESSED,ARTICLE_ACCESS_AS_LAWFULLY_AVAILABLE,BIBLIOGRAPHIC_METADATA_AND_REFERENCE_COPY_IF_LICENSED,YES_OWN_SYNTHESIS_RESULTS_AND_CITATIONS,YES_FOR_OWN_SCIENTIFIC_CONCLUSIONS; NO_ARTICLE_TEXT_REUSE_BY_DEFAULT,NO_BY_DEFAULT,YES,NO_OR_NOT_APPLICABLE,UNKNOWN_OR_NOT_APPLICABLE,UNKNOWN_OR_NOT_APPLICABLE,ONLY_FOR_COPYING_PROTECTED_CONTENT,LOW_MEDIUM,SCIENTIFIC_EVIDENCE_CITATION_LAYER,,2026-08-28,"Scientific findings may inform SpanishStories; store citations, extracted variables and independently authored synthesis. Article text/tables/figures follow the publisher or article license and are not product data by default.",v1.19
7F-082,SCI-18,SCI,"Blanco Escoda (2024), léxico mejorado A1–B1",LEXICOGRAPHIC_DESIGN / CEFR_LEXICON_AUDIT,SUPPORT / P1,,Authors / publisher or repository,OPEN_ARTICLE_CC_BY,CC BY,YES_IF_LAWFULLY_ACCESSED,YES_WITH_NORMAL_ACADEMIC_CITATION,YES_IF_LAWFULLY_ACCESSED,ARTICLE_ACCESS_AS_LAWFULLY_AVAILABLE,BIBLIOGRAPHIC_METADATA_AND_REFERENCE_COPY_IF_LICENSED,YES_OWN_SYNTHESIS_RESULTS_AND_CITATIONS,YES_FOR_OWN_SCIENTIFIC_CONCLUSIONS; NO_ARTICLE_TEXT_REUSE_BY_DEFAULT,YES_FOR_LICENSED_ARTICLE_CONTENT_WITH_ATTRIBUTION,YES,NO_OR_NOT_APPLICABLE,NO,NO,NO_IF_CC_BY_TERMS_MET,LOW,OPEN_SCIENTIFIC_SOURCE_WITH_ATTRIBUTION,,2026-08-28,"Scientific findings may inform SpanishStories; store citations, extracted variables and independently authored synthesis. Article text/tables/figures follow the publisher or article license and are not product data by default.",v1.19
7F-083,SCI-19,SCI,"Contreras Izquierdo & Martos Eliche (2020), frecuencia de secuencias formulaicas del PCIC",FORMULAIC_SEQUENCE_FREQUENCY / PCIC_LEVEL_AUDIT,SUPPORT / P1,,Authors / publisher or repository,OPEN_REPOSITORY_ARTICLE_CC_BY_NC_ND,CC BY-NC-ND 3.0 ES (repository/source note),YES_IF_LAWFULLY_ACCESSED,YES_WITH_NORMAL_ACADEMIC_CITATION,YES_IF_LAWFULLY_ACCESSED,ARTICLE_ACCESS_AS_LAWFULLY_AVAILABLE,BIBLIOGRAPHIC_METADATA_AND_REFERENCE_COPY_IF_LICENSED,YES_OWN_SYNTHESIS_RESULTS_AND_CITATIONS,YES_FOR_OWN_SCIENTIFIC_CONCLUSIONS; NO_ARTICLE_TEXT_REUSE_BY_DEFAULT,NONCOMMERCIAL_UNMODIFIED_ONLY_IF_LICENSE_APPLIES_TO_ARTICLE,YES,NO_OR_NOT_APPLICABLE,YES,YES,YES_FOR_COMMERCIAL_OR_DERIVATIVE_REUSE,MEDIUM,CITATION_ANALYSIS_ONLY_FOR_COMMERCIAL_PROJECT,,2026-08-28,"Scientific findings may inform SpanishStories; store citations, extracted variables and independently authored synthesis. Article text/tables/figures follow the publisher or article license and are not product data by default.",v1.19
7F-084,SCI-20,SCI,"Huete García & Nomdedeu Rull (2018), selección léxica A1: alimentación",A1_DOMAIN_LEXICON_AUDIT / FOOD,SUPPORT / P0,,Authors / publisher or repository,COPYRIGHT_OR_LICENSE_NOT_PRODUCT_GRANT,NOT_VERIFIED,YES_IF_LAWFULLY_ACCESSED,YES_WITH_NORMAL_ACADEMIC_CITATION,YES_IF_LAWFULLY_ACCESSED,ARTICLE_ACCESS_AS_LAWFULLY_AVAILABLE,BIBLIOGRAPHIC_METADATA_AND_REFERENCE_COPY_IF_LICENSED,YES_OWN_SYNTHESIS_RESULTS_AND_CITATIONS,YES_FOR_OWN_SCIENTIFIC_CONCLUSIONS; NO_ARTICLE_TEXT_REUSE_BY_DEFAULT,NO_BY_DEFAULT,YES,NO_OR_NOT_APPLICABLE,UNKNOWN_OR_NOT_APPLICABLE,UNKNOWN_OR_NOT_APPLICABLE,ONLY_FOR_COPYING_PROTECTED_CONTENT,LOW_MEDIUM,SCIENTIFIC_EVIDENCE_CITATION_LAYER,,2026-08-28,"Scientific findings may inform SpanishStories; store citations, extracted variables and independently authored synthesis. Article text/tables/figures follow the publisher or article license and are not product data by default.",v1.19
7F-085,SCI-21,SCI,"Baralo (2007), competencia léxica inicial y selección A1",A1_LEXICAL_COMPETENCE / SELECTION_RATIONALE,SUPPORT / P1,,Authors / publisher or repository,COPYRIGHT_OR_LICENSE_NOT_PRODUCT_GRANT,NOT_VERIFIED,YES_IF_LAWFULLY_ACCESSED,YES_WITH_NORMAL_ACADEMIC_CITATION,YES_IF_LAWFULLY_ACCESSED,ARTICLE_ACCESS_AS_LAWFULLY_AVAILABLE,BIBLIOGRAPHIC_METADATA_AND_REFERENCE_COPY_IF_LICENSED,YES_OWN_SYNTHESIS_RESULTS_AND_CITATIONS,YES_FOR_OWN_SCIENTIFIC_CONCLUSIONS; NO_ARTICLE_TEXT_REUSE_BY_DEFAULT,NO_BY_DEFAULT,YES,NO_OR_NOT_APPLICABLE,UNKNOWN_OR_NOT_APPLICABLE,UNKNOWN_OR_NOT_APPLICABLE,ONLY_FOR_COPYING_PROTECTED_CONTENT,LOW_MEDIUM,SCIENTIFIC_EVIDENCE_CITATION_LAYER,,2026-08-28,"Scientific findings may inform SpanishStories; store citations, extracted variables and independently authored synthesis. Article text/tables/figures follow the publisher or article license and are not product data by default.",v1.19
7F-086,SCI-22,SCI,"Potvin (2023), variación léxica del mundo hispano en ELE",REGIONAL_VARIATION / ELE_LEXICON_AUDIT,SUPPORT / P0,https://cvc.cervantes.es/ensenanza/biblioteca_ele/asele/pdf/32/032_0031.pdf,Authors / publisher or repository,CERVANTES_HOSTED_COPYRIGHT,NO_OPEN_LICENSE_VERIFIED,YES_IF_LAWFULLY_ACCESSED,YES_WITH_NORMAL_ACADEMIC_CITATION,YES_IF_LAWFULLY_ACCESSED,ARTICLE_ACCESS_AS_LAWFULLY_AVAILABLE,BIBLIOGRAPHIC_METADATA_AND_REFERENCE_COPY_IF_LICENSED,YES_OWN_SYNTHESIS_RESULTS_AND_CITATIONS,YES_FOR_OWN_SCIENTIFIC_CONCLUSIONS; NO_ARTICLE_TEXT_REUSE_BY_DEFAULT,NO,YES,NO_OR_NOT_APPLICABLE,UNKNOWN_OR_NOT_APPLICABLE,UNKNOWN_OR_NOT_APPLICABLE,YES_FOR_REUSE,MEDIUM_HIGH,CITATION_ANALYSIS_ONLY,https://mapadelatraduccion.cervantes.es/aviso-legal,2026-08-28,"Scientific findings may inform SpanishStories; store citations, extracted variables and independently authored synthesis. Article text/tables/figures follow the publisher or article license and are not product data by default.",v1.19
7F-087,SCI-23,SCI,"Montelongo et al. (2009), transparencia ortográfica de cognados español–inglés",COGNATE_TRANSPARENCY / L1_ENGLISH_SUPPORT,SUPPORT / P1,https://pubmed.ncbi.nlm.nih.gov/20099560/,Authors / publisher or repository,COPYRIGHT_OR_LICENSE_NOT_PRODUCT_GRANT,NOT_VERIFIED,YES_IF_LAWFULLY_ACCESSED,YES_WITH_NORMAL_ACADEMIC_CITATION,YES_IF_LAWFULLY_ACCESSED,ARTICLE_ACCESS_AS_LAWFULLY_AVAILABLE,BIBLIOGRAPHIC_METADATA_AND_REFERENCE_COPY_IF_LICENSED,YES_OWN_SYNTHESIS_RESULTS_AND_CITATIONS,YES_FOR_OWN_SCIENTIFIC_CONCLUSIONS; NO_ARTICLE_TEXT_REUSE_BY_DEFAULT,NO_BY_DEFAULT,YES,NO_OR_NOT_APPLICABLE,UNKNOWN_OR_NOT_APPLICABLE,UNKNOWN_OR_NOT_APPLICABLE,ONLY_FOR_COPYING_PROTECTED_CONTENT,LOW_MEDIUM,SCIENTIFIC_EVIDENCE_CITATION_LAYER,,2026-08-28,"Scientific findings may inform SpanishStories; store citations, extracted variables and independently authored synthesis. Article text/tables/figures follow the publisher or article license and are not product data by default.",v1.19
7F-088,SCI-24,SCI,"Sheng et al. (2016), efecto de facilitación por cognados español–inglés",COGNATE_FACILITATION / CROSS_LINGUISTIC_BOOTSTRAPPING,SUPPORT / P1,https://pubmed.ncbi.nlm.nih.gov/26463463/,Authors / publisher or repository,COPYRIGHT_OR_LICENSE_NOT_PRODUCT_GRANT,NOT_VERIFIED,YES_IF_LAWFULLY_ACCESSED,YES_WITH_NORMAL_ACADEMIC_CITATION,YES_IF_LAWFULLY_ACCESSED,ARTICLE_ACCESS_AS_LAWFULLY_AVAILABLE,BIBLIOGRAPHIC_METADATA_AND_REFERENCE_COPY_IF_LICENSED,YES_OWN_SYNTHESIS_RESULTS_AND_CITATIONS,YES_FOR_OWN_SCIENTIFIC_CONCLUSIONS; NO_ARTICLE_TEXT_REUSE_BY_DEFAULT,NO_BY_DEFAULT,YES,NO_OR_NOT_APPLICABLE,UNKNOWN_OR_NOT_APPLICABLE,UNKNOWN_OR_NOT_APPLICABLE,ONLY_FOR_COPYING_PROTECTED_CONTENT,LOW_MEDIUM,SCIENTIFIC_EVIDENCE_CITATION_LAYER,,2026-08-28,"Scientific findings may inform SpanishStories; store citations, extracted variables and independently authored synthesis. Article text/tables/figures follow the publisher or article license and are not product data by default.",v1.19
7F-089,SCI-25,SCI,"Frances, Navarra-Barindelli & Martin (2021), ortografía y fonología en reconocimiento L2",COGNATE_ORTHOGRAPHY_PHONOLOGY / BILINGUAL_PROCESSING,SUPPORT / P0,https://doi.org/10.1038/s41598-021-92259-z,Authors / publisher or repository,OPEN_ARTICLE_CC_BY,CC BY 4.0,YES_IF_LAWFULLY_ACCESSED,YES_WITH_NORMAL_ACADEMIC_CITATION,YES_IF_LAWFULLY_ACCESSED,ARTICLE_ACCESS_AS_LAWFULLY_AVAILABLE,BIBLIOGRAPHIC_METADATA_AND_REFERENCE_COPY_IF_LICENSED,YES_OWN_SYNTHESIS_RESULTS_AND_CITATIONS,YES_FOR_OWN_SCIENTIFIC_CONCLUSIONS; NO_ARTICLE_TEXT_REUSE_BY_DEFAULT,YES_FOR_LICENSED_ARTICLE_CONTENT_WITH_ATTRIBUTION,YES,NO_OR_NOT_APPLICABLE,NO,NO,NO_IF_CC_BY_TERMS_MET,LOW,OPEN_SCIENTIFIC_SOURCE_WITH_ATTRIBUTION,,2026-08-28,"Scientific findings may inform SpanishStories; store citations, extracted variables and independently authored synthesis. Article text/tables/figures follow the publisher or article license and are not product data by default.",v1.19
7F-090,SCI-26,SCI,"Kennison, Fernandez & Bowers (2014), semántica, fonología y falsos cognados",FALSE_COGNATE / SEMANTIC_PHONOLOGICAL_SEPARATION,SUPPORT / P1,https://pubmed.ncbi.nlm.nih.gov/23479316/,Authors / publisher or repository,COPYRIGHT_OR_LICENSE_NOT_PRODUCT_GRANT,NOT_VERIFIED,YES_IF_LAWFULLY_ACCESSED,YES_WITH_NORMAL_ACADEMIC_CITATION,YES_IF_LAWFULLY_ACCESSED,ARTICLE_ACCESS_AS_LAWFULLY_AVAILABLE,BIBLIOGRAPHIC_METADATA_AND_REFERENCE_COPY_IF_LICENSED,YES_OWN_SYNTHESIS_RESULTS_AND_CITATIONS,YES_FOR_OWN_SCIENTIFIC_CONCLUSIONS; NO_ARTICLE_TEXT_REUSE_BY_DEFAULT,NO_BY_DEFAULT,YES,NO_OR_NOT_APPLICABLE,UNKNOWN_OR_NOT_APPLICABLE,UNKNOWN_OR_NOT_APPLICABLE,ONLY_FOR_COPYING_PROTECTED_CONTENT,LOW_MEDIUM,SCIENTIFIC_EVIDENCE_CITATION_LAYER,,2026-08-28,"Scientific findings may inform SpanishStories; store citations, extracted variables and independently authored synthesis. Article text/tables/figures follow the publisher or article license and are not product data by default.",v1.19
