story_id,module_id,module_name,island_id,global_island_order,island_name,story_order,story_title,story_role,scenario_brief,communicative_goal,genre_focus,planned_input_mode,new_target_count,local_reuse_in_count,near_transfer_in_count,distant_return_in_count,regional_later_recognition_in_count,terminal_capstone_return_in_count,new_target_policy,task_demand,known_token_coverage_policy,mastery_policy,status,notes,scheduled_relation_count,new_target_guardrail,is_final_transfer_story,v1_44_revision_reason
A1-M01-I01-S1,M01,Contacto y supervivencia comunicativa,A1-M01-I01,1,Hola: abrir y cerrar,1,Primer día en la escuela,CONTEXTUAL_INPUT,"Dos estudiantes llegan, se saludan y reconocen fórmulas de apertura y cierre.","Saludar, responder, despedirse y reconocer cuándo empieza/termina un intercambio.",microdiálogo; chat breve; audio presencial,READ+LISTEN,8,0,0,0,0,0,Introduce approximately 55% of the island's new objects inside a meaningful situation.,A1,MEASURE_CONTINUOUSLY_NO_UNIVERSAL_98_PERCENT_GATE,STORY_SUCCESS_IS_EVIDENCE_NOT_MASTERY,BLUEPRINT_COMPLETE_16D,"Blueprint defines target scheduling and scenario intent, not final prose. Final story generation must preserve SourceAssertion scope and mode policy.",8,PASS,NO,16D_FINAL_AUDIT
A1-M01-I01-S2,M01,Contacto y supervivencia comunicativa,A1-M01-I01,1,Hola: abrir y cerrar,2,Encuentro en el pasillo,VARIATION_AND_LOCAL_RECYCLING,Los mismos recursos aparecen con interlocutores y situación distintos.,"Saludar, responder, despedirse y reconocer cuándo empieza/termina un intercambio.",microdiálogo; chat breve; audio presencial,LISTEN+READ,7,1,0,0,0,0,Introduce the remaining new objects while locally reusing S1 targets and receiving near-transfer targets from the preceding island.,A1,MEASURE_CONTINUOUSLY_NO_UNIVERSAL_98_PERCENT_GATE,STORY_SUCCESS_IS_EVIDENCE_NOT_MASTERY,BLUEPRINT_COMPLETE_16D,"Blueprint defines target scheduling and scenario intent, not final prose. Final story generation must preserve SourceAssertion scope and mode policy.",8,PASS,NO,16D_FINAL_AUDIT
A1-M01-I01-S3,M01,Contacto y supervivencia comunicativa,A1-M01-I01,1,Hola: abrir y cerrar,3,Nos vemos mañana,TRANSFER_AND_RETRIEVAL,Interacción breve que exige reconocer y seleccionar apertura/cierre apropiados.,"Saludar, responder, despedirse y reconocer cuándo empieza/termina un intercambio.",microdiálogo; chat breve; audio presencial,TASK_INTERACTION+READ_OR_LISTEN,0,14,0,0,0,0,NO_NEW_TARGETS,A1,MEASURE_CONTINUOUSLY_NO_UNIVERSAL_98_PERCENT_GATE,STORY_SUCCESS_IS_EVIDENCE_NOT_MASTERY,BLUEPRINT_COMPLETE_16D,"Blueprint defines target scheduling and scenario intent, not final prose. Final story generation must preserve SourceAssertion scope and mode policy.",14,PASS,YES,16D_FINAL_AUDIT
A1-M01-I02-S1,M01,Contacto y supervivencia comunicativa,A1-M01-I02,2,¿Cómo te llamas?,1,Una nueva compañera,CONTEXTUAL_INPUT,"Presentación guiada con nombre, tratamiento e identificación.",Identificarse y presentar a otra persona con nombre y tratamiento básico.,perfil; presentación oral; diálogo,READ+LISTEN,18,0,0,0,0,0,Introduce approximately 55% of the island's new objects inside a meaningful situation.,A1,MEASURE_CONTINUOUSLY_NO_UNIVERSAL_98_PERCENT_GATE,STORY_SUCCESS_IS_EVIDENCE_NOT_MASTERY,BLUEPRINT_COMPLETE_16D,"Blueprint defines target scheduling and scenario intent, not final prose. Final story generation must preserve SourceAssertion scope and mode policy.",18,PASS,NO,16D_FINAL_AUDIT
A1-M01-I02-S2,M01,Contacto y supervivencia comunicativa,A1-M01-I02,2,¿Cómo te llamas?,2,Presentar a un amigo,VARIATION_AND_LOCAL_RECYCLING,Cambio de persona y deíxis para reutilizar identificación y presentación.,Identificarse y presentar a otra persona con nombre y tratamiento básico.,perfil; presentación oral; diálogo,LISTEN+READ,18,8,0,0,0,0,Introduce the remaining new objects while locally reusing S1 targets and receiving near-transfer targets from the preceding island.,A1,MEASURE_CONTINUOUSLY_NO_UNIVERSAL_98_PERCENT_GATE,STORY_SUCCESS_IS_EVIDENCE_NOT_MASTERY,BLUEPRINT_COMPLETE_16D,"Blueprint defines target scheduling and scenario intent, not final prose. Final story generation must preserve SourceAssertion scope and mode policy.",26,PASS,NO,16D_FINAL_AUDIT
A1-M01-I02-S3,M01,Contacto y supervivencia comunicativa,A1-M01-I02,2,¿Cómo te llamas?,3,La lista del grupo,TRANSFER_AND_RETRIEVAL,"Tarea de transferencia: relacionar nombres, personas y presentaciones.",Identificarse y presentar a otra persona con nombre y tratamiento básico.,perfil; presentación oral; diálogo,TASK_INTERACTION+READ_OR_LISTEN,0,28,15,0,0,0,NO_NEW_TARGETS,A1,MEASURE_CONTINUOUSLY_NO_UNIVERSAL_98_PERCENT_GATE,STORY_SUCCESS_IS_EVIDENCE_NOT_MASTERY,BLUEPRINT_COMPLETE_16D,"Blueprint defines target scheduling and scenario intent, not final prose. Final story generation must preserve SourceAssertion scope and mode policy.",43,PASS,YES,16D_FINAL_AUDIT
A1-M01-I03-S1,M01,Contacto y supervivencia comunicativa,A1-M01-I03,3,¿De dónde eres?,1,Ficha de inscripción,CONTEXTUAL_INPUT,"Datos personales básicos: origen, nacionalidad, edad/actividad y números.","Pedir y dar datos personales básicos: procedencia, nacionalidad, actividad y datos simples.",formulario; ficha personal; diálogo,READ+LISTEN,18,0,5,0,0,0,Introduce approximately 55% of the island's new objects inside a meaningful situation.,A1,MEASURE_CONTINUOUSLY_NO_UNIVERSAL_98_PERCENT_GATE,STORY_SUCCESS_IS_EVIDENCE_NOT_MASTERY,BLUEPRINT_COMPLETE_16D,"Blueprint defines target scheduling and scenario intent, not final prose. Final story generation must preserve SourceAssertion scope and mode policy.",23,PASS,NO,16D_LOAD_BALANCING
A1-M01-I03-S2,M01,Contacto y supervivencia comunicativa,A1-M01-I03,3,¿De dónde eres?,2,Conocer a un compañero,VARIATION_AND_LOCAL_RECYCLING,Intercambio oral con preguntas personales sencillas.,"Pedir y dar datos personales básicos: procedencia, nacionalidad, actividad y datos simples.",formulario; ficha personal; diálogo,LISTEN+READ,18,6,5,0,0,0,Introduce the remaining new objects while locally reusing S1 targets and receiving near-transfer targets from the preceding island.,A1,MEASURE_CONTINUOUSLY_NO_UNIVERSAL_98_PERCENT_GATE,STORY_SUCCESS_IS_EVIDENCE_NOT_MASTERY,BLUEPRINT_COMPLETE_16D,"Blueprint defines target scheduling and scenario intent, not final prose. Final story generation must preserve SourceAssertion scope and mode policy.",29,PASS,NO,16D_LOAD_BALANCING
A1-M01-I03-S3,M01,Contacto y supervivencia comunicativa,A1-M01-I03,3,¿De dónde eres?,3,Datos de otra persona,EXTENSION_AND_TRANSFER_PREP,Extensión controlada de datos personales antes de la transferencia final.,"Pedir y dar datos personales básicos: procedencia, nacionalidad, actividad y datos simples.",formulario; ficha personal; diálogo,READ+LISTEN_OR_INTERACTION,18,15,4,0,0,0,CONTROLLED_FINAL_INTRODUCTION_ALLOWED,A1,MEASURE_CONTINUOUSLY_NO_UNIVERSAL_98_PERCENT_GATE,STORY_SUCCESS_IS_EVIDENCE_NOT_MASTERY,BLUEPRINT_COMPLETE_16D,Added in 16D because v1.43 new-target load exceeded the internal planning guardrail. This story may introduce final island targets; it is not the final transfer story.,37,PASS,NO,16D_LOAD_BALANCING
A1-M01-I03-S4,M01,Contacto y supervivencia comunicativa,A1-M01-I03,3,¿De dónde eres?,4,Mini entrevista,TRANSFER_AND_RETRIEVAL,Recuperar datos y completar una ficha nueva sin copiar el modelo.,"Pedir y dar datos personales básicos: procedencia, nacionalidad, actividad y datos simples.",formulario; ficha personal; diálogo,TASK_INTERACTION+READ_OR_LISTEN,0,33,22,0,0,0,NO_NEW_TARGETS,A1,MEASURE_CONTINUOUSLY_NO_UNIVERSAL_98_PERCENT_GATE,STORY_SUCCESS_IS_EVIDENCE_NOT_MASTERY,BLUEPRINT_COMPLETE_16D,v1.43 S3 moved to S4 in 16D so the final story remains transfer-only after load balancing.,55,PASS,YES,16D_LOAD_BALANCING
A1-M01-I04-S1,M01,Contacto y supervivencia comunicativa,A1-M01-I04,4,No entiendo,1,No entiendo la instrucción,CONTEXTUAL_INPUT,"Aparecen fórmulas de reparación, cortesía y confirmación.","Gestionar cortesía, confirmación, disculpa, agradecimiento y reparación mínima en aula/interacción.",diálogo de aula; instrucción; mensaje breve,READ+LISTEN,12,0,14,0,0,0,Introduce approximately 55% of the island's new objects inside a meaningful situation.,A1,MEASURE_CONTINUOUSLY_NO_UNIVERSAL_98_PERCENT_GATE,STORY_SUCCESS_IS_EVIDENCE_NOT_MASTERY,BLUEPRINT_COMPLETE_16D,"Blueprint defines target scheduling and scenario intent, not final prose. Final story generation must preserve SourceAssertion scope and mode policy.",26,PASS,NO,16D_FINAL_AUDIT
A1-M01-I04-S2,M01,Contacto y supervivencia comunicativa,A1-M01-I04,4,No entiendo,2,¿Puedes repetir?,VARIATION_AND_LOCAL_RECYCLING,"Variación de aula con petición de ayuda, disculpa y agradecimiento.","Gestionar cortesía, confirmación, disculpa, agradecimiento y reparación mínima en aula/interacción.",diálogo de aula; instrucción; mensaje breve,LISTEN+READ,11,6,15,0,0,0,Introduce the remaining new objects while locally reusing S1 targets and receiving near-transfer targets from the preceding island.,A1,MEASURE_CONTINUOUSLY_NO_UNIVERSAL_98_PERCENT_GATE,STORY_SUCCESS_IS_EVIDENCE_NOT_MASTERY,BLUEPRINT_COMPLETE_16D,"Blueprint defines target scheduling and scenario intent, not final prose. Final story generation must preserve SourceAssertion scope and mode policy.",32,PASS,NO,16D_FINAL_AUDIT
A1-M01-I04-S3,M01,Contacto y supervivencia comunicativa,A1-M01-I04,4,No entiendo,3,Resolver el malentendido,TRANSFER_AND_RETRIEVAL,Elegir la fórmula adecuada para recuperar una interacción.,"Gestionar cortesía, confirmación, disculpa, agradecimiento y reparación mínima en aula/interacción.",diálogo de aula; instrucción; mensaje breve,TASK_INTERACTION+READ_OR_LISTEN,0,17,25,0,0,0,NO_NEW_TARGETS,A1,MEASURE_CONTINUOUSLY_NO_UNIVERSAL_98_PERCENT_GATE,STORY_SUCCESS_IS_EVIDENCE_NOT_MASTERY,BLUEPRINT_COMPLETE_16D,"Blueprint defines target scheduling and scenario intent, not final prose. Final story generation must preserve SourceAssertion scope and mode policy.",42,PASS,YES,16D_FINAL_AUDIT
A1-M02-I01-S1,M02,Personas y entorno cercano,A1-M02-I01,5,Mi familia y mi gente,1,Mi familia,CONTEXTUAL_INPUT,Presentación de personas cercanas y relaciones familiares.,Identificar relaciones personales y hablar de personas cercanas.,perfil familiar; foto comentada; diálogo,READ+LISTEN,15,0,6,0,0,0,Introduce approximately 55% of the island's new objects inside a meaningful situation.,A1,MEASURE_CONTINUOUSLY_NO_UNIVERSAL_98_PERCENT_GATE,STORY_SUCCESS_IS_EVIDENCE_NOT_MASTERY,BLUEPRINT_COMPLETE_16D,"Blueprint defines target scheduling and scenario intent, not final prose. Final story generation must preserve SourceAssertion scope and mode policy.",21,PASS,NO,16D_LOAD_BALANCING
A1-M02-I01-S2,M02,Personas y entorno cercano,A1-M02-I01,5,Mi familia y mi gente,2,Una foto distinta,VARIATION_AND_LOCAL_RECYCLING,"Variación de parentescos, estado civil y posesión.",Identificar relaciones personales y hablar de personas cercanas.,perfil familiar; foto comentada; diálogo,LISTEN+READ,15,5,6,0,0,0,Introduce the remaining new objects while locally reusing S1 targets and receiving near-transfer targets from the preceding island.,A1,MEASURE_CONTINUOUSLY_NO_UNIVERSAL_98_PERCENT_GATE,STORY_SUCCESS_IS_EVIDENCE_NOT_MASTERY,BLUEPRINT_COMPLETE_16D,"Blueprint defines target scheduling and scenario intent, not final prose. Final story generation must preserve SourceAssertion scope and mode policy.",26,PASS,NO,16D_LOAD_BALANCING
A1-M02-I01-S3,M02,Personas y entorno cercano,A1-M02-I01,5,Mi familia y mi gente,3,Otra familia,EXTENSION_AND_TRANSFER_PREP,Extensión de relaciones personales y estado civil con repertorio nuevo aún controlado.,Identificar relaciones personales y hablar de personas cercanas.,perfil familiar; foto comentada; diálogo,READ+LISTEN_OR_INTERACTION,15,12,6,0,0,0,CONTROLLED_FINAL_INTRODUCTION_ALLOWED,A1,MEASURE_CONTINUOUSLY_NO_UNIVERSAL_98_PERCENT_GATE,STORY_SUCCESS_IS_EVIDENCE_NOT_MASTERY,BLUEPRINT_COMPLETE_16D,Added in 16D because v1.43 new-target load exceeded the internal planning guardrail. This story may introduce final island targets; it is not the final transfer story.,33,PASS,NO,16D_LOAD_BALANCING
A1-M02-I01-S4,M02,Personas y entorno cercano,A1-M02-I01,5,Mi familia y mi gente,4,¿Quién es quién?,TRANSFER_AND_RETRIEVAL,Transferencia mediante identificación de relaciones en una familia nueva.,Identificar relaciones personales y hablar de personas cercanas.,perfil familiar; foto comentada; diálogo,TASK_INTERACTION+READ_OR_LISTEN,0,28,5,15,0,0,NO_NEW_TARGETS,A1,MEASURE_CONTINUOUSLY_NO_UNIVERSAL_98_PERCENT_GATE,STORY_SUCCESS_IS_EVIDENCE_NOT_MASTERY,BLUEPRINT_COMPLETE_16D,v1.43 S3 moved to S4 in 16D so the final story remains transfer-only after load balancing.,48,PASS,YES,16D_LOAD_BALANCING
A1-M02-I02-S1,M02,Personas y entorno cercano,A1-M02-I02,6,¿Cómo es?,1,Así es Ana,CONTEXTUAL_INPUT,Descripción física y valoración básica de una persona.,Describir físicamente y valorar rasgos personales básicos.,descripción breve; perfil; comparación visual simple,READ+LISTEN,17,0,11,5,0,0,Introduce approximately 55% of the island's new objects inside a meaningful situation.,A1,MEASURE_CONTINUOUSLY_NO_UNIVERSAL_98_PERCENT_GATE,STORY_SUCCESS_IS_EVIDENCE_NOT_MASTERY,BLUEPRINT_COMPLETE_16D,"Blueprint defines target scheduling and scenario intent, not final prose. Final story generation must preserve SourceAssertion scope and mode policy.",33,PASS,NO,16D_LOAD_BALANCING
A1-M02-I02-S2,M02,Personas y entorno cercano,A1-M02-I02,6,¿Cómo es?,2,Dos perfiles,VARIATION_AND_LOCAL_RECYCLING,"Cambian rasgos, género y grado descriptivo.",Describir físicamente y valorar rasgos personales básicos.,descripción breve; perfil; comparación visual simple,LISTEN+READ,16,5,12,5,0,0,Introduce the remaining new objects while locally reusing S1 targets and receiving near-transfer targets from the preceding island.,A1,MEASURE_CONTINUOUSLY_NO_UNIVERSAL_98_PERCENT_GATE,STORY_SUCCESS_IS_EVIDENCE_NOT_MASTERY,BLUEPRINT_COMPLETE_16D,"Blueprint defines target scheduling and scenario intent, not final prose. Final story generation must preserve SourceAssertion scope and mode policy.",38,PASS,NO,16D_LOAD_BALANCING
A1-M02-I02-S3,M02,Personas y entorno cercano,A1-M02-I02,6,¿Cómo es?,3,Descripción en contexto,EXTENSION_AND_TRANSFER_PREP,Extensión de rasgos y valoración antes de la tarea de identificación final.,Describir físicamente y valorar rasgos personales básicos.,descripción breve; perfil; comparación visual simple,READ+LISTEN_OR_INTERACTION,16,14,11,5,0,0,CONTROLLED_FINAL_INTRODUCTION_ALLOWED,A1,MEASURE_CONTINUOUSLY_NO_UNIVERSAL_98_PERCENT_GATE,STORY_SUCCESS_IS_EVIDENCE_NOT_MASTERY,BLUEPRINT_COMPLETE_16D,Added in 16D because v1.43 new-target load exceeded the internal planning guardrail. This story may introduce final island targets; it is not the final transfer story.,46,PASS,NO,16D_LOAD_BALANCING
A1-M02-I02-S4,M02,Personas y entorno cercano,A1-M02-I02,6,¿Cómo es?,4,Encontrar a la persona,TRANSFER_AND_RETRIEVAL,Recuperar rasgos para identificar a alguien en un contexto nuevo.,Describir físicamente y valorar rasgos personales básicos.,descripción breve; perfil; comparación visual simple,TASK_INTERACTION+READ_OR_LISTEN,0,30,11,21,0,0,NO_NEW_TARGETS,A1,MEASURE_CONTINUOUSLY_NO_UNIVERSAL_98_PERCENT_GATE,STORY_SUCCESS_IS_EVIDENCE_NOT_MASTERY,BLUEPRINT_COMPLETE_16D,v1.43 S3 moved to S4 in 16D so the final story remains transfer-only after load balancing.,62,PASS,YES,16D_LOAD_BALANCING
A1-M02-I03-S1,M02,Personas y entorno cercano,A1-M02-I03,7,En casa,1,Mi apartamento,CONTEXTUAL_INPUT,"Habitaciones, muebles y localización básica.",Nombrar espacios/objetos básicos de vivienda y localizar elementos.,plano; anuncio simple; diálogo doméstico,READ+LISTEN,17,0,12,9,0,0,Introduce approximately 55% of the island's new objects inside a meaningful situation.,A1,MEASURE_CONTINUOUSLY_NO_UNIVERSAL_98_PERCENT_GATE,STORY_SUCCESS_IS_EVIDENCE_NOT_MASTERY,BLUEPRINT_COMPLETE_16D,"Blueprint defines target scheduling and scenario intent, not final prose. Final story generation must preserve SourceAssertion scope and mode policy.",38,PASS,NO,16D_LOAD_BALANCING
A1-M02-I03-S2,M02,Personas y entorno cercano,A1-M02-I03,7,En casa,2,Una casa diferente,VARIATION_AND_LOCAL_RECYCLING,Variación de vivienda y relaciones espaciales.,Nombrar espacios/objetos básicos de vivienda y localizar elementos.,plano; anuncio simple; diálogo doméstico,LISTEN+READ,16,6,12,10,0,0,Introduce the remaining new objects while locally reusing S1 targets and receiving near-transfer targets from the preceding island.,A1,MEASURE_CONTINUOUSLY_NO_UNIVERSAL_98_PERCENT_GATE,STORY_SUCCESS_IS_EVIDENCE_NOT_MASTERY,BLUEPRINT_COMPLETE_16D,"Blueprint defines target scheduling and scenario intent, not final prose. Final story generation must preserve SourceAssertion scope and mode policy.",44,PASS,NO,16D_LOAD_BALANCING
A1-M02-I03-S3,M02,Personas y entorno cercano,A1-M02-I03,7,En casa,3,Una vivienda más,EXTENSION_AND_TRANSFER_PREP,Extensión de vivienda/localización antes de la transferencia sobre plano nuevo.,Nombrar espacios/objetos básicos de vivienda y localizar elementos.,plano; anuncio simple; diálogo doméstico,READ+LISTEN_OR_INTERACTION,16,14,12,10,0,0,CONTROLLED_FINAL_INTRODUCTION_ALLOWED,A1,MEASURE_CONTINUOUSLY_NO_UNIVERSAL_98_PERCENT_GATE,STORY_SUCCESS_IS_EVIDENCE_NOT_MASTERY,BLUEPRINT_COMPLETE_16D,Added in 16D because v1.43 new-target load exceeded the internal planning guardrail. This story may introduce final island targets; it is not the final transfer story.,52,PASS,NO,16D_LOAD_BALANCING
A1-M02-I03-S4,M02,Personas y entorno cercano,A1-M02-I03,7,En casa,4,¿Dónde está?,TRANSFER_AND_RETRIEVAL,Transferencia sobre un plano no visto previamente.,Nombrar espacios/objetos básicos de vivienda y localizar elementos.,plano; anuncio simple; diálogo doméstico,TASK_INTERACTION+READ_OR_LISTEN,0,29,13,25,0,0,NO_NEW_TARGETS,A1,MEASURE_CONTINUOUSLY_NO_UNIVERSAL_98_PERCENT_GATE,STORY_SUCCESS_IS_EVIDENCE_NOT_MASTERY,BLUEPRINT_COMPLETE_16D,v1.43 S3 moved to S4 in 16D so the final story remains transfer-only after load balancing.,67,PASS,YES,16D_LOAD_BALANCING
A1-M02-I04-S1,M02,Personas y entorno cercano,A1-M02-I04,8,"Estudio, trabajo y personas",1,¿A qué te dedicas?,CONTEXTUAL_INPUT,Perfil de estudio/profesión y datos asociados.,"Hablar de profesión/estudio y expresar saber, conocer o desconocer de forma elemental.",perfil; ficha; conversación breve,READ+LISTEN,12,0,16,4,0,0,Introduce approximately 55% of the island's new objects inside a meaningful situation.,A1,MEASURE_CONTINUOUSLY_NO_UNIVERSAL_98_PERCENT_GATE,STORY_SUCCESS_IS_EVIDENCE_NOT_MASTERY,BLUEPRINT_COMPLETE_16D,"Blueprint defines target scheduling and scenario intent, not final prose. Final story generation must preserve SourceAssertion scope and mode policy.",32,PASS,NO,16D_FINAL_AUDIT
A1-M02-I04-S2,M02,Personas y entorno cercano,A1-M02-I04,8,"Estudio, trabajo y personas",2,"Dos personas, dos actividades",VARIATION_AND_LOCAL_RECYCLING,Variación entre estudio y trabajo.,"Hablar de profesión/estudio y expresar saber, conocer o desconocer de forma elemental.",perfil; ficha; conversación breve,LISTEN+READ,12,6,16,4,0,0,Introduce the remaining new objects while locally reusing S1 targets and receiving near-transfer targets from the preceding island.,A1,MEASURE_CONTINUOUSLY_NO_UNIVERSAL_98_PERCENT_GATE,STORY_SUCCESS_IS_EVIDENCE_NOT_MASTERY,BLUEPRINT_COMPLETE_16D,"Blueprint defines target scheduling and scenario intent, not final prose. Final story generation must preserve SourceAssertion scope and mode policy.",38,PASS,NO,16D_FINAL_AUDIT
A1-M02-I04-S3,M02,Personas y entorno cercano,A1-M02-I04,8,"Estudio, trabajo y personas",3,Ficha profesional,TRANSFER_AND_RETRIEVAL,Recuperar información para completar un perfil nuevo.,"Hablar de profesión/estudio y expresar saber, conocer o desconocer de forma elemental.",perfil; ficha; conversación breve,TASK_INTERACTION+READ_OR_LISTEN,0,18,17,14,1,0,NO_NEW_TARGETS,A1,MEASURE_CONTINUOUSLY_NO_UNIVERSAL_98_PERCENT_GATE,STORY_SUCCESS_IS_EVIDENCE_NOT_MASTERY,BLUEPRINT_COMPLETE_16D,"Blueprint defines target scheduling and scenario intent, not final prose. Final story generation must preserve SourceAssertion scope and mode policy.",50,PASS,YES,16D_FINAL_AUDIT
A1-M03-I01-S1,M03,"Tiempo, rutina, estudio y trabajo",A1-M03-I01,9,"Fecha, hora y calendario",1,Una cita a las diez,CONTEXTUAL_INPUT,"Hora, fecha, día y marcadores temporales.","Comprender y expresar horas, días, meses, fechas y referencias temporales inmediatas.",agenda; horario; calendario; audio de cita,READ+LISTEN,19,0,6,6,0,0,Introduce approximately 55% of the island's new objects inside a meaningful situation.,A1,MEASURE_CONTINUOUSLY_NO_UNIVERSAL_98_PERCENT_GATE,STORY_SUCCESS_IS_EVIDENCE_NOT_MASTERY,BLUEPRINT_COMPLETE_16D,"Blueprint defines target scheduling and scenario intent, not final prose. Final story generation must preserve SourceAssertion scope and mode policy.",31,PASS,NO,16D_LOAD_BALANCING
A1-M03-I01-S2,M03,"Tiempo, rutina, estudio y trabajo",A1-M03-I01,9,"Fecha, hora y calendario",2,Cambio de horario,VARIATION_AND_LOCAL_RECYCLING,"Variación de horas, días y referencias temporales.","Comprender y expresar horas, días, meses, fechas y referencias temporales inmediatas.",agenda; horario; calendario; audio de cita,LISTEN+READ,18,7,6,7,0,0,Introduce the remaining new objects while locally reusing S1 targets and receiving near-transfer targets from the preceding island.,A1,MEASURE_CONTINUOUSLY_NO_UNIVERSAL_98_PERCENT_GATE,STORY_SUCCESS_IS_EVIDENCE_NOT_MASTERY,BLUEPRINT_COMPLETE_16D,"Blueprint defines target scheduling and scenario intent, not final prose. Final story generation must preserve SourceAssertion scope and mode policy.",38,PASS,NO,16D_LOAD_BALANCING
A1-M03-I01-S3,M03,"Tiempo, rutina, estudio y trabajo",A1-M03-I01,9,"Fecha, hora y calendario",3,Fecha y hora en otro contexto,EXTENSION_AND_TRANSFER_PREP,Extensión de calendario y referencias temporales antes de organizar una agenda nueva.,"Comprender y expresar horas, días, meses, fechas y referencias temporales inmediatas.",agenda; horario; calendario; audio de cita,READ+LISTEN_OR_INTERACTION,18,15,6,7,0,0,CONTROLLED_FINAL_INTRODUCTION_ALLOWED,A1,MEASURE_CONTINUOUSLY_NO_UNIVERSAL_98_PERCENT_GATE,STORY_SUCCESS_IS_EVIDENCE_NOT_MASTERY,BLUEPRINT_COMPLETE_16D,Added in 16D because v1.43 new-target load exceeded the internal planning guardrail. This story may introduce final island targets; it is not the final transfer story.,46,PASS,NO,16D_LOAD_BALANCING
A1-M03-I01-S4,M03,"Tiempo, rutina, estudio y trabajo",A1-M03-I01,9,"Fecha, hora y calendario",4,Organizar la semana,TRANSFER_AND_RETRIEVAL,Transferencia sobre una agenda nueva.,"Comprender y expresar horas, días, meses, fechas y referencias temporales inmediatas.",agenda; horario; calendario; audio de cita,TASK_INTERACTION+READ_OR_LISTEN,0,33,6,25,0,0,NO_NEW_TARGETS,A1,MEASURE_CONTINUOUSLY_NO_UNIVERSAL_98_PERCENT_GATE,STORY_SUCCESS_IS_EVIDENCE_NOT_MASTERY,BLUEPRINT_COMPLETE_16D,v1.43 S3 moved to S4 in 16D so the final story remains transfer-only after load balancing.,64,PASS,YES,16D_LOAD_BALANCING
A1-M03-I02-S1,M03,"Tiempo, rutina, estudio y trabajo",A1-M03-I02,10,Mi día,1,Un día normal,CONTEXTUAL_INPUT,Rutina cotidiana y secuencia temporal.,Describir rutinas y acciones cotidianas en presente.,rutina ilustrada; mensaje; audio-diario breve,READ+LISTEN,18,0,18,10,1,0,Introduce approximately 55% of the island's new objects inside a meaningful situation.,A1,MEASURE_CONTINUOUSLY_NO_UNIVERSAL_98_PERCENT_GATE,STORY_SUCCESS_IS_EVIDENCE_NOT_MASTERY,BLUEPRINT_COMPLETE_16D,"Blueprint defines target scheduling and scenario intent, not final prose. Final story generation must preserve SourceAssertion scope and mode policy.",47,PASS,NO,16D_FINAL_AUDIT
A1-M03-I02-S2,M03,"Tiempo, rutina, estudio y trabajo",A1-M03-I02,10,Mi día,2,Hoy es diferente,VARIATION_AND_LOCAL_RECYCLING,Variación de acciones y frecuencia.,Describir rutinas y acciones cotidianas en presente.,rutina ilustrada; mensaje; audio-diario breve,LISTEN+READ,18,9,19,10,0,0,Introduce the remaining new objects while locally reusing S1 targets and receiving near-transfer targets from the preceding island.,A1,MEASURE_CONTINUOUSLY_NO_UNIVERSAL_98_PERCENT_GATE,STORY_SUCCESS_IS_EVIDENCE_NOT_MASTERY,BLUEPRINT_COMPLETE_16D,"Blueprint defines target scheduling and scenario intent, not final prose. Final story generation must preserve SourceAssertion scope and mode policy.",56,PASS,NO,16D_FINAL_AUDIT
A1-M03-I02-S3,M03,"Tiempo, rutina, estudio y trabajo",A1-M03-I02,10,Mi día,3,Ordenar el día,TRANSFER_AND_RETRIEVAL,Reconstrucción de una rutina nueva usando marcadores y acciones.,Describir rutinas y acciones cotidianas en presente.,rutina ilustrada; mensaje; audio-diario breve,TASK_INTERACTION+READ_OR_LISTEN,0,27,18,28,0,0,NO_NEW_TARGETS,A1,MEASURE_CONTINUOUSLY_NO_UNIVERSAL_98_PERCENT_GATE,STORY_SUCCESS_IS_EVIDENCE_NOT_MASTERY,BLUEPRINT_COMPLETE_16D,"Blueprint defines target scheduling and scenario intent, not final prose. Final story generation must preserve SourceAssertion scope and mode policy.",73,PASS,YES,16D_FINAL_AUDIT
A1-M03-I03-S1,M03,"Tiempo, rutina, estudio y trabajo",A1-M03-I03,11,En clase,1,En clase,CONTEXTUAL_INPUT,"Instrucciones, objetos de aula y petición de ayuda.","Seguir instrucciones, pedir ayuda y gestionar permiso/aceptación/rechazo en aula.",instrucción; diálogo; ejercicio guiado,READ+LISTEN,15,0,9,9,0,0,Introduce approximately 55% of the island's new objects inside a meaningful situation.,A1,MEASURE_CONTINUOUSLY_NO_UNIVERSAL_98_PERCENT_GATE,STORY_SUCCESS_IS_EVIDENCE_NOT_MASTERY,BLUEPRINT_COMPLETE_16D,"Blueprint defines target scheduling and scenario intent, not final prose. Final story generation must preserve SourceAssertion scope and mode policy.",33,PASS,NO,16D_LOAD_BALANCING
A1-M03-I03-S2,M03,"Tiempo, rutina, estudio y trabajo",A1-M03-I03,11,En clase,2,La actividad cambia,VARIATION_AND_LOCAL_RECYCLING,Variación de consignas y recursos de aula.,"Seguir instrucciones, pedir ayuda y gestionar permiso/aceptación/rechazo en aula.",instrucción; diálogo; ejercicio guiado,LISTEN+READ,15,5,9,8,0,0,Introduce the remaining new objects while locally reusing S1 targets and receiving near-transfer targets from the preceding island.,A1,MEASURE_CONTINUOUSLY_NO_UNIVERSAL_98_PERCENT_GATE,STORY_SUCCESS_IS_EVIDENCE_NOT_MASTERY,BLUEPRINT_COMPLETE_16D,"Blueprint defines target scheduling and scenario intent, not final prose. Final story generation must preserve SourceAssertion scope and mode policy.",37,PASS,NO,16D_LOAD_BALANCING
A1-M03-I03-S3,M03,"Tiempo, rutina, estudio y trabajo",A1-M03-I03,11,En clase,3,Otra tarea de clase,EXTENSION_AND_TRANSFER_PREP,Extensión de instrucciones y recursos de aula antes de la transferencia final.,"Seguir instrucciones, pedir ayuda y gestionar permiso/aceptación/rechazo en aula.",instrucción; diálogo; ejercicio guiado,READ+LISTEN_OR_INTERACTION,14,13,9,9,0,0,CONTROLLED_FINAL_INTRODUCTION_ALLOWED,A1,MEASURE_CONTINUOUSLY_NO_UNIVERSAL_98_PERCENT_GATE,STORY_SUCCESS_IS_EVIDENCE_NOT_MASTERY,BLUEPRINT_COMPLETE_16D,Added in 16D because v1.43 new-target load exceeded the internal planning guardrail. This story may introduce final island targets; it is not the final transfer story.,45,PASS,NO,16D_LOAD_BALANCING
A1-M03-I03-S4,M03,"Tiempo, rutina, estudio y trabajo",A1-M03-I03,11,En clase,4,Seguir las instrucciones,TRANSFER_AND_RETRIEVAL,Transferencia a una tarea nueva con soporte reducido.,"Seguir instrucciones, pedir ayuda y gestionar permiso/aceptación/rechazo en aula.",instrucción; diálogo; ejercicio guiado,TASK_INTERACTION+READ_OR_LISTEN,0,26,9,23,0,0,NO_NEW_TARGETS,A1,MEASURE_CONTINUOUSLY_NO_UNIVERSAL_98_PERCENT_GATE,STORY_SUCCESS_IS_EVIDENCE_NOT_MASTERY,BLUEPRINT_COMPLETE_16D,v1.43 S3 moved to S4 in 16D so the final story remains transfer-only after load balancing.,58,PASS,YES,16D_LOAD_BALANCING
A1-M03-I04-S1,M03,"Tiempo, rutina, estudio y trabajo",A1-M03-I04,12,¿Sabes hacerlo?,1,¿Sabes hacerlo?,CONTEXTUAL_INPUT,Habilidades básicas en estudio/trabajo.,Preguntar y expresar habilidad en estudio/trabajo y actividades básicas.,perfil de habilidades; mini entrevista,READ+LISTEN,6,0,15,6,0,0,Introduce approximately 55% of the island's new objects inside a meaningful situation.,A1,MEASURE_CONTINUOUSLY_NO_UNIVERSAL_98_PERCENT_GATE,STORY_SUCCESS_IS_EVIDENCE_NOT_MASTERY,BLUEPRINT_COMPLETE_16D,"Blueprint defines target scheduling and scenario intent, not final prose. Final story generation must preserve SourceAssertion scope and mode policy.",27,PASS,NO,16D_FINAL_AUDIT
A1-M03-I04-S2,M03,"Tiempo, rutina, estudio y trabajo",A1-M03-I04,12,¿Sabes hacerlo?,2,Lo puedo hacer,VARIATION_AND_LOCAL_RECYCLING,Variación de capacidades y actividades.,Preguntar y expresar habilidad en estudio/trabajo y actividades básicas.,perfil de habilidades; mini entrevista,LISTEN+READ,5,3,14,7,0,0,Introduce the remaining new objects while locally reusing S1 targets and receiving near-transfer targets from the preceding island.,A1,MEASURE_CONTINUOUSLY_NO_UNIVERSAL_98_PERCENT_GATE,STORY_SUCCESS_IS_EVIDENCE_NOT_MASTERY,BLUEPRINT_COMPLETE_16D,"Blueprint defines target scheduling and scenario intent, not final prose. Final story generation must preserve SourceAssertion scope and mode policy.",29,PASS,NO,16D_FINAL_AUDIT
A1-M03-I04-S3,M03,"Tiempo, rutina, estudio y trabajo",A1-M03-I04,12,¿Sabes hacerlo?,3,Perfil de habilidades,TRANSFER_AND_RETRIEVAL,Transferencia a una mini entrevista.,Preguntar y expresar habilidad en estudio/trabajo y actividades básicas.,perfil de habilidades; mini entrevista,TASK_INTERACTION+READ_OR_LISTEN,0,8,15,11,0,0,NO_NEW_TARGETS,A1,MEASURE_CONTINUOUSLY_NO_UNIVERSAL_98_PERCENT_GATE,STORY_SUCCESS_IS_EVIDENCE_NOT_MASTERY,BLUEPRINT_COMPLETE_16D,"Blueprint defines target scheduling and scenario intent, not final prose. Final story generation must preserve SourceAssertion scope and mode policy.",34,PASS,YES,16D_FINAL_AUDIT
A1-M04-I01-S1,M04,"Ciudad, servicios y desplazamientos",A1-M04-I01,13,¿Dónde está?,1,En el centro,CONTEXTUAL_INPUT,Localización de lugares y referencias espaciales.,Localizar lugares de ciudad y comprender referencias espaciales.,mapa; señal; plano; diálogo,READ+LISTEN,20,0,3,12,0,0,Introduce approximately 55% of the island's new objects inside a meaningful situation.,A1,MEASURE_CONTINUOUSLY_NO_UNIVERSAL_98_PERCENT_GATE,STORY_SUCCESS_IS_EVIDENCE_NOT_MASTERY,BLUEPRINT_COMPLETE_16D,"Blueprint defines target scheduling and scenario intent, not final prose. Final story generation must preserve SourceAssertion scope and mode policy.",35,PASS,NO,16D_FINAL_AUDIT
A1-M04-I01-S2,M04,"Ciudad, servicios y desplazamientos",A1-M04-I01,13,¿Dónde está?,2,Otro barrio,VARIATION_AND_LOCAL_RECYCLING,Variación de lugares y relaciones de posición.,Localizar lugares de ciudad y comprender referencias espaciales.,mapa; señal; plano; diálogo,LISTEN+READ,19,10,4,12,0,0,Introduce the remaining new objects while locally reusing S1 targets and receiving near-transfer targets from the preceding island.,A1,MEASURE_CONTINUOUSLY_NO_UNIVERSAL_98_PERCENT_GATE,STORY_SUCCESS_IS_EVIDENCE_NOT_MASTERY,BLUEPRINT_COMPLETE_16D,"Blueprint defines target scheduling and scenario intent, not final prose. Final story generation must preserve SourceAssertion scope and mode policy.",45,PASS,NO,16D_FINAL_AUDIT
A1-M04-I01-S3,M04,"Ciudad, servicios y desplazamientos",A1-M04-I01,13,¿Dónde está?,3,Encontrar el destino,TRANSFER_AND_RETRIEVAL,Transferencia con un mapa nuevo.,Localizar lugares de ciudad y comprender referencias espaciales.,mapa; señal; plano; diálogo,TASK_INTERACTION+READ_OR_LISTEN,0,29,4,30,1,0,NO_NEW_TARGETS,A1,MEASURE_CONTINUOUSLY_NO_UNIVERSAL_98_PERCENT_GATE,STORY_SUCCESS_IS_EVIDENCE_NOT_MASTERY,BLUEPRINT_COMPLETE_16D,"Blueprint defines target scheduling and scenario intent, not final prose. Final story generation must preserve SourceAssertion scope and mode policy.",64,PASS,YES,16D_FINAL_AUDIT
A1-M04-I02-S1,M04,"Ciudad, servicios y desplazamientos",A1-M04-I02,14,Cómo llegar,1,Cómo llegar,CONTEXTUAL_INPUT,Ruta sencilla con direcciones y transporte.,Comprender y dar rutas simples y elegir medios de transporte.,mapa interactivo; indicaciones; audio de ruta,READ+LISTEN,15,0,13,7,0,0,Introduce approximately 55% of the island's new objects inside a meaningful situation.,A1,MEASURE_CONTINUOUSLY_NO_UNIVERSAL_98_PERCENT_GATE,STORY_SUCCESS_IS_EVIDENCE_NOT_MASTERY,BLUEPRINT_COMPLETE_16D,"Blueprint defines target scheduling and scenario intent, not final prose. Final story generation must preserve SourceAssertion scope and mode policy.",35,PASS,NO,16D_FINAL_AUDIT
A1-M04-I02-S2,M04,"Ciudad, servicios y desplazamientos",A1-M04-I02,14,Cómo llegar,2,Otra ruta,VARIATION_AND_LOCAL_RECYCLING,"Variación de medio, punto de partida y destino.",Comprender y dar rutas simples y elegir medios de transporte.,mapa interactivo; indicaciones; audio de ruta,LISTEN+READ,15,8,13,7,0,0,Introduce the remaining new objects while locally reusing S1 targets and receiving near-transfer targets from the preceding island.,A1,MEASURE_CONTINUOUSLY_NO_UNIVERSAL_98_PERCENT_GATE,STORY_SUCCESS_IS_EVIDENCE_NOT_MASTERY,BLUEPRINT_COMPLETE_16D,"Blueprint defines target scheduling and scenario intent, not final prose. Final story generation must preserve SourceAssertion scope and mode policy.",43,PASS,NO,16D_FINAL_AUDIT
A1-M04-I02-S3,M04,"Ciudad, servicios y desplazamientos",A1-M04-I02,14,Cómo llegar,3,Guía a otra persona,TRANSFER_AND_RETRIEVAL,Transferencia: comprender y producir una ruta simple.,Comprender y dar rutas simples y elegir medios de transporte.,mapa interactivo; indicaciones; audio de ruta,TASK_INTERACTION+READ_OR_LISTEN,0,22,13,22,0,0,NO_NEW_TARGETS,A1,MEASURE_CONTINUOUSLY_NO_UNIVERSAL_98_PERCENT_GATE,STORY_SUCCESS_IS_EVIDENCE_NOT_MASTERY,BLUEPRINT_COMPLETE_16D,"Blueprint defines target scheduling and scenario intent, not final prose. Final story generation must preserve SourceAssertion scope and mode policy.",57,PASS,YES,16D_FINAL_AUDIT
A1-M04-I03-S1,M04,"Ciudad, servicios y desplazamientos",A1-M04-I03,15,Necesito un servicio,1,Necesito información,CONTEXTUAL_INPUT,Interacción básica en un servicio público.,Resolver necesidades básicas en servicios y pedir ayuda cuando sea necesario.,ventanilla; señal; diálogo de servicio,READ+LISTEN,12,0,10,9,2,0,Introduce approximately 55% of the island's new objects inside a meaningful situation.,A1,MEASURE_CONTINUOUSLY_NO_UNIVERSAL_98_PERCENT_GATE,STORY_SUCCESS_IS_EVIDENCE_NOT_MASTERY,BLUEPRINT_COMPLETE_16D,"Blueprint defines target scheduling and scenario intent, not final prose. Final story generation must preserve SourceAssertion scope and mode policy.",33,PASS,NO,16D_FINAL_AUDIT
A1-M04-I03-S2,M04,"Ciudad, servicios y desplazamientos",A1-M04-I03,15,Necesito un servicio,2,Otra ventanilla,VARIATION_AND_LOCAL_RECYCLING,Misma función en un servicio diferente.,Resolver necesidades básicas en servicios y pedir ayuda cuando sea necesario.,ventanilla; señal; diálogo de servicio,LISTEN+READ,12,6,10,11,0,0,Introduce the remaining new objects while locally reusing S1 targets and receiving near-transfer targets from the preceding island.,A1,MEASURE_CONTINUOUSLY_NO_UNIVERSAL_98_PERCENT_GATE,STORY_SUCCESS_IS_EVIDENCE_NOT_MASTERY,BLUEPRINT_COMPLETE_16D,"Blueprint defines target scheduling and scenario intent, not final prose. Final story generation must preserve SourceAssertion scope and mode policy.",39,PASS,NO,16D_FINAL_AUDIT
A1-M04-I03-S3,M04,"Ciudad, servicios y desplazamientos",A1-M04-I03,15,Necesito un servicio,3,Resolver la necesidad,TRANSFER_AND_RETRIEVAL,Elegir preguntas/peticiones en una situación nueva.,Resolver necesidades básicas en servicios y pedir ayuda cuando sea necesario.,ventanilla; señal; diálogo de servicio,TASK_INTERACTION+READ_OR_LISTEN,0,18,10,22,0,0,NO_NEW_TARGETS,A1,MEASURE_CONTINUOUSLY_NO_UNIVERSAL_98_PERCENT_GATE,STORY_SUCCESS_IS_EVIDENCE_NOT_MASTERY,BLUEPRINT_COMPLETE_16D,"Blueprint defines target scheduling and scenario intent, not final prose. Final story generation must preserve SourceAssertion scope and mode policy.",50,PASS,YES,16D_FINAL_AUDIT
A1-M04-I04-S1,M04,"Ciudad, servicios y desplazamientos",A1-M04-I04,16,Billetes y horarios,1,Billete y horario,CONTEXTUAL_INPUT,"Lectura de información de transporte, horas y trayectos.","Comprender billetes, horarios, estaciones y elecciones básicas de desplazamiento.",billete; panel; horario; anuncio,READ+LISTEN,15,0,7,0,0,0,Introduce approximately 55% of the island's new objects inside a meaningful situation.,A1,MEASURE_CONTINUOUSLY_NO_UNIVERSAL_98_PERCENT_GATE,STORY_SUCCESS_IS_EVIDENCE_NOT_MASTERY,BLUEPRINT_COMPLETE_16D,"Blueprint defines target scheduling and scenario intent, not final prose. Final story generation must preserve SourceAssertion scope and mode policy.",22,PASS,NO,16D_FINAL_AUDIT
A1-M04-I04-S2,M04,"Ciudad, servicios y desplazamientos",A1-M04-I04,16,Billetes y horarios,2,Cambio de salida,VARIATION_AND_LOCAL_RECYCLING,"Variación de estación, hora y tipo de billete.","Comprender billetes, horarios, estaciones y elecciones básicas de desplazamiento.",billete; panel; horario; anuncio,LISTEN+READ,14,8,7,0,0,0,Introduce the remaining new objects while locally reusing S1 targets and receiving near-transfer targets from the preceding island.,A1,MEASURE_CONTINUOUSLY_NO_UNIVERSAL_98_PERCENT_GATE,STORY_SUCCESS_IS_EVIDENCE_NOT_MASTERY,BLUEPRINT_COMPLETE_16D,"Blueprint defines target scheduling and scenario intent, not final prose. Final story generation must preserve SourceAssertion scope and mode policy.",29,PASS,NO,16D_FINAL_AUDIT
A1-M04-I04-S3,M04,"Ciudad, servicios y desplazamientos",A1-M04-I04,16,Billetes y horarios,3,Elegir el viaje,TRANSFER_AND_RETRIEVAL,"Transferencia combinando panel, billete y pregunta breve.","Comprender billetes, horarios, estaciones y elecciones básicas de desplazamiento.",billete; panel; horario; anuncio,TASK_INTERACTION+READ_OR_LISTEN,0,21,10,10,1,0,NO_NEW_TARGETS,A1,MEASURE_CONTINUOUSLY_NO_UNIVERSAL_98_PERCENT_GATE,STORY_SUCCESS_IS_EVIDENCE_NOT_MASTERY,BLUEPRINT_COMPLETE_16D,"Blueprint defines target scheduling and scenario intent, not final prose. Final story generation must preserve SourceAssertion scope and mode policy.",42,PASS,YES,16D_FINAL_AUDIT
A1-M05-I01-S1,M05,"Comer, comprar y pedir",A1-M05-I01,17,Comida y bebida,1,¿Qué comemos?,CONTEXTUAL_INPUT,"Alimentos, bebidas y cantidades básicas.","Identificar alimentos/bebidas, cantidades básicas y deseos inmediatos.",lista; imagen; menú; diálogo,READ+LISTEN,19,0,10,7,0,0,Introduce approximately 55% of the island's new objects inside a meaningful situation.,A1,MEASURE_CONTINUOUSLY_NO_UNIVERSAL_98_PERCENT_GATE,STORY_SUCCESS_IS_EVIDENCE_NOT_MASTERY,BLUEPRINT_COMPLETE_16D,"Blueprint defines target scheduling and scenario intent, not final prose. Final story generation must preserve SourceAssertion scope and mode policy.",36,PASS,NO,16D_FINAL_AUDIT
A1-M05-I01-S2,M05,"Comer, comprar y pedir",A1-M05-I01,17,Comida y bebida,2,Otra comida,VARIATION_AND_LOCAL_RECYCLING,Variación de elecciones y cantidades.,"Identificar alimentos/bebidas, cantidades básicas y deseos inmediatos.",lista; imagen; menú; diálogo,LISTEN+READ,19,10,9,7,0,0,Introduce the remaining new objects while locally reusing S1 targets and receiving near-transfer targets from the preceding island.,A1,MEASURE_CONTINUOUSLY_NO_UNIVERSAL_98_PERCENT_GATE,STORY_SUCCESS_IS_EVIDENCE_NOT_MASTERY,BLUEPRINT_COMPLETE_16D,"Blueprint defines target scheduling and scenario intent, not final prose. Final story generation must preserve SourceAssertion scope and mode policy.",45,PASS,NO,16D_FINAL_AUDIT
A1-M05-I01-S3,M05,"Comer, comprar y pedir",A1-M05-I01,17,Comida y bebida,3,Preparar una lista,TRANSFER_AND_RETRIEVAL,Transferencia a una situación alimentaria nueva.,"Identificar alimentos/bebidas, cantidades básicas y deseos inmediatos.",lista; imagen; menú; diálogo,TASK_INTERACTION+READ_OR_LISTEN,0,28,10,25,0,0,NO_NEW_TARGETS,A1,MEASURE_CONTINUOUSLY_NO_UNIVERSAL_98_PERCENT_GATE,STORY_SUCCESS_IS_EVIDENCE_NOT_MASTERY,BLUEPRINT_COMPLETE_16D,"Blueprint defines target scheduling and scenario intent, not final prose. Final story generation must preserve SourceAssertion scope and mode policy.",63,PASS,YES,16D_FINAL_AUDIT
A1-M05-I02-S1,M05,"Comer, comprar y pedir",A1-M05-I02,18,En el bar o restaurante,1,En el restaurante,CONTEXTUAL_INPUT,Pedido básico y fórmulas con personal de servicio.,Pedir objetos/comida y manejar fórmulas básicas con personal de servicio.,menú; pedido; diálogo,READ+LISTEN,11,0,12,6,1,0,Introduce approximately 55% of the island's new objects inside a meaningful situation.,A1,MEASURE_CONTINUOUSLY_NO_UNIVERSAL_98_PERCENT_GATE,STORY_SUCCESS_IS_EVIDENCE_NOT_MASTERY,BLUEPRINT_COMPLETE_16D,"Blueprint defines target scheduling and scenario intent, not final prose. Final story generation must preserve SourceAssertion scope and mode policy.",30,PASS,NO,16D_FINAL_AUDIT
A1-M05-I02-S2,M05,"Comer, comprar y pedir",A1-M05-I02,18,En el bar o restaurante,2,En otro local,VARIATION_AND_LOCAL_RECYCLING,"Variación de menú, interlocutor y pedido.",Pedir objetos/comida y manejar fórmulas básicas con personal de servicio.,menú; pedido; diálogo,LISTEN+READ,11,6,13,6,0,0,Introduce the remaining new objects while locally reusing S1 targets and receiving near-transfer targets from the preceding island.,A1,MEASURE_CONTINUOUSLY_NO_UNIVERSAL_98_PERCENT_GATE,STORY_SUCCESS_IS_EVIDENCE_NOT_MASTERY,BLUEPRINT_COMPLETE_16D,"Blueprint defines target scheduling and scenario intent, not final prose. Final story generation must preserve SourceAssertion scope and mode policy.",36,PASS,NO,16D_FINAL_AUDIT
A1-M05-I02-S3,M05,"Comer, comprar y pedir",A1-M05-I02,18,En el bar o restaurante,3,Hacer el pedido,TRANSFER_AND_RETRIEVAL,Transferencia con menú nuevo y soporte reducido.,Pedir objetos/comida y manejar fórmulas básicas con personal de servicio.,menú; pedido; diálogo,TASK_INTERACTION+READ_OR_LISTEN,0,16,13,14,3,0,NO_NEW_TARGETS,A1,MEASURE_CONTINUOUSLY_NO_UNIVERSAL_98_PERCENT_GATE,STORY_SUCCESS_IS_EVIDENCE_NOT_MASTERY,BLUEPRINT_COMPLETE_16D,"Blueprint defines target scheduling and scenario intent, not final prose. Final story generation must preserve SourceAssertion scope and mode policy.",46,PASS,YES,16D_FINAL_AUDIT
A1-M05-I03-S1,M05,"Comer, comprar y pedir",A1-M05-I03,19,¿Cuánto cuesta?,1,¿Cuánto cuesta?,CONTEXTUAL_INPUT,"Precio, moneda, cantidad y pago.","Preguntar y comprender precios, cantidades y formas básicas de pago.",precio; etiqueta; recibo; diálogo de compra,READ+LISTEN,10,0,7,5,0,0,Introduce approximately 55% of the island's new objects inside a meaningful situation.,A1,MEASURE_CONTINUOUSLY_NO_UNIVERSAL_98_PERCENT_GATE,STORY_SUCCESS_IS_EVIDENCE_NOT_MASTERY,BLUEPRINT_COMPLETE_16D,"Blueprint defines target scheduling and scenario intent, not final prose. Final story generation must preserve SourceAssertion scope and mode policy.",22,PASS,NO,16D_FINAL_AUDIT
A1-M05-I03-S2,M05,"Comer, comprar y pedir",A1-M05-I03,19,¿Cuánto cuesta?,2,Otra tienda,VARIATION_AND_LOCAL_RECYCLING,Variación de productos y precios.,"Preguntar y comprender precios, cantidades y formas básicas de pago.",precio; etiqueta; recibo; diálogo de compra,LISTEN+READ,10,5,7,4,1,0,Introduce the remaining new objects while locally reusing S1 targets and receiving near-transfer targets from the preceding island.,A1,MEASURE_CONTINUOUSLY_NO_UNIVERSAL_98_PERCENT_GATE,STORY_SUCCESS_IS_EVIDENCE_NOT_MASTERY,BLUEPRINT_COMPLETE_16D,"Blueprint defines target scheduling and scenario intent, not final prose. Final story generation must preserve SourceAssertion scope and mode policy.",27,PASS,NO,16D_FINAL_AUDIT
A1-M05-I03-S3,M05,"Comer, comprar y pedir",A1-M05-I03,19,¿Cuánto cuesta?,3,Resolver la compra,TRANSFER_AND_RETRIEVAL,Transferencia a una etiqueta/recibo nuevos.,"Preguntar y comprender precios, cantidades y formas básicas de pago.",precio; etiqueta; recibo; diálogo de compra,TASK_INTERACTION+READ_OR_LISTEN,0,15,8,13,1,0,NO_NEW_TARGETS,A1,MEASURE_CONTINUOUSLY_NO_UNIVERSAL_98_PERCENT_GATE,STORY_SUCCESS_IS_EVIDENCE_NOT_MASTERY,BLUEPRINT_COMPLETE_16D,"Blueprint defines target scheduling and scenario intent, not final prose. Final story generation must preserve SourceAssertion scope and mode policy.",37,PASS,YES,16D_FINAL_AUDIT
A1-M05-I04-S1,M05,"Comer, comprar y pedir",A1-M05-I04,20,Elegir y resolver,1,¿Cuál prefieres?,CONTEXTUAL_INPUT,"Elegir, aceptar, rechazar y corregir en una transacción.","Comparar alternativas simples, aceptar/rechazar y corregir una elección.",diálogo transaccional; lista de opciones,READ+LISTEN,19,0,6,4,0,0,Introduce approximately 55% of the island's new objects inside a meaningful situation.,A1,MEASURE_CONTINUOUSLY_NO_UNIVERSAL_98_PERCENT_GATE,STORY_SUCCESS_IS_EVIDENCE_NOT_MASTERY,BLUEPRINT_COMPLETE_16D,"Blueprint defines target scheduling and scenario intent, not final prose. Final story generation must preserve SourceAssertion scope and mode policy.",29,PASS,NO,16D_FINAL_AUDIT
A1-M05-I04-S2,M05,"Comer, comprar y pedir",A1-M05-I04,20,Elegir y resolver,2,Cambio de opción,VARIATION_AND_LOCAL_RECYCLING,Variación de alternativas y respuestas.,"Comparar alternativas simples, aceptar/rechazar y corregir una elección.",diálogo transaccional; lista de opciones,LISTEN+READ,19,10,7,3,0,0,Introduce the remaining new objects while locally reusing S1 targets and receiving near-transfer targets from the preceding island.,A1,MEASURE_CONTINUOUSLY_NO_UNIVERSAL_98_PERCENT_GATE,STORY_SUCCESS_IS_EVIDENCE_NOT_MASTERY,BLUEPRINT_COMPLETE_16D,"Blueprint defines target scheduling and scenario intent, not final prose. Final story generation must preserve SourceAssertion scope and mode policy.",39,PASS,NO,16D_FINAL_AUDIT
A1-M05-I04-S3,M05,"Comer, comprar y pedir",A1-M05-I04,20,Elegir y resolver,3,Compra con problema,TRANSFER_AND_RETRIEVAL,"Transferencia integrando elección, corrección y cortesía.","Comparar alternativas simples, aceptar/rechazar y corregir una elección.",diálogo transaccional; lista de opciones,TASK_INTERACTION+READ_OR_LISTEN,0,28,7,21,1,0,NO_NEW_TARGETS,A1,MEASURE_CONTINUOUSLY_NO_UNIVERSAL_98_PERCENT_GATE,STORY_SUCCESS_IS_EVIDENCE_NOT_MASTERY,BLUEPRINT_COMPLETE_16D,"Blueprint defines target scheduling and scenario intent, not final prose. Final story generation must preserve SourceAssertion scope and mode policy.",57,PASS,YES,16D_FINAL_AUDIT
A1-M06-I01-S1,M06,"Ocio, gustos y vida social",A1-M06-I01,21,Me gusta / prefiero,1,Me gusta,CONTEXTUAL_INPUT,Gustos y preferencias sobre actividades y objetos.,"Expresar gustos, intereses y preferencias por entidades y actividades.",perfil de gustos; encuesta; chat,READ+LISTEN,12,0,13,9,0,0,Introduce approximately 55% of the island's new objects inside a meaningful situation.,A1,MEASURE_CONTINUOUSLY_NO_UNIVERSAL_98_PERCENT_GATE,STORY_SUCCESS_IS_EVIDENCE_NOT_MASTERY,BLUEPRINT_COMPLETE_16D,"Blueprint defines target scheduling and scenario intent, not final prose. Final story generation must preserve SourceAssertion scope and mode policy.",34,PASS,NO,16D_FINAL_AUDIT
A1-M06-I01-S2,M06,"Ocio, gustos y vida social",A1-M06-I01,21,Me gusta / prefiero,2,No me gusta lo mismo,VARIATION_AND_LOCAL_RECYCLING,"Variación de persona, polaridad y preferencia.","Expresar gustos, intereses y preferencias por entidades y actividades.",perfil de gustos; encuesta; chat,LISTEN+READ,12,6,12,9,0,0,Introduce the remaining new objects while locally reusing S1 targets and receiving near-transfer targets from the preceding island.,A1,MEASURE_CONTINUOUSLY_NO_UNIVERSAL_98_PERCENT_GATE,STORY_SUCCESS_IS_EVIDENCE_NOT_MASTERY,BLUEPRINT_COMPLETE_16D,"Blueprint defines target scheduling and scenario intent, not final prose. Final story generation must preserve SourceAssertion scope and mode policy.",39,PASS,NO,16D_FINAL_AUDIT
A1-M06-I01-S3,M06,"Ocio, gustos y vida social",A1-M06-I01,21,Me gusta / prefiero,3,Encuesta de gustos,TRANSFER_AND_RETRIEVAL,Transferencia a perfiles nuevos.,"Expresar gustos, intereses y preferencias por entidades y actividades.",perfil de gustos; encuesta; chat,TASK_INTERACTION+READ_OR_LISTEN,0,18,13,20,0,0,NO_NEW_TARGETS,A1,MEASURE_CONTINUOUSLY_NO_UNIVERSAL_98_PERCENT_GATE,STORY_SUCCESS_IS_EVIDENCE_NOT_MASTERY,BLUEPRINT_COMPLETE_16D,"Blueprint defines target scheduling and scenario intent, not final prose. Final story generation must preserve SourceAssertion scope and mode policy.",51,PASS,YES,16D_FINAL_AUDIT
A1-M06-I02-S1,M06,"Ocio, gustos y vida social",A1-M06-I02,22,"Música, deporte y medios",1,Después de clase,CONTEXTUAL_INPUT,"Ocio, música, deporte, lectura y medios.","Hablar de actividades de ocio, deporte, música, televisión y lectura.",cartel; programación; reseña mínima; conversación,READ+LISTEN,16,0,8,2,0,0,Introduce approximately 55% of the island's new objects inside a meaningful situation.,A1,MEASURE_CONTINUOUSLY_NO_UNIVERSAL_98_PERCENT_GATE,STORY_SUCCESS_IS_EVIDENCE_NOT_MASTERY,BLUEPRINT_COMPLETE_16D,"Blueprint defines target scheduling and scenario intent, not final prose. Final story generation must preserve SourceAssertion scope and mode policy.",26,PASS,NO,16D_FINAL_AUDIT
A1-M06-I02-S2,M06,"Ocio, gustos y vida social",A1-M06-I02,22,"Música, deporte y medios",2,Fin de semana,VARIATION_AND_LOCAL_RECYCLING,Variación de actividades y frecuencia.,"Hablar de actividades de ocio, deporte, música, televisión y lectura.",cartel; programación; reseña mínima; conversación,LISTEN+READ,16,8,8,2,0,0,Introduce the remaining new objects while locally reusing S1 targets and receiving near-transfer targets from the preceding island.,A1,MEASURE_CONTINUOUSLY_NO_UNIVERSAL_98_PERCENT_GATE,STORY_SUCCESS_IS_EVIDENCE_NOT_MASTERY,BLUEPRINT_COMPLETE_16D,"Blueprint defines target scheduling and scenario intent, not final prose. Final story generation must preserve SourceAssertion scope and mode policy.",34,PASS,NO,16D_FINAL_AUDIT
A1-M06-I02-S3,M06,"Ocio, gustos y vida social",A1-M06-I02,22,"Música, deporte y medios",3,Plan de ocio,TRANSFER_AND_RETRIEVAL,Transferencia eligiendo actividades para otra persona.,"Hablar de actividades de ocio, deporte, música, televisión y lectura.",cartel; programación; reseña mínima; conversación,TASK_INTERACTION+READ_OR_LISTEN,0,24,8,17,1,0,NO_NEW_TARGETS,A1,MEASURE_CONTINUOUSLY_NO_UNIVERSAL_98_PERCENT_GATE,STORY_SUCCESS_IS_EVIDENCE_NOT_MASTERY,BLUEPRINT_COMPLETE_16D,"Blueprint defines target scheduling and scenario intent, not final prose. Final story generation must preserve SourceAssertion scope and mode policy.",50,PASS,YES,16D_FINAL_AUDIT
A1-M06-I03-S1,M06,"Ocio, gustos y vida social",A1-M06-I03,23,¿Quieres venir?,1,¿Quieres venir?,CONTEXTUAL_INPUT,Invitación y propuesta simple.,"Ofrecer, invitar, aceptar y rechazar propuestas simples.",invitación; chat; diálogo,READ+LISTEN,11,0,11,3,0,0,Introduce approximately 55% of the island's new objects inside a meaningful situation.,A1,MEASURE_CONTINUOUSLY_NO_UNIVERSAL_98_PERCENT_GATE,STORY_SUCCESS_IS_EVIDENCE_NOT_MASTERY,BLUEPRINT_COMPLETE_16D,"Blueprint defines target scheduling and scenario intent, not final prose. Final story generation must preserve SourceAssertion scope and mode policy.",25,PASS,NO,16D_FINAL_AUDIT
A1-M06-I03-S2,M06,"Ocio, gustos y vida social",A1-M06-I03,23,¿Quieres venir?,2,Otra invitación,VARIATION_AND_LOCAL_RECYCLING,"Variación de actividad, persona y respuesta.","Ofrecer, invitar, aceptar y rechazar propuestas simples.",invitación; chat; diálogo,LISTEN+READ,10,6,10,4,0,0,Introduce the remaining new objects while locally reusing S1 targets and receiving near-transfer targets from the preceding island.,A1,MEASURE_CONTINUOUSLY_NO_UNIVERSAL_98_PERCENT_GATE,STORY_SUCCESS_IS_EVIDENCE_NOT_MASTERY,BLUEPRINT_COMPLETE_16D,"Blueprint defines target scheduling and scenario intent, not final prose. Final story generation must preserve SourceAssertion scope and mode policy.",30,PASS,NO,16D_FINAL_AUDIT
A1-M06-I03-S3,M06,"Ocio, gustos y vida social",A1-M06-I03,23,¿Quieres venir?,3,Aceptar o rechazar,TRANSFER_AND_RETRIEVAL,Transferencia con una invitación nueva.,"Ofrecer, invitar, aceptar y rechazar propuestas simples.",invitación; chat; diálogo,TASK_INTERACTION+READ_OR_LISTEN,0,15,11,12,1,0,NO_NEW_TARGETS,A1,MEASURE_CONTINUOUSLY_NO_UNIVERSAL_98_PERCENT_GATE,STORY_SUCCESS_IS_EVIDENCE_NOT_MASTERY,BLUEPRINT_COMPLETE_16D,"Blueprint defines target scheduling and scenario intent, not final prose. Final story generation must preserve SourceAssertion scope and mode policy.",39,PASS,YES,16D_FINAL_AUDIT
A1-M06-I04-S1,M06,"Ocio, gustos y vida social",A1-M06-I04,24,Fiestas y momentos sociales,1,Cumpleaños,CONTEXTUAL_INPUT,Fórmulas sociales en un evento personal.,"Felicitar, brindar y reconocer fórmulas sociales de eventos personales.",tarjeta; mensaje; mini diálogo,READ+LISTEN,8,0,7,10,0,0,Introduce approximately 55% of the island's new objects inside a meaningful situation.,A1,MEASURE_CONTINUOUSLY_NO_UNIVERSAL_98_PERCENT_GATE,STORY_SUCCESS_IS_EVIDENCE_NOT_MASTERY,BLUEPRINT_COMPLETE_16D,"Blueprint defines target scheduling and scenario intent, not final prose. Final story generation must preserve SourceAssertion scope and mode policy.",25,PASS,NO,16D_FINAL_AUDIT
A1-M06-I04-S2,M06,"Ocio, gustos y vida social",A1-M06-I04,24,Fiestas y momentos sociales,2,Otra celebración,VARIATION_AND_LOCAL_RECYCLING,"Variación de mensaje, fecha y relación interpersonal.","Felicitar, brindar y reconocer fórmulas sociales de eventos personales.",tarjeta; mensaje; mini diálogo,LISTEN+READ,7,4,7,11,0,0,Introduce the remaining new objects while locally reusing S1 targets and receiving near-transfer targets from the preceding island.,A1,MEASURE_CONTINUOUSLY_NO_UNIVERSAL_98_PERCENT_GATE,STORY_SUCCESS_IS_EVIDENCE_NOT_MASTERY,BLUEPRINT_COMPLETE_16D,"Blueprint defines target scheduling and scenario intent, not final prose. Final story generation must preserve SourceAssertion scope and mode policy.",29,PASS,NO,16D_FINAL_AUDIT
A1-M06-I04-S3,M06,"Ocio, gustos y vida social",A1-M06-I04,24,Fiestas y momentos sociales,3,Mensaje adecuado,TRANSFER_AND_RETRIEVAL,Transferencia: elegir/producir una fórmula apropiada.,"Felicitar, brindar y reconocer fórmulas sociales de eventos personales.",tarjeta; mensaje; mini diálogo,TASK_INTERACTION+READ_OR_LISTEN,0,11,7,17,0,0,NO_NEW_TARGETS,A1,MEASURE_CONTINUOUSLY_NO_UNIVERSAL_98_PERCENT_GATE,STORY_SUCCESS_IS_EVIDENCE_NOT_MASTERY,BLUEPRINT_COMPLETE_16D,"Blueprint defines target scheduling and scenario intent, not final prose. Final story generation must preserve SourceAssertion scope and mode policy.",35,PASS,YES,16D_FINAL_AUDIT
A1-M07-I01-S1,M07,"Viajes, alojamiento, clima y planes",A1-M07-I01,25,Moverse y viajar,1,Viaje en tren,CONTEXTUAL_INPUT,"Desplazamiento, origen, destino y medio.",Planificar desplazamientos básicos y elegir transporte/destino.,itinerario; billete; mapa; conversación,READ+LISTEN,14,0,5,3,0,0,Introduce approximately 55% of the island's new objects inside a meaningful situation.,A1,MEASURE_CONTINUOUSLY_NO_UNIVERSAL_98_PERCENT_GATE,STORY_SUCCESS_IS_EVIDENCE_NOT_MASTERY,BLUEPRINT_COMPLETE_16D,"Blueprint defines target scheduling and scenario intent, not final prose. Final story generation must preserve SourceAssertion scope and mode policy.",22,PASS,NO,16D_FINAL_AUDIT
A1-M07-I01-S2,M07,"Viajes, alojamiento, clima y planes",A1-M07-I01,25,Moverse y viajar,2,Otro trayecto,VARIATION_AND_LOCAL_RECYCLING,Variación de transporte y destino.,Planificar desplazamientos básicos y elegir transporte/destino.,itinerario; billete; mapa; conversación,LISTEN+READ,13,7,5,4,0,0,Introduce the remaining new objects while locally reusing S1 targets and receiving near-transfer targets from the preceding island.,A1,MEASURE_CONTINUOUSLY_NO_UNIVERSAL_98_PERCENT_GATE,STORY_SUCCESS_IS_EVIDENCE_NOT_MASTERY,BLUEPRINT_COMPLETE_16D,"Blueprint defines target scheduling and scenario intent, not final prose. Final story generation must preserve SourceAssertion scope and mode policy.",29,PASS,NO,16D_FINAL_AUDIT
A1-M07-I01-S3,M07,"Viajes, alojamiento, clima y planes",A1-M07-I01,25,Moverse y viajar,3,Elegir cómo viajar,TRANSFER_AND_RETRIEVAL,Transferencia a un itinerario nuevo.,Planificar desplazamientos básicos y elegir transporte/destino.,itinerario; billete; mapa; conversación,TASK_INTERACTION+READ_OR_LISTEN,0,20,5,17,0,0,NO_NEW_TARGETS,A1,MEASURE_CONTINUOUSLY_NO_UNIVERSAL_98_PERCENT_GATE,STORY_SUCCESS_IS_EVIDENCE_NOT_MASTERY,BLUEPRINT_COMPLETE_16D,"Blueprint defines target scheduling and scenario intent, not final prose. Final story generation must preserve SourceAssertion scope and mode policy.",42,PASS,YES,16D_FINAL_AUDIT
A1-M07-I02-S1,M07,"Viajes, alojamiento, clima y planes",A1-M07-I02,26,Alojamiento,1,Buscar hotel,CONTEXTUAL_INPUT,"Alojamiento, habitación y servicios básicos.",Comprender y pedir información elemental sobre hotel/habitación/alojamiento.,anuncio; reserva; ficha; diálogo,READ+LISTEN,12,0,9,7,0,0,Introduce approximately 55% of the island's new objects inside a meaningful situation.,A1,MEASURE_CONTINUOUSLY_NO_UNIVERSAL_98_PERCENT_GATE,STORY_SUCCESS_IS_EVIDENCE_NOT_MASTERY,BLUEPRINT_COMPLETE_16D,"Blueprint defines target scheduling and scenario intent, not final prose. Final story generation must preserve SourceAssertion scope and mode policy.",28,PASS,NO,16D_FINAL_AUDIT
A1-M07-I02-S2,M07,"Viajes, alojamiento, clima y planes",A1-M07-I02,26,Alojamiento,2,Otra habitación,VARIATION_AND_LOCAL_RECYCLING,Variación de características y disponibilidad.,Comprender y pedir información elemental sobre hotel/habitación/alojamiento.,anuncio; reserva; ficha; diálogo,LISTEN+READ,11,6,9,7,0,0,Introduce the remaining new objects while locally reusing S1 targets and receiving near-transfer targets from the preceding island.,A1,MEASURE_CONTINUOUSLY_NO_UNIVERSAL_98_PERCENT_GATE,STORY_SUCCESS_IS_EVIDENCE_NOT_MASTERY,BLUEPRINT_COMPLETE_16D,"Blueprint defines target scheduling and scenario intent, not final prose. Final story generation must preserve SourceAssertion scope and mode policy.",33,PASS,NO,16D_FINAL_AUDIT
A1-M07-I02-S3,M07,"Viajes, alojamiento, clima y planes",A1-M07-I02,26,Alojamiento,3,Elegir alojamiento,TRANSFER_AND_RETRIEVAL,Transferencia con anuncio/reserva nuevos.,Comprender y pedir información elemental sobre hotel/habitación/alojamiento.,anuncio; reserva; ficha; diálogo,TASK_INTERACTION+READ_OR_LISTEN,0,17,9,18,0,0,NO_NEW_TARGETS,A1,MEASURE_CONTINUOUSLY_NO_UNIVERSAL_98_PERCENT_GATE,STORY_SUCCESS_IS_EVIDENCE_NOT_MASTERY,BLUEPRINT_COMPLETE_16D,"Blueprint defines target scheduling and scenario intent, not final prose. Final story generation must preserve SourceAssertion scope and mode policy.",44,PASS,YES,16D_FINAL_AUDIT
A1-M07-I03-S1,M07,"Viajes, alojamiento, clima y planes",A1-M07-I03,27,¿Qué tiempo hace?,1,Hoy hace frío,CONTEXTUAL_INPUT,"Clima, estación y fenómenos meteorológicos A1.",Comprender clima/estaciones y expresar posibilidad muy elemental.,pronóstico simple; mensaje; audio,READ+LISTEN,13,0,7,3,0,0,Introduce approximately 55% of the island's new objects inside a meaningful situation.,A1,MEASURE_CONTINUOUSLY_NO_UNIVERSAL_98_PERCENT_GATE,STORY_SUCCESS_IS_EVIDENCE_NOT_MASTERY,BLUEPRINT_COMPLETE_16D,"Blueprint defines target scheduling and scenario intent, not final prose. Final story generation must preserve SourceAssertion scope and mode policy.",23,PASS,NO,16D_FINAL_AUDIT
A1-M07-I03-S2,M07,"Viajes, alojamiento, clima y planes",A1-M07-I03,27,¿Qué tiempo hace?,2,Mañana cambia,VARIATION_AND_LOCAL_RECYCLING,Variación de tiempo y posibilidad elemental.,Comprender clima/estaciones y expresar posibilidad muy elemental.,pronóstico simple; mensaje; audio,LISTEN+READ,12,7,8,3,0,0,Introduce the remaining new objects while locally reusing S1 targets and receiving near-transfer targets from the preceding island.,A1,MEASURE_CONTINUOUSLY_NO_UNIVERSAL_98_PERCENT_GATE,STORY_SUCCESS_IS_EVIDENCE_NOT_MASTERY,BLUEPRINT_COMPLETE_16D,"Blueprint defines target scheduling and scenario intent, not final prose. Final story generation must preserve SourceAssertion scope and mode policy.",30,PASS,NO,16D_FINAL_AUDIT
A1-M07-I03-S3,M07,"Viajes, alojamiento, clima y planes",A1-M07-I03,27,¿Qué tiempo hace?,3,Preparar el día,TRANSFER_AND_RETRIEVAL,Transferencia usando un pronóstico nuevo.,Comprender clima/estaciones y expresar posibilidad muy elemental.,pronóstico simple; mensaje; audio,TASK_INTERACTION+READ_OR_LISTEN,0,18,8,15,0,0,NO_NEW_TARGETS,A1,MEASURE_CONTINUOUSLY_NO_UNIVERSAL_98_PERCENT_GATE,STORY_SUCCESS_IS_EVIDENCE_NOT_MASTERY,BLUEPRINT_COMPLETE_16D,"Blueprint defines target scheduling and scenario intent, not final prose. Final story generation must preserve SourceAssertion scope and mode policy.",41,PASS,YES,16D_FINAL_AUDIT
A1-M07-I04-S1,M07,"Viajes, alojamiento, clima y planes",A1-M07-I04,28,Planes próximos,1,Plan para mañana,CONTEXTUAL_INPUT,Planes próximos con tiempo y actividad.,Preguntar y comunicar planes/intenciones próximas.,agenda; chat; plan de viaje,READ+LISTEN,9,0,9,2,0,0,Introduce approximately 55% of the island's new objects inside a meaningful situation.,A1,MEASURE_CONTINUOUSLY_NO_UNIVERSAL_98_PERCENT_GATE,STORY_SUCCESS_IS_EVIDENCE_NOT_MASTERY,BLUEPRINT_COMPLETE_16D,"Blueprint defines target scheduling and scenario intent, not final prose. Final story generation must preserve SourceAssertion scope and mode policy.",20,PASS,NO,16D_FINAL_AUDIT
A1-M07-I04-S2,M07,"Viajes, alojamiento, clima y planes",A1-M07-I04,28,Planes próximos,2,Cambio de plan,VARIATION_AND_LOCAL_RECYCLING,"Variación de persona, momento y destino.",Preguntar y comunicar planes/intenciones próximas.,agenda; chat; plan de viaje,LISTEN+READ,9,5,8,2,0,0,Introduce the remaining new objects while locally reusing S1 targets and receiving near-transfer targets from the preceding island.,A1,MEASURE_CONTINUOUSLY_NO_UNIVERSAL_98_PERCENT_GATE,STORY_SUCCESS_IS_EVIDENCE_NOT_MASTERY,BLUEPRINT_COMPLETE_16D,"Blueprint defines target scheduling and scenario intent, not final prose. Final story generation must preserve SourceAssertion scope and mode policy.",24,PASS,NO,16D_FINAL_AUDIT
A1-M07-I04-S3,M07,"Viajes, alojamiento, clima y planes",A1-M07-I04,28,Planes próximos,3,Organizar el viaje,TRANSFER_AND_RETRIEVAL,"Transferencia integrando planes, transporte y tiempo.",Preguntar y comunicar planes/intenciones próximas.,agenda; chat; plan de viaje,TASK_INTERACTION+READ_OR_LISTEN,0,13,8,11,0,0,NO_NEW_TARGETS,A1,MEASURE_CONTINUOUSLY_NO_UNIVERSAL_98_PERCENT_GATE,STORY_SUCCESS_IS_EVIDENCE_NOT_MASTERY,BLUEPRINT_COMPLETE_16D,"Blueprint defines target scheduling and scenario intent, not final prose. Final story generation must preserve SourceAssertion scope and mode policy.",32,PASS,YES,16D_FINAL_AUDIT
A1-M08-I01-S1,M08,"Opinión, información e integración A1",A1-M08-I01,29,¿Qué opinas?,1,¿Qué opinas?,CONTEXTUAL_INPUT,Opinión y valoración elemental sobre temas ya conocidos.,"Pedir y dar opiniones elementales sobre experiencias, lugares y contenidos conocidos.",microreseña; diálogo; encuesta,READ+LISTEN,16,0,6,4,0,0,Introduce approximately 55% of the island's new objects inside a meaningful situation.,A1,MEASURE_CONTINUOUSLY_NO_UNIVERSAL_98_PERCENT_GATE,STORY_SUCCESS_IS_EVIDENCE_NOT_MASTERY,BLUEPRINT_COMPLETE_16D,"Blueprint defines target scheduling and scenario intent, not final prose. Final story generation must preserve SourceAssertion scope and mode policy.",26,PASS,NO,16D_FINAL_AUDIT
A1-M08-I01-S2,M08,"Opinión, información e integración A1",A1-M08-I01,29,¿Qué opinas?,2,Otra opinión,VARIATION_AND_LOCAL_RECYCLING,Variación de objeto y grado de valoración.,"Pedir y dar opiniones elementales sobre experiencias, lugares y contenidos conocidos.",microreseña; diálogo; encuesta,LISTEN+READ,15,8,6,4,0,0,Introduce the remaining new objects while locally reusing S1 targets and receiving near-transfer targets from the preceding island.,A1,MEASURE_CONTINUOUSLY_NO_UNIVERSAL_98_PERCENT_GATE,STORY_SUCCESS_IS_EVIDENCE_NOT_MASTERY,BLUEPRINT_COMPLETE_16D,"Blueprint defines target scheduling and scenario intent, not final prose. Final story generation must preserve SourceAssertion scope and mode policy.",33,PASS,NO,16D_FINAL_AUDIT
A1-M08-I01-S3,M08,"Opinión, información e integración A1",A1-M08-I01,29,¿Qué opinas?,3,Comparar opiniones,TRANSFER_AND_RETRIEVAL,Transferencia a un contenido nuevo de baja inferencia.,"Pedir y dar opiniones elementales sobre experiencias, lugares y contenidos conocidos.",microreseña; diálogo; encuesta,TASK_INTERACTION+READ_OR_LISTEN,0,23,6,19,0,0,NO_NEW_TARGETS,A1,MEASURE_CONTINUOUSLY_NO_UNIVERSAL_98_PERCENT_GATE,STORY_SUCCESS_IS_EVIDENCE_NOT_MASTERY,BLUEPRINT_COMPLETE_16D,"Blueprint defines target scheduling and scenario intent, not final prose. Final story generation must preserve SourceAssertion scope and mode policy.",48,PASS,YES,16D_FINAL_AUDIT
A1-M08-I02-S1,M08,"Opinión, información e integración A1",A1-M08-I02,30,"Sí, pero...",1,"Sí, pero...",CONTEXTUAL_INPUT,"Acuerdo, desacuerdo, contraste, causa y certeza básica.","Expresar acuerdo/desacuerdo, certeza, duda y contraste básicos.",conversación; comentario breve; audio,READ+LISTEN,18,0,10,2,0,0,Introduce approximately 55% of the island's new objects inside a meaningful situation.,A1,MEASURE_CONTINUOUSLY_NO_UNIVERSAL_98_PERCENT_GATE,STORY_SUCCESS_IS_EVIDENCE_NOT_MASTERY,BLUEPRINT_COMPLETE_16D,"Blueprint defines target scheduling and scenario intent, not final prose. Final story generation must preserve SourceAssertion scope and mode policy.",30,PASS,NO,16D_FINAL_AUDIT
A1-M08-I02-S2,M08,"Opinión, información e integración A1",A1-M08-I02,30,"Sí, pero...",2,No estoy seguro,VARIATION_AND_LOCAL_RECYCLING,Variación de postura y marcadores de duda.,"Expresar acuerdo/desacuerdo, certeza, duda y contraste básicos.",conversación; comentario breve; audio,LISTEN+READ,17,9,11,2,0,0,Introduce the remaining new objects while locally reusing S1 targets and receiving near-transfer targets from the preceding island.,A1,MEASURE_CONTINUOUSLY_NO_UNIVERSAL_98_PERCENT_GATE,STORY_SUCCESS_IS_EVIDENCE_NOT_MASTERY,BLUEPRINT_COMPLETE_16D,"Blueprint defines target scheduling and scenario intent, not final prose. Final story generation must preserve SourceAssertion scope and mode policy.",39,PASS,NO,16D_FINAL_AUDIT
A1-M08-I02-S3,M08,"Opinión, información e integración A1",A1-M08-I02,30,"Sí, pero...",3,Responder a otra idea,TRANSFER_AND_RETRIEVAL,Transferencia con una opinión nueva.,"Expresar acuerdo/desacuerdo, certeza, duda y contraste básicos.",conversación; comentario breve; audio,TASK_INTERACTION+READ_OR_LISTEN,0,26,10,19,0,0,NO_NEW_TARGETS,A1,MEASURE_CONTINUOUSLY_NO_UNIVERSAL_98_PERCENT_GATE,STORY_SUCCESS_IS_EVIDENCE_NOT_MASTERY,BLUEPRINT_COMPLETE_16D,"Blueprint defines target scheduling and scenario intent, not final prose. Final story generation must preserve SourceAssertion scope and mode policy.",55,PASS,YES,16D_FINAL_AUDIT
A1-M08-I03-S1,M08,"Opinión, información e integración A1",A1-M08-I03,31,Información y mundo hispano,1,Una ficha del mundo hispano,CONTEXTUAL_INPUT,Información cultural/pública con referencias que no se convierten automáticamente en léxico A1.,"Comprender información básica de cultura, arte, ciencia/tecnología, sociedad y lugares públicos sin convertir referentes en léxico A1 automático.",ficha cultural; cartel; noticia muy breve; descripción,READ+LISTEN,18,0,9,2,0,0,Introduce approximately 55% of the island's new objects inside a meaningful situation.,A1,MEASURE_CONTINUOUSLY_NO_UNIVERSAL_98_PERCENT_GATE,STORY_SUCCESS_IS_EVIDENCE_NOT_MASTERY,BLUEPRINT_COMPLETE_16D,"Blueprint defines target scheduling and scenario intent, not final prose. Final story generation must preserve SourceAssertion scope and mode policy.",29,PASS,NO,16D_LOAD_BALANCING
A1-M08-I03-S2,M08,"Opinión, información e integración A1",A1-M08-I03,31,Información y mundo hispano,2,"Otra ciudad, otra información",VARIATION_AND_LOCAL_RECYCLING,"Variación de referente, género y soporte.","Comprender información básica de cultura, arte, ciencia/tecnología, sociedad y lugares públicos sin convertir referentes en léxico A1 automático.",ficha cultural; cartel; noticia muy breve; descripción,LISTEN+READ,18,6,8,2,0,0,Introduce the remaining new objects while locally reusing S1 targets and receiving near-transfer targets from the preceding island.,A1,MEASURE_CONTINUOUSLY_NO_UNIVERSAL_98_PERCENT_GATE,STORY_SUCCESS_IS_EVIDENCE_NOT_MASTERY,BLUEPRINT_COMPLETE_16D,"Blueprint defines target scheduling and scenario intent, not final prose. Final story generation must preserve SourceAssertion scope and mode policy.",34,PASS,NO,16D_LOAD_BALANCING
A1-M08-I03-S3,M08,"Opinión, información e integración A1",A1-M08-I03,31,Información y mundo hispano,3,Otra ficha informativa,EXTENSION_AND_TRANSFER_PREP,Extensión de información cultural/pública con demanda lingüística A1 antes de la comprensión final.,"Comprender información básica de cultura, arte, ciencia/tecnología, sociedad y lugares públicos sin convertir referentes en léxico A1 automático.",ficha cultural; cartel; noticia muy breve; descripción,READ+LISTEN_OR_INTERACTION,17,15,9,2,0,0,CONTROLLED_FINAL_INTRODUCTION_ALLOWED,A1,MEASURE_CONTINUOUSLY_NO_UNIVERSAL_98_PERCENT_GATE,STORY_SUCCESS_IS_EVIDENCE_NOT_MASTERY,BLUEPRINT_COMPLETE_16D,Added in 16D because v1.43 new-target load exceeded the internal planning guardrail. This story may introduce final island targets; it is not the final transfer story.,43,PASS,NO,16D_LOAD_BALANCING
A1-M08-I03-S4,M08,"Opinión, información e integración A1",A1-M08-I03,31,Información y mundo hispano,4,Comprender una ficha nueva,TRANSFER_AND_RETRIEVAL,Transferencia con contenido cultural nuevo y demanda lingüística A1.,"Comprender información básica de cultura, arte, ciencia/tecnología, sociedad y lugares públicos sin convertir referentes en léxico A1 automático.",ficha cultural; cartel; noticia muy breve; descripción,TASK_INTERACTION+READ_OR_LISTEN,0,32,9,19,0,0,NO_NEW_TARGETS,A1,MEASURE_CONTINUOUSLY_NO_UNIVERSAL_98_PERCENT_GATE,STORY_SUCCESS_IS_EVIDENCE_NOT_MASTERY,BLUEPRINT_COMPLETE_16D,v1.43 S3 moved to S4 in 16D so the final story remains transfer-only after load balancing.,60,PASS,YES,16D_LOAD_BALANCING
A1-M08-I04-S1,M08,"Opinión, información e integración A1",A1-M08-I04,32,Capstone A1,1,Capstone: llegada y orientación,CONTEXTUAL_INPUT,"Integra identidad, cortesía, información y movilidad sin introducir targets nuevos.",Resolver una secuencia mixta de lectura/audio/interacción/escritura breve con repertorio acumulado.,historia breve; mensaje; formulario; tarea tipo DELE adaptada,READ+LISTEN,0,0,36,6,1,21,NO_NEW_TARGETS,A1,MEASURE_CONTINUOUSLY_NO_UNIVERSAL_98_PERCENT_GATE,STORY_SUCCESS_IS_EVIDENCE_NOT_MASTERY,BLUEPRINT_COMPLETE_16D,"Blueprint defines target scheduling and scenario intent, not final prose. Final story generation must preserve SourceAssertion scope and mode policy.",64,PASS,NO,16D_FINAL_AUDIT
A1-M08-I04-S2,M08,"Opinión, información e integración A1",A1-M08-I04,32,Capstone A1,2,Capstone: resolver el día,VARIATION_AND_LOCAL_RECYCLING,"Integra servicios, compra, ocio, tiempo y planes mediante recuperación acumulada.",Resolver una secuencia mixta de lectura/audio/interacción/escritura breve con repertorio acumulado.,historia breve; mensaje; formulario; tarea tipo DELE adaptada,LISTEN+READ,0,0,17,6,0,40,NO_NEW_TARGETS,A1,MEASURE_CONTINUOUSLY_NO_UNIVERSAL_98_PERCENT_GATE,STORY_SUCCESS_IS_EVIDENCE_NOT_MASTERY,BLUEPRINT_COMPLETE_16D,"Blueprint defines target scheduling and scenario intent, not final prose. Final story generation must preserve SourceAssertion scope and mode policy.",63,PASS,NO,16D_FINAL_AUDIT
A1-M08-I04-S3,M08,"Opinión, información e integración A1",A1-M08-I04,32,Capstone A1,3,Capstone: mensaje final,TRANSFER_AND_RETRIEVAL,Tarea multimodal de cierre A1 con recuperación y transferencia; 0 primeras introducciones.,Resolver una secuencia mixta de lectura/audio/interacción/escritura breve con repertorio acumulado.,historia breve; mensaje; formulario; tarea tipo DELE adaptada,TASK_INTERACTION+READ_OR_LISTEN,0,0,0,6,0,57,NO_NEW_TARGETS,A1,MEASURE_CONTINUOUSLY_NO_UNIVERSAL_98_PERCENT_GATE,STORY_SUCCESS_IS_EVIDENCE_NOT_MASTERY,BLUEPRINT_COMPLETE_16D,"Blueprint defines target scheduling and scenario intent, not final prose. Final story generation must preserve SourceAssertion scope and mode policy.",63,PASS,YES,16D_FINAL_AUDIT
