record_id,record_type,pcic_section,source_short_label,normalized_family,domain,source_grading,a1_status,a1_evidence_gate,pedagogical_action,language_requirement,assessment_status,platform_hook,cross_phase_link,notes,source_url,curriculum_version
LP-A1-001,PCIC13_PROCEDURE_FAMILY_UNGRADED,1.1.1,Observación sistemática,SELF_OBSERVATION,METACOGNITIVE_CONTROL,SINGLE_UNSCALED_LIST,NOT_AN_A1_ASSERTION_BY_PCIC,UNSCALED_PCIC_LEARNING_POOL,AVAILABLE_FOR_TASK_CONDITIONAL_SELECTION,TASK_DEPENDENT; MAY_USE_L1/UI_SUPPORT,DO_NOT_USE_AS_LANGUAGE_LEVEL_PASS_FAIL,LearningStrategy / LearningStrategyEvent,PHASE7_LEXICON; PHASE8_TASKS; PHASE9_FORM; PHASE11_INTERCULTURAL_WHEN_RELEVANT,Normalized procedural family and locator only; consult the source for exact protected formulation/examples.,https://cvc.cervantes.es/Ensenanza/biblioteca_ele/plan_curricular/niveles/13_procedimientos_aprendizaje_inventario.htm,1.27
LP-A1-002,PCIC13_PROCEDURE_FAMILY_UNGRADED,1.1.1,Análisis,SELF_ANALYSIS,METACOGNITIVE_CONTROL,SINGLE_UNSCALED_LIST,NOT_AN_A1_ASSERTION_BY_PCIC,UNSCALED_PCIC_LEARNING_POOL,AVAILABLE_FOR_TASK_CONDITIONAL_SELECTION,TASK_DEPENDENT; MAY_USE_L1/UI_SUPPORT,DO_NOT_USE_AS_LANGUAGE_LEVEL_PASS_FAIL,LearningStrategy / LearningStrategyEvent,PHASE7_LEXICON; PHASE8_TASKS; PHASE9_FORM; PHASE11_INTERCULTURAL_WHEN_RELEVANT,Normalized procedural family and locator only; consult the source for exact protected formulation/examples.,https://cvc.cervantes.es/Ensenanza/biblioteca_ele/plan_curricular/niveles/13_procedimientos_aprendizaje_inventario.htm,1.27
LP-A1-003,PCIC13_PROCEDURE_FAMILY_UNGRADED,1.1.1,Interpretación,CAUSE_INTERPRETATION,METACOGNITIVE_CONTROL,SINGLE_UNSCALED_LIST,NOT_AN_A1_ASSERTION_BY_PCIC,UNSCALED_PCIC_LEARNING_POOL,AVAILABLE_FOR_TASK_CONDITIONAL_SELECTION,TASK_DEPENDENT; MAY_USE_L1/UI_SUPPORT,DO_NOT_USE_AS_LANGUAGE_LEVEL_PASS_FAIL,LearningStrategy / LearningStrategyEvent,PHASE7_LEXICON; PHASE8_TASKS; PHASE9_FORM; PHASE11_INTERCULTURAL_WHEN_RELEVANT,Normalized procedural family and locator only; consult the source for exact protected formulation/examples.,https://cvc.cervantes.es/Ensenanza/biblioteca_ele/plan_curricular/niveles/13_procedimientos_aprendizaje_inventario.htm,1.27
LP-A1-004,PCIC13_PROCEDURE_FAMILY_UNGRADED,1.1.1,Valoración,SELF_EVALUATION,METACOGNITIVE_CONTROL,SINGLE_UNSCALED_LIST,NOT_AN_A1_ASSERTION_BY_PCIC,UNSCALED_PCIC_LEARNING_POOL,AVAILABLE_FOR_TASK_CONDITIONAL_SELECTION,TASK_DEPENDENT; MAY_USE_L1/UI_SUPPORT,DO_NOT_USE_AS_LANGUAGE_LEVEL_PASS_FAIL,LearningStrategy / LearningStrategyEvent,PHASE7_LEXICON; PHASE8_TASKS; PHASE9_FORM; PHASE11_INTERCULTURAL_WHEN_RELEVANT,Normalized procedural family and locator only; consult the source for exact protected formulation/examples.,https://cvc.cervantes.es/Ensenanza/biblioteca_ele/plan_curricular/niveles/13_procedimientos_aprendizaje_inventario.htm,1.27
LP-A1-005,PCIC13_PROCEDURE_FAMILY_UNGRADED,1.1.1,Registro,LEARNING_RECORD,METACOGNITIVE_CONTROL,SINGLE_UNSCALED_LIST,NOT_AN_A1_ASSERTION_BY_PCIC,UNSCALED_PCIC_LEARNING_POOL,AVAILABLE_FOR_TASK_CONDITIONAL_SELECTION,TASK_DEPENDENT; MAY_USE_L1/UI_SUPPORT,DO_NOT_USE_AS_LANGUAGE_LEVEL_PASS_FAIL,LearningStrategy / LearningStrategyEvent,PHASE7_LEXICON; PHASE8_TASKS; PHASE9_FORM; PHASE11_INTERCULTURAL_WHEN_RELEVANT,Normalized procedural family and locator only; consult the source for exact protected formulation/examples.,https://cvc.cervantes.es/Ensenanza/biblioteca_ele/plan_curricular/niveles/13_procedimientos_aprendizaje_inventario.htm,1.27
LP-A1-006,PCIC13_PROCEDURE_FAMILY_UNGRADED,1.1.1,Modificación y ajustes,STRATEGY_ADJUSTMENT,METACOGNITIVE_CONTROL,SINGLE_UNSCALED_LIST,NOT_AN_A1_ASSERTION_BY_PCIC,UNSCALED_PCIC_LEARNING_POOL,AVAILABLE_FOR_TASK_CONDITIONAL_SELECTION,TASK_DEPENDENT; MAY_USE_L1/UI_SUPPORT,DO_NOT_USE_AS_LANGUAGE_LEVEL_PASS_FAIL,LearningStrategy / LearningStrategyEvent,PHASE7_LEXICON; PHASE8_TASKS; PHASE9_FORM; PHASE11_INTERCULTURAL_WHEN_RELEVANT,Normalized procedural family and locator only; consult the source for exact protected formulation/examples.,https://cvc.cervantes.es/Ensenanza/biblioteca_ele/plan_curricular/niveles/13_procedimientos_aprendizaje_inventario.htm,1.27
LP-A1-007,PCIC13_PROCEDURE_FAMILY_UNGRADED,1.1.2,"Necesidades, metas y objetivos",GOAL_FORMULATION,LEARNING_PLANNING,SINGLE_UNSCALED_LIST,NOT_AN_A1_ASSERTION_BY_PCIC,UNSCALED_PCIC_LEARNING_POOL,AVAILABLE_FOR_TASK_CONDITIONAL_SELECTION,TASK_DEPENDENT; MAY_USE_L1/UI_SUPPORT,DO_NOT_USE_AS_LANGUAGE_LEVEL_PASS_FAIL,LearningStrategy / LearningStrategyEvent,PHASE7_LEXICON; PHASE8_TASKS; PHASE9_FORM; PHASE11_INTERCULTURAL_WHEN_RELEVANT,Normalized procedural family and locator only; consult the source for exact protected formulation/examples.,https://cvc.cervantes.es/Ensenanza/biblioteca_ele/plan_curricular/niveles/13_procedimientos_aprendizaje_inventario.htm,1.27
LP-A1-008,PCIC13_PROCEDURE_FAMILY_UNGRADED,1.1.2,Regulación del tiempo,TIME_PLANNING,LEARNING_PLANNING,SINGLE_UNSCALED_LIST,NOT_AN_A1_ASSERTION_BY_PCIC,UNSCALED_PCIC_LEARNING_POOL,AVAILABLE_FOR_TASK_CONDITIONAL_SELECTION,TASK_DEPENDENT; MAY_USE_L1/UI_SUPPORT,DO_NOT_USE_AS_LANGUAGE_LEVEL_PASS_FAIL,LearningStrategy / LearningStrategyEvent,PHASE7_LEXICON; PHASE8_TASKS; PHASE9_FORM; PHASE11_INTERCULTURAL_WHEN_RELEVANT,Normalized procedural family and locator only; consult the source for exact protected formulation/examples.,https://cvc.cervantes.es/Ensenanza/biblioteca_ele/plan_curricular/niveles/13_procedimientos_aprendizaje_inventario.htm,1.27
LP-A1-009,PCIC13_PROCEDURE_FAMILY_UNGRADED,1.1.2,Control de condiciones,LEARNING_ENVIRONMENT_CONTROL,LEARNING_PLANNING,SINGLE_UNSCALED_LIST,NOT_AN_A1_ASSERTION_BY_PCIC,UNSCALED_PCIC_LEARNING_POOL,AVAILABLE_FOR_TASK_CONDITIONAL_SELECTION,TASK_DEPENDENT; MAY_USE_L1/UI_SUPPORT,DO_NOT_USE_AS_LANGUAGE_LEVEL_PASS_FAIL,LearningStrategy / LearningStrategyEvent,PHASE7_LEXICON; PHASE8_TASKS; PHASE9_FORM; PHASE11_INTERCULTURAL_WHEN_RELEVANT,Normalized procedural family and locator only; consult the source for exact protected formulation/examples.,https://cvc.cervantes.es/Ensenanza/biblioteca_ele/plan_curricular/niveles/13_procedimientos_aprendizaje_inventario.htm,1.27
LP-A1-010,PCIC13_PROCEDURE_FAMILY_UNGRADED,1.1.3,Medios tecnológicos y mecánicos,RESOURCE_ORGANIZATION,RESOURCE_MANAGEMENT,SINGLE_UNSCALED_LIST,NOT_AN_A1_ASSERTION_BY_PCIC,UNSCALED_PCIC_LEARNING_POOL,AVAILABLE_FOR_TASK_CONDITIONAL_SELECTION,TASK_DEPENDENT; MAY_USE_L1/UI_SUPPORT,DO_NOT_USE_AS_LANGUAGE_LEVEL_PASS_FAIL,LearningStrategy / LearningStrategyEvent,PHASE7_LEXICON; PHASE8_TASKS; PHASE9_FORM; PHASE11_INTERCULTURAL_WHEN_RELEVANT,Normalized procedural family and locator only; consult the source for exact protected formulation/examples.,https://cvc.cervantes.es/Ensenanza/biblioteca_ele/plan_curricular/niveles/13_procedimientos_aprendizaje_inventario.htm,1.27
LP-A1-011,PCIC13_PROCEDURE_FAMILY_UNGRADED,1.1.3,Fuentes de información y consulta,REFERENCE_RESOURCE_SELECTION,RESOURCE_MANAGEMENT,SINGLE_UNSCALED_LIST,NOT_AN_A1_ASSERTION_BY_PCIC,UNSCALED_PCIC_LEARNING_POOL,AVAILABLE_FOR_TASK_CONDITIONAL_SELECTION,TASK_DEPENDENT; MAY_USE_L1/UI_SUPPORT,DO_NOT_USE_AS_LANGUAGE_LEVEL_PASS_FAIL,LearningStrategy / LearningStrategyEvent,PHASE7_LEXICON; PHASE8_TASKS; PHASE9_FORM; PHASE11_INTERCULTURAL_WHEN_RELEVANT,Normalized procedural family and locator only; consult the source for exact protected formulation/examples.,https://cvc.cervantes.es/Ensenanza/biblioteca_ele/plan_curricular/niveles/13_procedimientos_aprendizaje_inventario.htm,1.27
LP-A1-012,PCIC13_PROCEDURE_FAMILY_UNGRADED,1.1.3,Oportunidades de aprendizaje y uso,PRACTICE_OPPORTUNITY_CREATION,RESOURCE_MANAGEMENT,SINGLE_UNSCALED_LIST,NOT_AN_A1_ASSERTION_BY_PCIC,UNSCALED_PCIC_LEARNING_POOL,AVAILABLE_FOR_TASK_CONDITIONAL_SELECTION,TASK_DEPENDENT; MAY_USE_L1/UI_SUPPORT,DO_NOT_USE_AS_LANGUAGE_LEVEL_PASS_FAIL,LearningStrategy / LearningStrategyEvent,PHASE7_LEXICON; PHASE8_TASKS; PHASE9_FORM; PHASE11_INTERCULTURAL_WHEN_RELEVANT,Normalized procedural family and locator only; consult the source for exact protected formulation/examples.,https://cvc.cervantes.es/Ensenanza/biblioteca_ele/plan_curricular/niveles/13_procedimientos_aprendizaje_inventario.htm,1.27
LP-A1-013,PCIC13_PROCEDURE_FAMILY_UNGRADED,1.2.1,Atención global,GLOBAL_ATTENTION,COGNITIVE_PROCESSING,SINGLE_UNSCALED_LIST,NOT_AN_A1_ASSERTION_BY_PCIC,UNSCALED_PCIC_LEARNING_POOL,AVAILABLE_FOR_TASK_CONDITIONAL_SELECTION,TASK_DEPENDENT; MAY_USE_L1/UI_SUPPORT,DO_NOT_USE_AS_LANGUAGE_LEVEL_PASS_FAIL,LearningStrategy / LearningStrategyEvent,PHASE7_LEXICON; PHASE8_TASKS; PHASE9_FORM; PHASE11_INTERCULTURAL_WHEN_RELEVANT,Normalized procedural family and locator only; consult the source for exact protected formulation/examples.,https://cvc.cervantes.es/Ensenanza/biblioteca_ele/plan_curricular/niveles/13_procedimientos_aprendizaje_inventario.htm,1.27
LP-A1-014,PCIC13_PROCEDURE_FAMILY_UNGRADED,1.2.1,Atención selectiva,SELECTIVE_ATTENTION,COGNITIVE_PROCESSING,SINGLE_UNSCALED_LIST,NOT_AN_A1_ASSERTION_BY_PCIC,UNSCALED_PCIC_LEARNING_POOL,AVAILABLE_FOR_TASK_CONDITIONAL_SELECTION,TASK_DEPENDENT; MAY_USE_L1/UI_SUPPORT,DO_NOT_USE_AS_LANGUAGE_LEVEL_PASS_FAIL,LearningStrategy / LearningStrategyEvent,PHASE7_LEXICON; PHASE8_TASKS; PHASE9_FORM; PHASE11_INTERCULTURAL_WHEN_RELEVANT,Normalized procedural family and locator only; consult the source for exact protected formulation/examples.,https://cvc.cervantes.es/Ensenanza/biblioteca_ele/plan_curricular/niveles/13_procedimientos_aprendizaje_inventario.htm,1.27
LP-A1-015,PCIC13_PROCEDURE_FAMILY_UNGRADED,1.2.2,Análisis de formas,FORM_ANALYSIS,COGNITIVE_PROCESSING,SINGLE_UNSCALED_LIST,NOT_AN_A1_ASSERTION_BY_PCIC,UNSCALED_PCIC_LEARNING_POOL,AVAILABLE_FOR_TASK_CONDITIONAL_SELECTION,TASK_DEPENDENT; MAY_USE_L1/UI_SUPPORT,DO_NOT_USE_AS_LANGUAGE_LEVEL_PASS_FAIL,LearningStrategy / LearningStrategyEvent,PHASE7_LEXICON; PHASE8_TASKS; PHASE9_FORM; PHASE11_INTERCULTURAL_WHEN_RELEVANT,Normalized procedural family and locator only; consult the source for exact protected formulation/examples.,https://cvc.cervantes.es/Ensenanza/biblioteca_ele/plan_curricular/niveles/13_procedimientos_aprendizaje_inventario.htm,1.27
LP-A1-016,PCIC13_PROCEDURE_FAMILY_UNGRADED,1.2.2,Razonamiento deductivo,DEDUCTIVE_REASONING,COGNITIVE_PROCESSING,SINGLE_UNSCALED_LIST,NOT_AN_A1_ASSERTION_BY_PCIC,UNSCALED_PCIC_LEARNING_POOL,AVAILABLE_FOR_TASK_CONDITIONAL_SELECTION,TASK_DEPENDENT; MAY_USE_L1/UI_SUPPORT,DO_NOT_USE_AS_LANGUAGE_LEVEL_PASS_FAIL,LearningStrategy / LearningStrategyEvent,PHASE7_LEXICON; PHASE8_TASKS; PHASE9_FORM; PHASE11_INTERCULTURAL_WHEN_RELEVANT,Normalized procedural family and locator only; consult the source for exact protected formulation/examples.,https://cvc.cervantes.es/Ensenanza/biblioteca_ele/plan_curricular/niveles/13_procedimientos_aprendizaje_inventario.htm,1.27
LP-A1-017,PCIC13_PROCEDURE_FAMILY_UNGRADED,1.2.2,Análisis contrastivo,CROSSLINGUISTIC_COMPARISON,COGNITIVE_PROCESSING,SINGLE_UNSCALED_LIST,NOT_AN_A1_ASSERTION_BY_PCIC,UNSCALED_PCIC_LEARNING_POOL,AVAILABLE_FOR_TASK_CONDITIONAL_SELECTION,TASK_DEPENDENT; MAY_USE_L1/UI_SUPPORT,DO_NOT_USE_AS_LANGUAGE_LEVEL_PASS_FAIL,LearningStrategy / LearningStrategyEvent,PHASE7_LEXICON; PHASE8_TASKS; PHASE9_FORM; PHASE11_INTERCULTURAL_WHEN_RELEVANT,Normalized procedural family and locator only; consult the source for exact protected formulation/examples.,https://cvc.cervantes.es/Ensenanza/biblioteca_ele/plan_curricular/niveles/13_procedimientos_aprendizaje_inventario.htm,1.27
LP-A1-018,PCIC13_PROCEDURE_FAMILY_UNGRADED,1.2.2,Organización,LINGUISTIC_MATERIAL_ORGANIZATION,COGNITIVE_PROCESSING,SINGLE_UNSCALED_LIST,NOT_AN_A1_ASSERTION_BY_PCIC,UNSCALED_PCIC_LEARNING_POOL,AVAILABLE_FOR_TASK_CONDITIONAL_SELECTION,TASK_DEPENDENT; MAY_USE_L1/UI_SUPPORT,DO_NOT_USE_AS_LANGUAGE_LEVEL_PASS_FAIL,LearningStrategy / LearningStrategyEvent,PHASE7_LEXICON; PHASE8_TASKS; PHASE9_FORM; PHASE11_INTERCULTURAL_WHEN_RELEVANT,Normalized procedural family and locator only; consult the source for exact protected formulation/examples.,https://cvc.cervantes.es/Ensenanza/biblioteca_ele/plan_curricular/niveles/13_procedimientos_aprendizaje_inventario.htm,1.27
LP-A1-019,PCIC13_PROCEDURE_FAMILY_UNGRADED,1.2.2,Razonamiento inductivo,INDUCTIVE_REASONING,COGNITIVE_PROCESSING,SINGLE_UNSCALED_LIST,NOT_AN_A1_ASSERTION_BY_PCIC,UNSCALED_PCIC_LEARNING_POOL,AVAILABLE_FOR_TASK_CONDITIONAL_SELECTION,TASK_DEPENDENT; MAY_USE_L1/UI_SUPPORT,DO_NOT_USE_AS_LANGUAGE_LEVEL_PASS_FAIL,LearningStrategy / LearningStrategyEvent,PHASE7_LEXICON; PHASE8_TASKS; PHASE9_FORM; PHASE11_INTERCULTURAL_WHEN_RELEVANT,Normalized procedural family and locator only; consult the source for exact protected formulation/examples.,https://cvc.cervantes.es/Ensenanza/biblioteca_ele/plan_curricular/niveles/13_procedimientos_aprendizaje_inventario.htm,1.27
LP-A1-020,PCIC13_PROCEDURE_FAMILY_UNGRADED,1.2.2,Traducción,TRANSLATION_AS_LEARNING_PROCEDURE,COGNITIVE_PROCESSING,SINGLE_UNSCALED_LIST,NOT_AN_A1_ASSERTION_BY_PCIC,UNSCALED_PCIC_LEARNING_POOL,AVAILABLE_FOR_TASK_CONDITIONAL_SELECTION,TASK_DEPENDENT; MAY_USE_L1/UI_SUPPORT,DO_NOT_USE_AS_LANGUAGE_LEVEL_PASS_FAIL,LearningStrategy / LearningStrategyEvent,PHASE7_LEXICON; PHASE8_TASKS; PHASE9_FORM; PHASE11_INTERCULTURAL_WHEN_RELEVANT,Normalized procedural family and locator only; consult the source for exact protected formulation/examples.,https://cvc.cervantes.es/Ensenanza/biblioteca_ele/plan_curricular/niveles/13_procedimientos_aprendizaje_inventario.htm,1.27
LP-A1-021,PCIC13_PROCEDURE_FAMILY_UNGRADED,1.2.2,Transferencia,CROSSLINGUISTIC_TRANSFER,COGNITIVE_PROCESSING,SINGLE_UNSCALED_LIST,NOT_AN_A1_ASSERTION_BY_PCIC,UNSCALED_PCIC_LEARNING_POOL,AVAILABLE_FOR_TASK_CONDITIONAL_SELECTION,TASK_DEPENDENT; MAY_USE_L1/UI_SUPPORT,DO_NOT_USE_AS_LANGUAGE_LEVEL_PASS_FAIL,LearningStrategy / LearningStrategyEvent,PHASE7_LEXICON; PHASE8_TASKS; PHASE9_FORM; PHASE11_INTERCULTURAL_WHEN_RELEVANT,Normalized procedural family and locator only; consult the source for exact protected formulation/examples.,https://cvc.cervantes.es/Ensenanza/biblioteca_ele/plan_curricular/niveles/13_procedimientos_aprendizaje_inventario.htm,1.27
LP-A1-022,PCIC13_PROCEDURE_FAMILY_UNGRADED,1.2.2,Inferencia,CONTEXTUAL_INFERENCE,COGNITIVE_PROCESSING,SINGLE_UNSCALED_LIST,NOT_AN_A1_ASSERTION_BY_PCIC,UNSCALED_PCIC_LEARNING_POOL,AVAILABLE_FOR_TASK_CONDITIONAL_SELECTION,TASK_DEPENDENT; MAY_USE_L1/UI_SUPPORT,DO_NOT_USE_AS_LANGUAGE_LEVEL_PASS_FAIL,LearningStrategy / LearningStrategyEvent,PHASE7_LEXICON; PHASE8_TASKS; PHASE9_FORM; PHASE11_INTERCULTURAL_WHEN_RELEVANT,Normalized procedural family and locator only; consult the source for exact protected formulation/examples.,https://cvc.cervantes.es/Ensenanza/biblioteca_ele/plan_curricular/niveles/13_procedimientos_aprendizaje_inventario.htm,1.27
LP-A1-023,PCIC13_PROCEDURE_FAMILY_UNGRADED,1.2.2,Resumen,SUMMARIZATION,COGNITIVE_PROCESSING,SINGLE_UNSCALED_LIST,NOT_AN_A1_ASSERTION_BY_PCIC,UNSCALED_PCIC_LEARNING_POOL,AVAILABLE_FOR_TASK_CONDITIONAL_SELECTION,TASK_DEPENDENT; MAY_USE_L1/UI_SUPPORT,DO_NOT_USE_AS_LANGUAGE_LEVEL_PASS_FAIL,LearningStrategy / LearningStrategyEvent,PHASE7_LEXICON; PHASE8_TASKS; PHASE9_FORM; PHASE11_INTERCULTURAL_WHEN_RELEVANT,Normalized procedural family and locator only; consult the source for exact protected formulation/examples.,https://cvc.cervantes.es/Ensenanza/biblioteca_ele/plan_curricular/niveles/13_procedimientos_aprendizaje_inventario.htm,1.27
LP-A1-024,PCIC13_PROCEDURE_FAMILY_UNGRADED,1.2.2,Toma de notas,NOTE_TAKING,COGNITIVE_PROCESSING,SINGLE_UNSCALED_LIST,NOT_AN_A1_ASSERTION_BY_PCIC,UNSCALED_PCIC_LEARNING_POOL,AVAILABLE_FOR_TASK_CONDITIONAL_SELECTION,TASK_DEPENDENT; MAY_USE_L1/UI_SUPPORT,DO_NOT_USE_AS_LANGUAGE_LEVEL_PASS_FAIL,LearningStrategy / LearningStrategyEvent,PHASE7_LEXICON; PHASE8_TASKS; PHASE9_FORM; PHASE11_INTERCULTURAL_WHEN_RELEVANT,Normalized procedural family and locator only; consult the source for exact protected formulation/examples.,https://cvc.cervantes.es/Ensenanza/biblioteca_ele/plan_curricular/niveles/13_procedimientos_aprendizaje_inventario.htm,1.27
LP-A1-025,PCIC13_PROCEDURE_FAMILY_UNGRADED,1.2.3,Agrupamiento y asociación,MEMORY_GROUPING_ASSOCIATION,MEMORY_STORAGE,SINGLE_UNSCALED_LIST,NOT_AN_A1_ASSERTION_BY_PCIC,UNSCALED_PCIC_LEARNING_POOL,AVAILABLE_FOR_TASK_CONDITIONAL_SELECTION,TASK_DEPENDENT; MAY_USE_L1/UI_SUPPORT,DO_NOT_USE_AS_LANGUAGE_LEVEL_PASS_FAIL,LearningStrategy / LearningStrategyEvent,PHASE7_LEXICON; PHASE8_TASKS; PHASE9_FORM; PHASE11_INTERCULTURAL_WHEN_RELEVANT,Normalized procedural family and locator only; consult the source for exact protected formulation/examples.,https://cvc.cervantes.es/Ensenanza/biblioteca_ele/plan_curricular/niveles/13_procedimientos_aprendizaje_inventario.htm,1.27
LP-A1-026,PCIC13_PROCEDURE_FAMILY_UNGRADED,1.2.3,Contextualización,MEMORY_CONTEXTUALIZATION,MEMORY_STORAGE,SINGLE_UNSCALED_LIST,NOT_AN_A1_ASSERTION_BY_PCIC,UNSCALED_PCIC_LEARNING_POOL,AVAILABLE_FOR_TASK_CONDITIONAL_SELECTION,TASK_DEPENDENT; MAY_USE_L1/UI_SUPPORT,DO_NOT_USE_AS_LANGUAGE_LEVEL_PASS_FAIL,LearningStrategy / LearningStrategyEvent,PHASE7_LEXICON; PHASE8_TASKS; PHASE9_FORM; PHASE11_INTERCULTURAL_WHEN_RELEVANT,Normalized procedural family and locator only; consult the source for exact protected formulation/examples.,https://cvc.cervantes.es/Ensenanza/biblioteca_ele/plan_curricular/niveles/13_procedimientos_aprendizaje_inventario.htm,1.27
LP-A1-027,PCIC13_PROCEDURE_FAMILY_UNGRADED,1.2.3,Imágenes,MULTIMODAL_IMAGERY,MEMORY_STORAGE,SINGLE_UNSCALED_LIST,NOT_AN_A1_ASSERTION_BY_PCIC,UNSCALED_PCIC_LEARNING_POOL,AVAILABLE_FOR_TASK_CONDITIONAL_SELECTION,TASK_DEPENDENT; MAY_USE_L1/UI_SUPPORT,DO_NOT_USE_AS_LANGUAGE_LEVEL_PASS_FAIL,LearningStrategy / LearningStrategyEvent,PHASE7_LEXICON; PHASE8_TASKS; PHASE9_FORM; PHASE11_INTERCULTURAL_WHEN_RELEVANT,Normalized procedural family and locator only; consult the source for exact protected formulation/examples.,https://cvc.cervantes.es/Ensenanza/biblioteca_ele/plan_curricular/niveles/13_procedimientos_aprendizaje_inventario.htm,1.27
LP-A1-028,PCIC13_PROCEDURE_FAMILY_UNGRADED,1.2.3,Espacialización,LOCI_SPATIAL_MEMORY,MEMORY_STORAGE,SINGLE_UNSCALED_LIST,NOT_AN_A1_ASSERTION_BY_PCIC,UNSCALED_PCIC_LEARNING_POOL,AVAILABLE_FOR_TASK_CONDITIONAL_SELECTION,TASK_DEPENDENT; MAY_USE_L1/UI_SUPPORT,DO_NOT_USE_AS_LANGUAGE_LEVEL_PASS_FAIL,LearningStrategy / LearningStrategyEvent,PHASE7_LEXICON; PHASE8_TASKS; PHASE9_FORM; PHASE11_INTERCULTURAL_WHEN_RELEVANT,Normalized procedural family and locator only; consult the source for exact protected formulation/examples.,https://cvc.cervantes.es/Ensenanza/biblioteca_ele/plan_curricular/niveles/13_procedimientos_aprendizaje_inventario.htm,1.27
LP-A1-029,PCIC13_PROCEDURE_FAMILY_UNGRADED,1.2.4,Repetición mecánica,MECHANICAL_REHEARSAL,MEMORY_RETRIEVAL,SINGLE_UNSCALED_LIST,NOT_AN_A1_ASSERTION_BY_PCIC,UNSCALED_PCIC_LEARNING_POOL,AVAILABLE_FOR_TASK_CONDITIONAL_SELECTION,TASK_DEPENDENT; MAY_USE_L1/UI_SUPPORT,DO_NOT_USE_AS_LANGUAGE_LEVEL_PASS_FAIL,LearningStrategy / LearningStrategyEvent,PHASE7_LEXICON; PHASE8_TASKS; PHASE9_FORM; PHASE11_INTERCULTURAL_WHEN_RELEVANT,Normalized procedural family and locator only; consult the source for exact protected formulation/examples.,https://cvc.cervantes.es/Ensenanza/biblioteca_ele/plan_curricular/niveles/13_procedimientos_aprendizaje_inventario.htm,1.27
LP-A1-030,PCIC13_PROCEDURE_FAMILY_UNGRADED,1.2.4,Revisión periódica,PERIODIC_REVIEW,MEMORY_RETRIEVAL,SINGLE_UNSCALED_LIST,NOT_AN_A1_ASSERTION_BY_PCIC,UNSCALED_PCIC_LEARNING_POOL,AVAILABLE_FOR_TASK_CONDITIONAL_SELECTION,TASK_DEPENDENT; MAY_USE_L1/UI_SUPPORT,DO_NOT_USE_AS_LANGUAGE_LEVEL_PASS_FAIL,LearningStrategy / LearningStrategyEvent,PHASE7_LEXICON; PHASE8_TASKS; PHASE9_FORM; PHASE11_INTERCULTURAL_WHEN_RELEVANT,Normalized procedural family and locator only; consult the source for exact protected formulation/examples.,https://cvc.cervantes.es/Ensenanza/biblioteca_ele/plan_curricular/niveles/13_procedimientos_aprendizaje_inventario.htm,1.27
LP-A1-031,PCIC13_PROCEDURE_FAMILY_UNGRADED,1.2.4,Evocación,CUE_BASED_RECALL,MEMORY_RETRIEVAL,SINGLE_UNSCALED_LIST,NOT_AN_A1_ASSERTION_BY_PCIC,UNSCALED_PCIC_LEARNING_POOL,AVAILABLE_FOR_TASK_CONDITIONAL_SELECTION,TASK_DEPENDENT; MAY_USE_L1/UI_SUPPORT,DO_NOT_USE_AS_LANGUAGE_LEVEL_PASS_FAIL,LearningStrategy / LearningStrategyEvent,PHASE7_LEXICON; PHASE8_TASKS; PHASE9_FORM; PHASE11_INTERCULTURAL_WHEN_RELEVANT,Normalized procedural family and locator only; consult the source for exact protected formulation/examples.,https://cvc.cervantes.es/Ensenanza/biblioteca_ele/plan_curricular/niveles/13_procedimientos_aprendizaje_inventario.htm,1.27
LP-A1-032,PCIC13_PROCEDURE_FAMILY_UNGRADED,1.2.5,Repetición,PRACTICE_REPETITION,PRACTICE,SINGLE_UNSCALED_LIST,NOT_AN_A1_ASSERTION_BY_PCIC,UNSCALED_PCIC_LEARNING_POOL,AVAILABLE_FOR_TASK_CONDITIONAL_SELECTION,TASK_DEPENDENT; MAY_USE_L1/UI_SUPPORT,DO_NOT_USE_AS_LANGUAGE_LEVEL_PASS_FAIL,LearningStrategy / LearningStrategyEvent,PHASE7_LEXICON; PHASE8_TASKS; PHASE9_FORM; PHASE11_INTERCULTURAL_WHEN_RELEVANT,Normalized procedural family and locator only; consult the source for exact protected formulation/examples.,https://cvc.cervantes.es/Ensenanza/biblioteca_ele/plan_curricular/niveles/13_procedimientos_aprendizaje_inventario.htm,1.27
LP-A1-033,PCIC13_PROCEDURE_FAMILY_UNGRADED,1.2.5,Práctica fonética y ortoépica,FORMAL_PHONO_ORTHO_PRACTICE,PRACTICE,SINGLE_UNSCALED_LIST,NOT_AN_A1_ASSERTION_BY_PCIC,UNSCALED_PCIC_LEARNING_POOL,AVAILABLE_FOR_TASK_CONDITIONAL_SELECTION,TASK_DEPENDENT; MAY_USE_L1/UI_SUPPORT,DO_NOT_USE_AS_LANGUAGE_LEVEL_PASS_FAIL,LearningStrategy / LearningStrategyEvent,PHASE7_LEXICON; PHASE8_TASKS; PHASE9_FORM; PHASE11_INTERCULTURAL_WHEN_RELEVANT,Normalized procedural family and locator only; consult the source for exact protected formulation/examples.,https://cvc.cervantes.es/Ensenanza/biblioteca_ele/plan_curricular/niveles/13_procedimientos_aprendizaje_inventario.htm,1.27
LP-A1-034,PCIC13_PROCEDURE_FAMILY_UNGRADED,1.2.5,Uso descontextualizado,CONTROLLED_FORMULA_PRACTICE,PRACTICE,SINGLE_UNSCALED_LIST,NOT_AN_A1_ASSERTION_BY_PCIC,UNSCALED_PCIC_LEARNING_POOL,AVAILABLE_FOR_TASK_CONDITIONAL_SELECTION,TASK_DEPENDENT; MAY_USE_L1/UI_SUPPORT,DO_NOT_USE_AS_LANGUAGE_LEVEL_PASS_FAIL,LearningStrategy / LearningStrategyEvent,PHASE7_LEXICON; PHASE8_TASKS; PHASE9_FORM; PHASE11_INTERCULTURAL_WHEN_RELEVANT,Normalized procedural family and locator only; consult the source for exact protected formulation/examples.,https://cvc.cervantes.es/Ensenanza/biblioteca_ele/plan_curricular/niveles/13_procedimientos_aprendizaje_inventario.htm,1.27
LP-A1-035,PCIC13_PROCEDURE_FAMILY_UNGRADED,1.2.5,Recombinación,RECOMBINATION,PRACTICE,SINGLE_UNSCALED_LIST,NOT_AN_A1_ASSERTION_BY_PCIC,UNSCALED_PCIC_LEARNING_POOL,AVAILABLE_FOR_TASK_CONDITIONAL_SELECTION,TASK_DEPENDENT; MAY_USE_L1/UI_SUPPORT,DO_NOT_USE_AS_LANGUAGE_LEVEL_PASS_FAIL,LearningStrategy / LearningStrategyEvent,PHASE7_LEXICON; PHASE8_TASKS; PHASE9_FORM; PHASE11_INTERCULTURAL_WHEN_RELEVANT,Normalized procedural family and locator only; consult the source for exact protected formulation/examples.,https://cvc.cervantes.es/Ensenanza/biblioteca_ele/plan_curricular/niveles/13_procedimientos_aprendizaje_inventario.htm,1.27
LP-A1-036,PCIC13_PROCEDURE_FAMILY_UNGRADED,1.2.5,Empleo de recursos,REFERENCE_SUPPORTED_PRACTICE,PRACTICE,SINGLE_UNSCALED_LIST,NOT_AN_A1_ASSERTION_BY_PCIC,UNSCALED_PCIC_LEARNING_POOL,AVAILABLE_FOR_TASK_CONDITIONAL_SELECTION,TASK_DEPENDENT; MAY_USE_L1/UI_SUPPORT,DO_NOT_USE_AS_LANGUAGE_LEVEL_PASS_FAIL,LearningStrategy / LearningStrategyEvent,PHASE7_LEXICON; PHASE8_TASKS; PHASE9_FORM; PHASE11_INTERCULTURAL_WHEN_RELEVANT,Normalized procedural family and locator only; consult the source for exact protected formulation/examples.,https://cvc.cervantes.es/Ensenanza/biblioteca_ele/plan_curricular/niveles/13_procedimientos_aprendizaje_inventario.htm,1.27
LP-A1-037,PCIC13_PROCEDURE_FAMILY_UNGRADED,1.2.5,Práctica contextualizada,CONTEXTUALIZED_LANGUAGE_PRACTICE,PRACTICE,SINGLE_UNSCALED_LIST,NOT_AN_A1_ASSERTION_BY_PCIC,UNSCALED_PCIC_LEARNING_POOL,AVAILABLE_FOR_TASK_CONDITIONAL_SELECTION,TASK_DEPENDENT; MAY_USE_L1/UI_SUPPORT,DO_NOT_USE_AS_LANGUAGE_LEVEL_PASS_FAIL,LearningStrategy / LearningStrategyEvent,PHASE7_LEXICON; PHASE8_TASKS; PHASE9_FORM; PHASE11_INTERCULTURAL_WHEN_RELEVANT,Normalized procedural family and locator only; consult the source for exact protected formulation/examples.,https://cvc.cervantes.es/Ensenanza/biblioteca_ele/plan_curricular/niveles/13_procedimientos_aprendizaje_inventario.htm,1.27
LP-A1-038,PCIC13_PROCEDURE_FAMILY_UNGRADED,1.2.6,Adivinación o reconstrucción,COMPENSATORY_GUESSING,COMPENSATION,SINGLE_UNSCALED_LIST,NOT_AN_A1_ASSERTION_BY_PCIC,UNSCALED_PCIC_LEARNING_POOL,AVAILABLE_FOR_TASK_CONDITIONAL_SELECTION,TASK_DEPENDENT; MAY_USE_L1/UI_SUPPORT,DO_NOT_USE_AS_LANGUAGE_LEVEL_PASS_FAIL,LearningStrategy / LearningStrategyEvent,PHASE7_LEXICON; PHASE8_TASKS; PHASE9_FORM; PHASE11_INTERCULTURAL_WHEN_RELEVANT,Normalized procedural family and locator only; consult the source for exact protected formulation/examples.,https://cvc.cervantes.es/Ensenanza/biblioteca_ele/plan_curricular/niveles/13_procedimientos_aprendizaje_inventario.htm,1.27
LP-A1-039,PCIC13_PROCEDURE_FAMILY_UNGRADED,1.2.6,Búsqueda de apoyo,HELP_SEEKING,COMPENSATION,SINGLE_UNSCALED_LIST,NOT_AN_A1_ASSERTION_BY_PCIC,UNSCALED_PCIC_LEARNING_POOL,AVAILABLE_FOR_TASK_CONDITIONAL_SELECTION,TASK_DEPENDENT; MAY_USE_L1/UI_SUPPORT,DO_NOT_USE_AS_LANGUAGE_LEVEL_PASS_FAIL,LearningStrategy / LearningStrategyEvent,PHASE7_LEXICON; PHASE8_TASKS; PHASE9_FORM; PHASE11_INTERCULTURAL_WHEN_RELEVANT,Normalized procedural family and locator only; consult the source for exact protected formulation/examples.,https://cvc.cervantes.es/Ensenanza/biblioteca_ele/plan_curricular/niveles/13_procedimientos_aprendizaje_inventario.htm,1.27
LP-A1-040,PCIC13_PROCEDURE_FAMILY_UNGRADED,1.2.6,Abandono,TASK_OR_MESSAGE_ABANDONMENT,COMPENSATION,SINGLE_UNSCALED_LIST,NOT_AN_A1_ASSERTION_BY_PCIC,UNSCALED_PCIC_LEARNING_POOL,AVAILABLE_FOR_TASK_CONDITIONAL_SELECTION,TASK_DEPENDENT; MAY_USE_L1/UI_SUPPORT,DO_NOT_USE_AS_LANGUAGE_LEVEL_PASS_FAIL,LearningStrategy / LearningStrategyEvent,PHASE7_LEXICON; PHASE8_TASKS; PHASE9_FORM; PHASE11_INTERCULTURAL_WHEN_RELEVANT,Normalized procedural family and locator only; consult the source for exact protected formulation/examples.,https://cvc.cervantes.es/Ensenanza/biblioteca_ele/plan_curricular/niveles/13_procedimientos_aprendizaje_inventario.htm,1.27
LP-A1-041,PCIC13_PROCEDURE_FAMILY_UNGRADED,1.2.6,Selección o desvío del tema,TOPIC_SELECTION_OR_SHIFT,COMPENSATION,SINGLE_UNSCALED_LIST,NOT_AN_A1_ASSERTION_BY_PCIC,UNSCALED_PCIC_LEARNING_POOL,AVAILABLE_FOR_TASK_CONDITIONAL_SELECTION,TASK_DEPENDENT; MAY_USE_L1/UI_SUPPORT,DO_NOT_USE_AS_LANGUAGE_LEVEL_PASS_FAIL,LearningStrategy / LearningStrategyEvent,PHASE7_LEXICON; PHASE8_TASKS; PHASE9_FORM; PHASE11_INTERCULTURAL_WHEN_RELEVANT,Normalized procedural family and locator only; consult the source for exact protected formulation/examples.,https://cvc.cervantes.es/Ensenanza/biblioteca_ele/plan_curricular/niveles/13_procedimientos_aprendizaje_inventario.htm,1.27
LP-A1-042,PCIC13_PROCEDURE_FAMILY_UNGRADED,1.2.6,Ajuste del mensaje,MESSAGE_SIMPLIFICATION,COMPENSATION,SINGLE_UNSCALED_LIST,NOT_AN_A1_ASSERTION_BY_PCIC,UNSCALED_PCIC_LEARNING_POOL,AVAILABLE_FOR_TASK_CONDITIONAL_SELECTION,TASK_DEPENDENT; MAY_USE_L1/UI_SUPPORT,DO_NOT_USE_AS_LANGUAGE_LEVEL_PASS_FAIL,LearningStrategy / LearningStrategyEvent,PHASE7_LEXICON; PHASE8_TASKS; PHASE9_FORM; PHASE11_INTERCULTURAL_WHEN_RELEVANT,Normalized procedural family and locator only; consult the source for exact protected formulation/examples.,https://cvc.cervantes.es/Ensenanza/biblioteca_ele/plan_curricular/niveles/13_procedimientos_aprendizaje_inventario.htm,1.27
LP-A1-043,PCIC13_PROCEDURE_FAMILY_UNGRADED,1.2.6,Sustitución,SUBSTITUTION_CIRCUMLOCUTION_GESTURE,COMPENSATION,SINGLE_UNSCALED_LIST,NOT_AN_A1_ASSERTION_BY_PCIC,UNSCALED_PCIC_LEARNING_POOL,AVAILABLE_FOR_TASK_CONDITIONAL_SELECTION,TASK_DEPENDENT; MAY_USE_L1/UI_SUPPORT,DO_NOT_USE_AS_LANGUAGE_LEVEL_PASS_FAIL,LearningStrategy / LearningStrategyEvent,PHASE7_LEXICON; PHASE8_TASKS; PHASE9_FORM; PHASE11_INTERCULTURAL_WHEN_RELEVANT,Normalized procedural family and locator only; consult the source for exact protected formulation/examples.,https://cvc.cervantes.es/Ensenanza/biblioteca_ele/plan_curricular/niveles/13_procedimientos_aprendizaje_inventario.htm,1.27
LP-A1-044,PCIC13_PROCEDURE_FAMILY_UNGRADED,1.2.7,Monitorización,OUTPUT_MONITORING,PRODUCT_EVALUATION,SINGLE_UNSCALED_LIST,NOT_AN_A1_ASSERTION_BY_PCIC,UNSCALED_PCIC_LEARNING_POOL,AVAILABLE_FOR_TASK_CONDITIONAL_SELECTION,TASK_DEPENDENT; MAY_USE_L1/UI_SUPPORT,DO_NOT_USE_AS_LANGUAGE_LEVEL_PASS_FAIL,LearningStrategy / LearningStrategyEvent,PHASE7_LEXICON; PHASE8_TASKS; PHASE9_FORM; PHASE11_INTERCULTURAL_WHEN_RELEVANT,Normalized procedural family and locator only; consult the source for exact protected formulation/examples.,https://cvc.cervantes.es/Ensenanza/biblioteca_ele/plan_curricular/niveles/13_procedimientos_aprendizaje_inventario.htm,1.27
LP-A1-045,PCIC13_PROCEDURE_FAMILY_UNGRADED,1.2.7,Análisis,ERROR_ANALYSIS,PRODUCT_EVALUATION,SINGLE_UNSCALED_LIST,NOT_AN_A1_ASSERTION_BY_PCIC,UNSCALED_PCIC_LEARNING_POOL,AVAILABLE_FOR_TASK_CONDITIONAL_SELECTION,TASK_DEPENDENT; MAY_USE_L1/UI_SUPPORT,DO_NOT_USE_AS_LANGUAGE_LEVEL_PASS_FAIL,LearningStrategy / LearningStrategyEvent,PHASE7_LEXICON; PHASE8_TASKS; PHASE9_FORM; PHASE11_INTERCULTURAL_WHEN_RELEVANT,Normalized procedural family and locator only; consult the source for exact protected formulation/examples.,https://cvc.cervantes.es/Ensenanza/biblioteca_ele/plan_curricular/niveles/13_procedimientos_aprendizaje_inventario.htm,1.27
LP-A1-046,PCIC13_PROCEDURE_FAMILY_UNGRADED,1.2.7,Valoración,OUTPUT_RATING,PRODUCT_EVALUATION,SINGLE_UNSCALED_LIST,NOT_AN_A1_ASSERTION_BY_PCIC,UNSCALED_PCIC_LEARNING_POOL,AVAILABLE_FOR_TASK_CONDITIONAL_SELECTION,TASK_DEPENDENT; MAY_USE_L1/UI_SUPPORT,DO_NOT_USE_AS_LANGUAGE_LEVEL_PASS_FAIL,LearningStrategy / LearningStrategyEvent,PHASE7_LEXICON; PHASE8_TASKS; PHASE9_FORM; PHASE11_INTERCULTURAL_WHEN_RELEVANT,Normalized procedural family and locator only; consult the source for exact protected formulation/examples.,https://cvc.cervantes.es/Ensenanza/biblioteca_ele/plan_curricular/niveles/13_procedimientos_aprendizaje_inventario.htm,1.27
LP-A1-047,PCIC13_PROCEDURE_FAMILY_UNGRADED,1.2.8,Corrección y reparación,SELF_OR_PEER_REPAIR,PRODUCT_REPAIR,SINGLE_UNSCALED_LIST,NOT_AN_A1_ASSERTION_BY_PCIC,UNSCALED_PCIC_LEARNING_POOL,AVAILABLE_FOR_TASK_CONDITIONAL_SELECTION,TASK_DEPENDENT; MAY_USE_L1/UI_SUPPORT,DO_NOT_USE_AS_LANGUAGE_LEVEL_PASS_FAIL,LearningStrategy / LearningStrategyEvent,PHASE7_LEXICON; PHASE8_TASKS; PHASE9_FORM; PHASE11_INTERCULTURAL_WHEN_RELEVANT,Normalized procedural family and locator only; consult the source for exact protected formulation/examples.,https://cvc.cervantes.es/Ensenanza/biblioteca_ele/plan_curricular/niveles/13_procedimientos_aprendizaje_inventario.htm,1.27
LP-A1-048,PCIC13_PROCEDURE_FAMILY_UNGRADED,1.3.1,Relajación progresiva,ANXIETY_RELAXATION,AFFECTIVE_REGULATION,SINGLE_UNSCALED_LIST,NOT_AN_A1_ASSERTION_BY_PCIC,UNSCALED_PCIC_LEARNING_POOL,AVAILABLE_FOR_TASK_CONDITIONAL_SELECTION,TASK_DEPENDENT; MAY_USE_L1/UI_SUPPORT,DO_NOT_USE_AS_LANGUAGE_LEVEL_PASS_FAIL,LearningStrategy / LearningStrategyEvent,PHASE7_LEXICON; PHASE8_TASKS; PHASE9_FORM; PHASE11_INTERCULTURAL_WHEN_RELEVANT,Normalized procedural family and locator only; consult the source for exact protected formulation/examples.,https://cvc.cervantes.es/Ensenanza/biblioteca_ele/plan_curricular/niveles/13_procedimientos_aprendizaje_inventario.htm,1.27
LP-A1-049,PCIC13_PROCEDURE_FAMILY_UNGRADED,1.3.1,Recursos o estímulos externos,EXTERNAL_AFFECTIVE_SUPPORT,AFFECTIVE_REGULATION,SINGLE_UNSCALED_LIST,NOT_AN_A1_ASSERTION_BY_PCIC,UNSCALED_PCIC_LEARNING_POOL,AVAILABLE_FOR_TASK_CONDITIONAL_SELECTION,TASK_DEPENDENT; MAY_USE_L1/UI_SUPPORT,DO_NOT_USE_AS_LANGUAGE_LEVEL_PASS_FAIL,LearningStrategy / LearningStrategyEvent,PHASE7_LEXICON; PHASE8_TASKS; PHASE9_FORM; PHASE11_INTERCULTURAL_WHEN_RELEVANT,Normalized procedural family and locator only; consult the source for exact protected formulation/examples.,https://cvc.cervantes.es/Ensenanza/biblioteca_ele/plan_curricular/niveles/13_procedimientos_aprendizaje_inventario.htm,1.27
LP-A1-050,PCIC13_PROCEDURE_FAMILY_UNGRADED,1.3.1,Desensibilización sistemática,GRADUATED_EXPOSURE,AFFECTIVE_REGULATION,SINGLE_UNSCALED_LIST,NOT_AN_A1_ASSERTION_BY_PCIC,UNSCALED_PCIC_LEARNING_POOL,AVAILABLE_FOR_TASK_CONDITIONAL_SELECTION,TASK_DEPENDENT; MAY_USE_L1/UI_SUPPORT,DO_NOT_USE_AS_LANGUAGE_LEVEL_PASS_FAIL,LearningStrategy / LearningStrategyEvent,PHASE7_LEXICON; PHASE8_TASKS; PHASE9_FORM; PHASE11_INTERCULTURAL_WHEN_RELEVANT,Normalized procedural family and locator only; consult the source for exact protected formulation/examples.,https://cvc.cervantes.es/Ensenanza/biblioteca_ele/plan_curricular/niveles/13_procedimientos_aprendizaje_inventario.htm,1.27
LP-A1-051,PCIC13_PROCEDURE_FAMILY_UNGRADED,1.3.1,Diálogo interno y visualización,POSITIVE_SELF_TALK_VISUALIZATION,AFFECTIVE_REGULATION,SINGLE_UNSCALED_LIST,NOT_AN_A1_ASSERTION_BY_PCIC,UNSCALED_PCIC_LEARNING_POOL,AVAILABLE_FOR_TASK_CONDITIONAL_SELECTION,TASK_DEPENDENT; MAY_USE_L1/UI_SUPPORT,DO_NOT_USE_AS_LANGUAGE_LEVEL_PASS_FAIL,LearningStrategy / LearningStrategyEvent,PHASE7_LEXICON; PHASE8_TASKS; PHASE9_FORM; PHASE11_INTERCULTURAL_WHEN_RELEVANT,Normalized procedural family and locator only; consult the source for exact protected formulation/examples.,https://cvc.cervantes.es/Ensenanza/biblioteca_ele/plan_curricular/niveles/13_procedimientos_aprendizaje_inventario.htm,1.27
LP-A1-052,PCIC13_PROCEDURE_FAMILY_UNGRADED,1.3.1,Petición de ayuda,AFFECTIVE_HELP_SEEKING,AFFECTIVE_REGULATION,SINGLE_UNSCALED_LIST,NOT_AN_A1_ASSERTION_BY_PCIC,UNSCALED_PCIC_LEARNING_POOL,AVAILABLE_FOR_TASK_CONDITIONAL_SELECTION,TASK_DEPENDENT; MAY_USE_L1/UI_SUPPORT,DO_NOT_USE_AS_LANGUAGE_LEVEL_PASS_FAIL,LearningStrategy / LearningStrategyEvent,PHASE7_LEXICON; PHASE8_TASKS; PHASE9_FORM; PHASE11_INTERCULTURAL_WHEN_RELEVANT,Normalized procedural family and locator only; consult the source for exact protected formulation/examples.,https://cvc.cervantes.es/Ensenanza/biblioteca_ele/plan_curricular/niveles/13_procedimientos_aprendizaje_inventario.htm,1.27
LP-A1-053,PCIC13_PROCEDURE_FAMILY_UNGRADED,1.3.2,Autoafirmación,SELF_AFFIRMATION,SELF_CONCEPT,SINGLE_UNSCALED_LIST,NOT_AN_A1_ASSERTION_BY_PCIC,UNSCALED_PCIC_LEARNING_POOL,AVAILABLE_FOR_TASK_CONDITIONAL_SELECTION,TASK_DEPENDENT; MAY_USE_L1/UI_SUPPORT,DO_NOT_USE_AS_LANGUAGE_LEVEL_PASS_FAIL,LearningStrategy / LearningStrategyEvent,PHASE7_LEXICON; PHASE8_TASKS; PHASE9_FORM; PHASE11_INTERCULTURAL_WHEN_RELEVANT,Normalized procedural family and locator only; consult the source for exact protected formulation/examples.,https://cvc.cervantes.es/Ensenanza/biblioteca_ele/plan_curricular/niveles/13_procedimientos_aprendizaje_inventario.htm,1.27
LP-A1-054,PCIC13_PROCEDURE_FAMILY_UNGRADED,1.3.2,Énfasis en aspectos positivos,POSITIVE_PERFORMANCE_FOCUS,SELF_CONCEPT,SINGLE_UNSCALED_LIST,NOT_AN_A1_ASSERTION_BY_PCIC,UNSCALED_PCIC_LEARNING_POOL,AVAILABLE_FOR_TASK_CONDITIONAL_SELECTION,TASK_DEPENDENT; MAY_USE_L1/UI_SUPPORT,DO_NOT_USE_AS_LANGUAGE_LEVEL_PASS_FAIL,LearningStrategy / LearningStrategyEvent,PHASE7_LEXICON; PHASE8_TASKS; PHASE9_FORM; PHASE11_INTERCULTURAL_WHEN_RELEVANT,Normalized procedural family and locator only; consult the source for exact protected formulation/examples.,https://cvc.cervantes.es/Ensenanza/biblioteca_ele/plan_curricular/niveles/13_procedimientos_aprendizaje_inventario.htm,1.27
LP-A1-055,PCIC13_PROCEDURE_FAMILY_UNGRADED,1.3.2,Atribución de causalidad,REALISTIC_CAUSAL_ATTRIBUTION,SELF_CONCEPT,SINGLE_UNSCALED_LIST,NOT_AN_A1_ASSERTION_BY_PCIC,UNSCALED_PCIC_LEARNING_POOL,AVAILABLE_FOR_TASK_CONDITIONAL_SELECTION,TASK_DEPENDENT; MAY_USE_L1/UI_SUPPORT,DO_NOT_USE_AS_LANGUAGE_LEVEL_PASS_FAIL,LearningStrategy / LearningStrategyEvent,PHASE7_LEXICON; PHASE8_TASKS; PHASE9_FORM; PHASE11_INTERCULTURAL_WHEN_RELEVANT,Normalized procedural family and locator only; consult the source for exact protected formulation/examples.,https://cvc.cervantes.es/Ensenanza/biblioteca_ele/plan_curricular/niveles/13_procedimientos_aprendizaje_inventario.htm,1.27
LP-A1-056,PCIC13_PROCEDURE_FAMILY_UNGRADED,1.3.2,Autoprovisión de apoyo,SELF_SCAFFOLDING,SELF_CONCEPT,SINGLE_UNSCALED_LIST,NOT_AN_A1_ASSERTION_BY_PCIC,UNSCALED_PCIC_LEARNING_POOL,AVAILABLE_FOR_TASK_CONDITIONAL_SELECTION,TASK_DEPENDENT; MAY_USE_L1/UI_SUPPORT,DO_NOT_USE_AS_LANGUAGE_LEVEL_PASS_FAIL,LearningStrategy / LearningStrategyEvent,PHASE7_LEXICON; PHASE8_TASKS; PHASE9_FORM; PHASE11_INTERCULTURAL_WHEN_RELEVANT,Normalized procedural family and locator only; consult the source for exact protected formulation/examples.,https://cvc.cervantes.es/Ensenanza/biblioteca_ele/plan_curricular/niveles/13_procedimientos_aprendizaje_inventario.htm,1.27
LP-A1-057,PCIC13_PROCEDURE_FAMILY_UNGRADED,1.3.2,Recompensas y elogios,SELF_REWARD_AND_PRAISE,SELF_CONCEPT,SINGLE_UNSCALED_LIST,NOT_AN_A1_ASSERTION_BY_PCIC,UNSCALED_PCIC_LEARNING_POOL,AVAILABLE_FOR_TASK_CONDITIONAL_SELECTION,TASK_DEPENDENT; MAY_USE_L1/UI_SUPPORT,DO_NOT_USE_AS_LANGUAGE_LEVEL_PASS_FAIL,LearningStrategy / LearningStrategyEvent,PHASE7_LEXICON; PHASE8_TASKS; PHASE9_FORM; PHASE11_INTERCULTURAL_WHEN_RELEVANT,Normalized procedural family and locator only; consult the source for exact protected formulation/examples.,https://cvc.cervantes.es/Ensenanza/biblioteca_ele/plan_curricular/niveles/13_procedimientos_aprendizaje_inventario.htm,1.27
LP-A1-058,PCIC13_PROCEDURE_FAMILY_UNGRADED,1.3.3,Identificación de reacciones,AFFECTIVE_SELF_MONITORING,EMOTION_REGULATION,SINGLE_UNSCALED_LIST,NOT_AN_A1_ASSERTION_BY_PCIC,UNSCALED_PCIC_LEARNING_POOL,AVAILABLE_FOR_TASK_CONDITIONAL_SELECTION,TASK_DEPENDENT; MAY_USE_L1/UI_SUPPORT,DO_NOT_USE_AS_LANGUAGE_LEVEL_PASS_FAIL,LearningStrategy / LearningStrategyEvent,PHASE7_LEXICON; PHASE8_TASKS; PHASE9_FORM; PHASE11_INTERCULTURAL_WHEN_RELEVANT,Normalized procedural family and locator only; consult the source for exact protected formulation/examples.,https://cvc.cervantes.es/Ensenanza/biblioteca_ele/plan_curricular/niveles/13_procedimientos_aprendizaje_inventario.htm,1.27
LP-A1-059,PCIC13_PROCEDURE_FAMILY_UNGRADED,1.3.3,Expresión de emociones,EMOTION_EXPRESSION_AND_LOGGING,EMOTION_REGULATION,SINGLE_UNSCALED_LIST,NOT_AN_A1_ASSERTION_BY_PCIC,UNSCALED_PCIC_LEARNING_POOL,AVAILABLE_FOR_TASK_CONDITIONAL_SELECTION,TASK_DEPENDENT; MAY_USE_L1/UI_SUPPORT,DO_NOT_USE_AS_LANGUAGE_LEVEL_PASS_FAIL,LearningStrategy / LearningStrategyEvent,PHASE7_LEXICON; PHASE8_TASKS; PHASE9_FORM; PHASE11_INTERCULTURAL_WHEN_RELEVANT,Normalized procedural family and locator only; consult the source for exact protected formulation/examples.,https://cvc.cervantes.es/Ensenanza/biblioteca_ele/plan_curricular/niveles/13_procedimientos_aprendizaje_inventario.htm,1.27
LP-A1-060,PCIC13_PROCEDURE_FAMILY_UNGRADED,1.3.3,Atenuación de reacciones negativas,NEGATIVE_AFFECT_ATTENUATION,EMOTION_REGULATION,SINGLE_UNSCALED_LIST,NOT_AN_A1_ASSERTION_BY_PCIC,UNSCALED_PCIC_LEARNING_POOL,AVAILABLE_FOR_TASK_CONDITIONAL_SELECTION,TASK_DEPENDENT; MAY_USE_L1/UI_SUPPORT,DO_NOT_USE_AS_LANGUAGE_LEVEL_PASS_FAIL,LearningStrategy / LearningStrategyEvent,PHASE7_LEXICON; PHASE8_TASKS; PHASE9_FORM; PHASE11_INTERCULTURAL_WHEN_RELEVANT,Normalized procedural family and locator only; consult the source for exact protected formulation/examples.,https://cvc.cervantes.es/Ensenanza/biblioteca_ele/plan_curricular/niveles/13_procedimientos_aprendizaje_inventario.htm,1.27
LP-A1-061,PCIC13_PROCEDURE_FAMILY_UNGRADED,1.3.3,Biblioterapia,NARRATIVE_IDENTIFICATION_FOR_AFFECT,EMOTION_REGULATION,SINGLE_UNSCALED_LIST,NOT_AN_A1_ASSERTION_BY_PCIC,UNSCALED_PCIC_LEARNING_POOL,AVAILABLE_FOR_TASK_CONDITIONAL_SELECTION,TASK_DEPENDENT; MAY_USE_L1/UI_SUPPORT,DO_NOT_USE_AS_LANGUAGE_LEVEL_PASS_FAIL,LearningStrategy / LearningStrategyEvent,PHASE7_LEXICON; PHASE8_TASKS; PHASE9_FORM; PHASE11_INTERCULTURAL_WHEN_RELEVANT,Normalized procedural family and locator only; consult the source for exact protected formulation/examples.,https://cvc.cervantes.es/Ensenanza/biblioteca_ele/plan_curricular/niveles/13_procedimientos_aprendizaje_inventario.htm,1.27
LP-A1-062,PCIC13_PROCEDURE_FAMILY_UNGRADED,1.3.4,Desafío,ACHIEVABLE_CHALLENGE,INTRINSIC_MOTIVATION,SINGLE_UNSCALED_LIST,NOT_AN_A1_ASSERTION_BY_PCIC,UNSCALED_PCIC_LEARNING_POOL,AVAILABLE_FOR_TASK_CONDITIONAL_SELECTION,TASK_DEPENDENT; MAY_USE_L1/UI_SUPPORT,DO_NOT_USE_AS_LANGUAGE_LEVEL_PASS_FAIL,LearningStrategy / LearningStrategyEvent,PHASE7_LEXICON; PHASE8_TASKS; PHASE9_FORM; PHASE11_INTERCULTURAL_WHEN_RELEVANT,Normalized procedural family and locator only; consult the source for exact protected formulation/examples.,https://cvc.cervantes.es/Ensenanza/biblioteca_ele/plan_curricular/niveles/13_procedimientos_aprendizaje_inventario.htm,1.27
LP-A1-063,PCIC13_PROCEDURE_FAMILY_UNGRADED,1.3.4,Curiosidad,CURIOSITY_DRIVEN_TASK,INTRINSIC_MOTIVATION,SINGLE_UNSCALED_LIST,NOT_AN_A1_ASSERTION_BY_PCIC,UNSCALED_PCIC_LEARNING_POOL,AVAILABLE_FOR_TASK_CONDITIONAL_SELECTION,TASK_DEPENDENT; MAY_USE_L1/UI_SUPPORT,DO_NOT_USE_AS_LANGUAGE_LEVEL_PASS_FAIL,LearningStrategy / LearningStrategyEvent,PHASE7_LEXICON; PHASE8_TASKS; PHASE9_FORM; PHASE11_INTERCULTURAL_WHEN_RELEVANT,Normalized procedural family and locator only; consult the source for exact protected formulation/examples.,https://cvc.cervantes.es/Ensenanza/biblioteca_ele/plan_curricular/niveles/13_procedimientos_aprendizaje_inventario.htm,1.27
LP-A1-064,PCIC13_PROCEDURE_FAMILY_UNGRADED,1.3.4,Planificación realista,REALISTIC_PLANNING_CROSSREF,INTRINSIC_MOTIVATION,SINGLE_UNSCALED_LIST,NOT_AN_A1_ASSERTION_BY_PCIC,UNSCALED_PCIC_LEARNING_POOL,AVAILABLE_FOR_TASK_CONDITIONAL_SELECTION,TASK_DEPENDENT; MAY_USE_L1/UI_SUPPORT,DO_NOT_USE_AS_LANGUAGE_LEVEL_PASS_FAIL,LearningStrategy / LearningStrategyEvent,PHASE7_LEXICON; PHASE8_TASKS; PHASE9_FORM; PHASE11_INTERCULTURAL_WHEN_RELEVANT,Normalized procedural family and locator only; consult the source for exact protected formulation/examples.,https://cvc.cervantes.es/Ensenanza/biblioteca_ele/plan_curricular/niveles/13_procedimientos_aprendizaje_inventario.htm,1.27
LP-A1-065,PCIC13_PROCEDURE_FAMILY_UNGRADED,1.3.4,Adelanto del éxito,SUCCESS_VISUALIZATION,INTRINSIC_MOTIVATION,SINGLE_UNSCALED_LIST,NOT_AN_A1_ASSERTION_BY_PCIC,UNSCALED_PCIC_LEARNING_POOL,AVAILABLE_FOR_TASK_CONDITIONAL_SELECTION,TASK_DEPENDENT; MAY_USE_L1/UI_SUPPORT,DO_NOT_USE_AS_LANGUAGE_LEVEL_PASS_FAIL,LearningStrategy / LearningStrategyEvent,PHASE7_LEXICON; PHASE8_TASKS; PHASE9_FORM; PHASE11_INTERCULTURAL_WHEN_RELEVANT,Normalized procedural family and locator only; consult the source for exact protected formulation/examples.,https://cvc.cervantes.es/Ensenanza/biblioteca_ele/plan_curricular/niveles/13_procedimientos_aprendizaje_inventario.htm,1.27
LP-A1-066,PCIC13_PROCEDURE_FAMILY_UNGRADED,1.3.4,Expectativas de éxito,SUCCESS_EXPECTANCY,INTRINSIC_MOTIVATION,SINGLE_UNSCALED_LIST,NOT_AN_A1_ASSERTION_BY_PCIC,UNSCALED_PCIC_LEARNING_POOL,AVAILABLE_FOR_TASK_CONDITIONAL_SELECTION,TASK_DEPENDENT; MAY_USE_L1/UI_SUPPORT,DO_NOT_USE_AS_LANGUAGE_LEVEL_PASS_FAIL,LearningStrategy / LearningStrategyEvent,PHASE7_LEXICON; PHASE8_TASKS; PHASE9_FORM; PHASE11_INTERCULTURAL_WHEN_RELEVANT,Normalized procedural family and locator only; consult the source for exact protected formulation/examples.,https://cvc.cervantes.es/Ensenanza/biblioteca_ele/plan_curricular/niveles/13_procedimientos_aprendizaje_inventario.htm,1.27
LP-A1-067,PCIC13_PROCEDURE_FAMILY_UNGRADED,1.3.4,Orientación hacia la tarea,TASK_ORIENTATION,INTRINSIC_MOTIVATION,SINGLE_UNSCALED_LIST,NOT_AN_A1_ASSERTION_BY_PCIC,UNSCALED_PCIC_LEARNING_POOL,AVAILABLE_FOR_TASK_CONDITIONAL_SELECTION,TASK_DEPENDENT; MAY_USE_L1/UI_SUPPORT,DO_NOT_USE_AS_LANGUAGE_LEVEL_PASS_FAIL,LearningStrategy / LearningStrategyEvent,PHASE7_LEXICON; PHASE8_TASKS; PHASE9_FORM; PHASE11_INTERCULTURAL_WHEN_RELEVANT,Normalized procedural family and locator only; consult the source for exact protected formulation/examples.,https://cvc.cervantes.es/Ensenanza/biblioteca_ele/plan_curricular/niveles/13_procedimientos_aprendizaje_inventario.htm,1.27
LP-A1-068,PCIC13_PROCEDURE_FAMILY_UNGRADED,1.3.4,Autorrefuerzo,SELF_ENCOURAGEMENT,INTRINSIC_MOTIVATION,SINGLE_UNSCALED_LIST,NOT_AN_A1_ASSERTION_BY_PCIC,UNSCALED_PCIC_LEARNING_POOL,AVAILABLE_FOR_TASK_CONDITIONAL_SELECTION,TASK_DEPENDENT; MAY_USE_L1/UI_SUPPORT,DO_NOT_USE_AS_LANGUAGE_LEVEL_PASS_FAIL,LearningStrategy / LearningStrategyEvent,PHASE7_LEXICON; PHASE8_TASKS; PHASE9_FORM; PHASE11_INTERCULTURAL_WHEN_RELEVANT,Normalized procedural family and locator only; consult the source for exact protected formulation/examples.,https://cvc.cervantes.es/Ensenanza/biblioteca_ele/plan_curricular/niveles/13_procedimientos_aprendizaje_inventario.htm,1.27
LP-A1-069,PCIC13_PROCEDURE_FAMILY_UNGRADED,1.3.5,Refuerzo positivo,SELF_REWARD,EXTRINSIC_MOTIVATION,SINGLE_UNSCALED_LIST,NOT_AN_A1_ASSERTION_BY_PCIC,UNSCALED_PCIC_LEARNING_POOL,AVAILABLE_FOR_TASK_CONDITIONAL_SELECTION,TASK_DEPENDENT; MAY_USE_L1/UI_SUPPORT,DO_NOT_USE_AS_LANGUAGE_LEVEL_PASS_FAIL,LearningStrategy / LearningStrategyEvent,PHASE7_LEXICON; PHASE8_TASKS; PHASE9_FORM; PHASE11_INTERCULTURAL_WHEN_RELEVANT,Normalized procedural family and locator only; consult the source for exact protected formulation/examples.,https://cvc.cervantes.es/Ensenanza/biblioteca_ele/plan_curricular/niveles/13_procedimientos_aprendizaje_inventario.htm,1.27
LP-A1-070,PCIC13_PROCEDURE_FAMILY_UNGRADED,1.3.5,Refuerzo negativo,NEGATIVE_REINFORCEMENT,EXTRINSIC_MOTIVATION,SINGLE_UNSCALED_LIST,NOT_AN_A1_ASSERTION_BY_PCIC,UNSCALED_PCIC_LEARNING_POOL,AVAILABLE_FOR_TASK_CONDITIONAL_SELECTION,TASK_DEPENDENT; MAY_USE_L1/UI_SUPPORT,DO_NOT_USE_AS_LANGUAGE_LEVEL_PASS_FAIL,LearningStrategy / LearningStrategyEvent,PHASE7_LEXICON; PHASE8_TASKS; PHASE9_FORM; PHASE11_INTERCULTURAL_WHEN_RELEVANT,Normalized procedural family and locator only; consult the source for exact protected formulation/examples.,https://cvc.cervantes.es/Ensenanza/biblioteca_ele/plan_curricular/niveles/13_procedimientos_aprendizaje_inventario.htm,1.27
LP-A1-071,PCIC13_PROCEDURE_FAMILY_UNGRADED,1.3.5,Contratos psicológicos,LEARNING_COMMITMENT_CONTRACT,EXTRINSIC_MOTIVATION,SINGLE_UNSCALED_LIST,NOT_AN_A1_ASSERTION_BY_PCIC,UNSCALED_PCIC_LEARNING_POOL,AVAILABLE_FOR_TASK_CONDITIONAL_SELECTION,TASK_DEPENDENT; MAY_USE_L1/UI_SUPPORT,DO_NOT_USE_AS_LANGUAGE_LEVEL_PASS_FAIL,LearningStrategy / LearningStrategyEvent,PHASE7_LEXICON; PHASE8_TASKS; PHASE9_FORM; PHASE11_INTERCULTURAL_WHEN_RELEVANT,Normalized procedural family and locator only; consult the source for exact protected formulation/examples.,https://cvc.cervantes.es/Ensenanza/biblioteca_ele/plan_curricular/niveles/13_procedimientos_aprendizaje_inventario.htm,1.27
LP-A1-072,PCIC13_PROCEDURE_FAMILY_UNGRADED,1.3.5,Consecuencias positivas,POSITIVE_CONSEQUENCE_LINKING,EXTRINSIC_MOTIVATION,SINGLE_UNSCALED_LIST,NOT_AN_A1_ASSERTION_BY_PCIC,UNSCALED_PCIC_LEARNING_POOL,AVAILABLE_FOR_TASK_CONDITIONAL_SELECTION,TASK_DEPENDENT; MAY_USE_L1/UI_SUPPORT,DO_NOT_USE_AS_LANGUAGE_LEVEL_PASS_FAIL,LearningStrategy / LearningStrategyEvent,PHASE7_LEXICON; PHASE8_TASKS; PHASE9_FORM; PHASE11_INTERCULTURAL_WHEN_RELEVANT,Normalized procedural family and locator only; consult the source for exact protected formulation/examples.,https://cvc.cervantes.es/Ensenanza/biblioteca_ele/plan_curricular/niveles/13_procedimientos_aprendizaje_inventario.htm,1.27
LP-A1-073,PCIC13_PROCEDURE_FAMILY_UNGRADED,1.3.5,Relación con metas,TASK_GOAL_RELEVANCE,EXTRINSIC_MOTIVATION,SINGLE_UNSCALED_LIST,NOT_AN_A1_ASSERTION_BY_PCIC,UNSCALED_PCIC_LEARNING_POOL,AVAILABLE_FOR_TASK_CONDITIONAL_SELECTION,TASK_DEPENDENT; MAY_USE_L1/UI_SUPPORT,DO_NOT_USE_AS_LANGUAGE_LEVEL_PASS_FAIL,LearningStrategy / LearningStrategyEvent,PHASE7_LEXICON; PHASE8_TASKS; PHASE9_FORM; PHASE11_INTERCULTURAL_WHEN_RELEVANT,Normalized procedural family and locator only; consult the source for exact protected formulation/examples.,https://cvc.cervantes.es/Ensenanza/biblioteca_ele/plan_curricular/niveles/13_procedimientos_aprendizaje_inventario.htm,1.27
LP-A1-074,PCIC13_PROCEDURE_FAMILY_UNGRADED,1.4.1,Normalización y regulación,GROUP_NORM_SETTING,COOPERATION,SINGLE_UNSCALED_LIST,NOT_AN_A1_ASSERTION_BY_PCIC,UNSCALED_PCIC_LEARNING_POOL,AVAILABLE_FOR_TASK_CONDITIONAL_SELECTION,TASK_DEPENDENT; MAY_USE_L1/UI_SUPPORT,DO_NOT_USE_AS_LANGUAGE_LEVEL_PASS_FAIL,LearningStrategy / LearningStrategyEvent,PHASE7_LEXICON; PHASE8_TASKS; PHASE9_FORM; PHASE11_INTERCULTURAL_WHEN_RELEVANT,Normalized procedural family and locator only; consult the source for exact protected formulation/examples.,https://cvc.cervantes.es/Ensenanza/biblioteca_ele/plan_curricular/niveles/13_procedimientos_aprendizaje_inventario.htm,1.27
LP-A1-075,PCIC13_PROCEDURE_FAMILY_UNGRADED,1.4.1,Papeles dentro del grupo,GROUP_ROLE_MANAGEMENT,COOPERATION,SINGLE_UNSCALED_LIST,NOT_AN_A1_ASSERTION_BY_PCIC,UNSCALED_PCIC_LEARNING_POOL,AVAILABLE_FOR_TASK_CONDITIONAL_SELECTION,TASK_DEPENDENT; MAY_USE_L1/UI_SUPPORT,DO_NOT_USE_AS_LANGUAGE_LEVEL_PASS_FAIL,LearningStrategy / LearningStrategyEvent,PHASE7_LEXICON; PHASE8_TASKS; PHASE9_FORM; PHASE11_INTERCULTURAL_WHEN_RELEVANT,Normalized procedural family and locator only; consult the source for exact protected formulation/examples.,https://cvc.cervantes.es/Ensenanza/biblioteca_ele/plan_curricular/niveles/13_procedimientos_aprendizaje_inventario.htm,1.27
LP-A1-076,PCIC13_PROCEDURE_FAMILY_UNGRADED,1.4.1,Cohesión y pertenencia,GROUP_COHESION,COOPERATION,SINGLE_UNSCALED_LIST,NOT_AN_A1_ASSERTION_BY_PCIC,UNSCALED_PCIC_LEARNING_POOL,AVAILABLE_FOR_TASK_CONDITIONAL_SELECTION,TASK_DEPENDENT; MAY_USE_L1/UI_SUPPORT,DO_NOT_USE_AS_LANGUAGE_LEVEL_PASS_FAIL,LearningStrategy / LearningStrategyEvent,PHASE7_LEXICON; PHASE8_TASKS; PHASE9_FORM; PHASE11_INTERCULTURAL_WHEN_RELEVANT,Normalized procedural family and locator only; consult the source for exact protected formulation/examples.,https://cvc.cervantes.es/Ensenanza/biblioteca_ele/plan_curricular/niveles/13_procedimientos_aprendizaje_inventario.htm,1.27
LP-A1-077,PCIC13_PROCEDURE_FAMILY_UNGRADED,1.4.1,Interdependencia positiva,POSITIVE_INTERDEPENDENCE,COOPERATION,SINGLE_UNSCALED_LIST,NOT_AN_A1_ASSERTION_BY_PCIC,UNSCALED_PCIC_LEARNING_POOL,AVAILABLE_FOR_TASK_CONDITIONAL_SELECTION,TASK_DEPENDENT; MAY_USE_L1/UI_SUPPORT,DO_NOT_USE_AS_LANGUAGE_LEVEL_PASS_FAIL,LearningStrategy / LearningStrategyEvent,PHASE7_LEXICON; PHASE8_TASKS; PHASE9_FORM; PHASE11_INTERCULTURAL_WHEN_RELEVANT,Normalized procedural family and locator only; consult the source for exact protected formulation/examples.,https://cvc.cervantes.es/Ensenanza/biblioteca_ele/plan_curricular/niveles/13_procedimientos_aprendizaje_inventario.htm,1.27
LP-A1-078,PCIC13_PROCEDURE_FAMILY_UNGRADED,1.4.1,Participación equitativa,EQUITABLE_PARTICIPATION,COOPERATION,SINGLE_UNSCALED_LIST,NOT_AN_A1_ASSERTION_BY_PCIC,UNSCALED_PCIC_LEARNING_POOL,AVAILABLE_FOR_TASK_CONDITIONAL_SELECTION,TASK_DEPENDENT; MAY_USE_L1/UI_SUPPORT,DO_NOT_USE_AS_LANGUAGE_LEVEL_PASS_FAIL,LearningStrategy / LearningStrategyEvent,PHASE7_LEXICON; PHASE8_TASKS; PHASE9_FORM; PHASE11_INTERCULTURAL_WHEN_RELEVANT,Normalized procedural family and locator only; consult the source for exact protected formulation/examples.,https://cvc.cervantes.es/Ensenanza/biblioteca_ele/plan_curricular/niveles/13_procedimientos_aprendizaje_inventario.htm,1.27
LP-A1-079,PCIC13_PROCEDURE_FAMILY_UNGRADED,1.4.1,Ayuda mutua,MUTUAL_HELP,COOPERATION,SINGLE_UNSCALED_LIST,NOT_AN_A1_ASSERTION_BY_PCIC,UNSCALED_PCIC_LEARNING_POOL,AVAILABLE_FOR_TASK_CONDITIONAL_SELECTION,TASK_DEPENDENT; MAY_USE_L1/UI_SUPPORT,DO_NOT_USE_AS_LANGUAGE_LEVEL_PASS_FAIL,LearningStrategy / LearningStrategyEvent,PHASE7_LEXICON; PHASE8_TASKS; PHASE9_FORM; PHASE11_INTERCULTURAL_WHEN_RELEVANT,Normalized procedural family and locator only; consult the source for exact protected formulation/examples.,https://cvc.cervantes.es/Ensenanza/biblioteca_ele/plan_curricular/niveles/13_procedimientos_aprendizaje_inventario.htm,1.27
LP-A1-080,PCIC13_PROCEDURE_FAMILY_UNGRADED,1.4.1,Aprendizaje entre iguales,PEER_TEACHING_LEARNING_EVALUATION,COOPERATION,SINGLE_UNSCALED_LIST,NOT_AN_A1_ASSERTION_BY_PCIC,UNSCALED_PCIC_LEARNING_POOL,AVAILABLE_FOR_TASK_CONDITIONAL_SELECTION,TASK_DEPENDENT; MAY_USE_L1/UI_SUPPORT,DO_NOT_USE_AS_LANGUAGE_LEVEL_PASS_FAIL,LearningStrategy / LearningStrategyEvent,PHASE7_LEXICON; PHASE8_TASKS; PHASE9_FORM; PHASE11_INTERCULTURAL_WHEN_RELEVANT,Normalized procedural family and locator only; consult the source for exact protected formulation/examples.,https://cvc.cervantes.es/Ensenanza/biblioteca_ele/plan_curricular/niveles/13_procedimientos_aprendizaje_inventario.htm,1.27
LP-A1-081,PCIC13_PROCEDURE_FAMILY_UNGRADED,1.4.1,Respeto a diferencias,INDIVIDUAL_DIFFERENCE_RESPECT,COOPERATION,SINGLE_UNSCALED_LIST,NOT_AN_A1_ASSERTION_BY_PCIC,UNSCALED_PCIC_LEARNING_POOL,AVAILABLE_FOR_TASK_CONDITIONAL_SELECTION,TASK_DEPENDENT; MAY_USE_L1/UI_SUPPORT,DO_NOT_USE_AS_LANGUAGE_LEVEL_PASS_FAIL,LearningStrategy / LearningStrategyEvent,PHASE7_LEXICON; PHASE8_TASKS; PHASE9_FORM; PHASE11_INTERCULTURAL_WHEN_RELEVANT,Normalized procedural family and locator only; consult the source for exact protected formulation/examples.,https://cvc.cervantes.es/Ensenanza/biblioteca_ele/plan_curricular/niveles/13_procedimientos_aprendizaje_inventario.htm,1.27
LP-A1-082,PCIC13_PROCEDURE_FAMILY_UNGRADED,1.4.2,Autorrevelación,SELF_DISCLOSURE,SOCIAL_CONFLICT_MANAGEMENT,SINGLE_UNSCALED_LIST,NOT_AN_A1_ASSERTION_BY_PCIC,UNSCALED_PCIC_LEARNING_POOL,AVAILABLE_FOR_TASK_CONDITIONAL_SELECTION,TASK_DEPENDENT; MAY_USE_L1/UI_SUPPORT,DO_NOT_USE_AS_LANGUAGE_LEVEL_PASS_FAIL,LearningStrategy / LearningStrategyEvent,PHASE7_LEXICON; PHASE8_TASKS; PHASE9_FORM; PHASE11_INTERCULTURAL_WHEN_RELEVANT,Normalized procedural family and locator only; consult the source for exact protected formulation/examples.,https://cvc.cervantes.es/Ensenanza/biblioteca_ele/plan_curricular/niveles/13_procedimientos_aprendizaje_inventario.htm,1.27
LP-A1-083,PCIC13_PROCEDURE_FAMILY_UNGRADED,1.4.2,Escucha activa,ACTIVE_LISTENING,SOCIAL_CONFLICT_MANAGEMENT,SINGLE_UNSCALED_LIST,NOT_AN_A1_ASSERTION_BY_PCIC,UNSCALED_PCIC_LEARNING_POOL,AVAILABLE_FOR_TASK_CONDITIONAL_SELECTION,TASK_DEPENDENT; MAY_USE_L1/UI_SUPPORT,DO_NOT_USE_AS_LANGUAGE_LEVEL_PASS_FAIL,LearningStrategy / LearningStrategyEvent,PHASE7_LEXICON; PHASE8_TASKS; PHASE9_FORM; PHASE11_INTERCULTURAL_WHEN_RELEVANT,Normalized procedural family and locator only; consult the source for exact protected formulation/examples.,https://cvc.cervantes.es/Ensenanza/biblioteca_ele/plan_curricular/niveles/13_procedimientos_aprendizaje_inventario.htm,1.27
LP-A1-084,PCIC13_PROCEDURE_FAMILY_UNGRADED,1.4.2,Empatía,EMPATHIC_LISTENING,SOCIAL_CONFLICT_MANAGEMENT,SINGLE_UNSCALED_LIST,NOT_AN_A1_ASSERTION_BY_PCIC,UNSCALED_PCIC_LEARNING_POOL,AVAILABLE_FOR_TASK_CONDITIONAL_SELECTION,TASK_DEPENDENT; MAY_USE_L1/UI_SUPPORT,DO_NOT_USE_AS_LANGUAGE_LEVEL_PASS_FAIL,LearningStrategy / LearningStrategyEvent,PHASE7_LEXICON; PHASE8_TASKS; PHASE9_FORM; PHASE11_INTERCULTURAL_WHEN_RELEVANT,Normalized procedural family and locator only; consult the source for exact protected formulation/examples.,https://cvc.cervantes.es/Ensenanza/biblioteca_ele/plan_curricular/niveles/13_procedimientos_aprendizaje_inventario.htm,1.27
LP-A1-085,PCIC13_PROCEDURE_FAMILY_UNGRADED,1.4.2,Crítica,CONSTRUCTIVE_CRITICISM,SOCIAL_CONFLICT_MANAGEMENT,SINGLE_UNSCALED_LIST,NOT_AN_A1_ASSERTION_BY_PCIC,UNSCALED_PCIC_LEARNING_POOL,AVAILABLE_FOR_TASK_CONDITIONAL_SELECTION,TASK_DEPENDENT; MAY_USE_L1/UI_SUPPORT,DO_NOT_USE_AS_LANGUAGE_LEVEL_PASS_FAIL,LearningStrategy / LearningStrategyEvent,PHASE7_LEXICON; PHASE8_TASKS; PHASE9_FORM; PHASE11_INTERCULTURAL_WHEN_RELEVANT,Normalized procedural family and locator only; consult the source for exact protected formulation/examples.,https://cvc.cervantes.es/Ensenanza/biblioteca_ele/plan_curricular/niveles/13_procedimientos_aprendizaje_inventario.htm,1.27
LP-A1-086,PCIC13_PROCEDURE_FAMILY_UNGRADED,1.4.2,Sugerencia de cambios,BEHAVIOR_CHANGE_SUGGESTION,SOCIAL_CONFLICT_MANAGEMENT,SINGLE_UNSCALED_LIST,NOT_AN_A1_ASSERTION_BY_PCIC,UNSCALED_PCIC_LEARNING_POOL,AVAILABLE_FOR_TASK_CONDITIONAL_SELECTION,TASK_DEPENDENT; MAY_USE_L1/UI_SUPPORT,DO_NOT_USE_AS_LANGUAGE_LEVEL_PASS_FAIL,LearningStrategy / LearningStrategyEvent,PHASE7_LEXICON; PHASE8_TASKS; PHASE9_FORM; PHASE11_INTERCULTURAL_WHEN_RELEVANT,Normalized procedural family and locator only; consult the source for exact protected formulation/examples.,https://cvc.cervantes.es/Ensenanza/biblioteca_ele/plan_curricular/niveles/13_procedimientos_aprendizaje_inventario.htm,1.27
LP-A1-087,PCIC13_PROCEDURE_FAMILY_UNGRADED,1.4.2,Opiniones contrarias,DISAGREEMENT_MANAGEMENT,SOCIAL_CONFLICT_MANAGEMENT,SINGLE_UNSCALED_LIST,NOT_AN_A1_ASSERTION_BY_PCIC,UNSCALED_PCIC_LEARNING_POOL,AVAILABLE_FOR_TASK_CONDITIONAL_SELECTION,TASK_DEPENDENT; MAY_USE_L1/UI_SUPPORT,DO_NOT_USE_AS_LANGUAGE_LEVEL_PASS_FAIL,LearningStrategy / LearningStrategyEvent,PHASE7_LEXICON; PHASE8_TASKS; PHASE9_FORM; PHASE11_INTERCULTURAL_WHEN_RELEVANT,Normalized procedural family and locator only; consult the source for exact protected formulation/examples.,https://cvc.cervantes.es/Ensenanza/biblioteca_ele/plan_curricular/niveles/13_procedimientos_aprendizaje_inventario.htm,1.27
LP-A1-088,PCIC13_PROCEDURE_FAMILY_UNGRADED,1.4.2,Petición de acuerdo,AGREEMENT_CHECK,SOCIAL_CONFLICT_MANAGEMENT,SINGLE_UNSCALED_LIST,NOT_AN_A1_ASSERTION_BY_PCIC,UNSCALED_PCIC_LEARNING_POOL,AVAILABLE_FOR_TASK_CONDITIONAL_SELECTION,TASK_DEPENDENT; MAY_USE_L1/UI_SUPPORT,DO_NOT_USE_AS_LANGUAGE_LEVEL_PASS_FAIL,LearningStrategy / LearningStrategyEvent,PHASE7_LEXICON; PHASE8_TASKS; PHASE9_FORM; PHASE11_INTERCULTURAL_WHEN_RELEVANT,Normalized procedural family and locator only; consult the source for exact protected formulation/examples.,https://cvc.cervantes.es/Ensenanza/biblioteca_ele/plan_curricular/niveles/13_procedimientos_aprendizaje_inventario.htm,1.27
LP-A1-089,PCIC13_PROCEDURE_FAMILY_UNGRADED,1.4.2,Reformulación o resumen,INTERLOCUTOR_REFORMULATION,SOCIAL_CONFLICT_MANAGEMENT,SINGLE_UNSCALED_LIST,NOT_AN_A1_ASSERTION_BY_PCIC,UNSCALED_PCIC_LEARNING_POOL,AVAILABLE_FOR_TASK_CONDITIONAL_SELECTION,TASK_DEPENDENT; MAY_USE_L1/UI_SUPPORT,DO_NOT_USE_AS_LANGUAGE_LEVEL_PASS_FAIL,LearningStrategy / LearningStrategyEvent,PHASE7_LEXICON; PHASE8_TASKS; PHASE9_FORM; PHASE11_INTERCULTURAL_WHEN_RELEVANT,Normalized procedural family and locator only; consult the source for exact protected formulation/examples.,https://cvc.cervantes.es/Ensenanza/biblioteca_ele/plan_curricular/niveles/13_procedimientos_aprendizaje_inventario.htm,1.27
LP-A1-090,PCIC13_PROCEDURE_FAMILY_UNGRADED,1.4.2,Preguntas abiertas/cerradas,REFLECTIVE_QUESTIONING,SOCIAL_CONFLICT_MANAGEMENT,SINGLE_UNSCALED_LIST,NOT_AN_A1_ASSERTION_BY_PCIC,UNSCALED_PCIC_LEARNING_POOL,AVAILABLE_FOR_TASK_CONDITIONAL_SELECTION,TASK_DEPENDENT; MAY_USE_L1/UI_SUPPORT,DO_NOT_USE_AS_LANGUAGE_LEVEL_PASS_FAIL,LearningStrategy / LearningStrategyEvent,PHASE7_LEXICON; PHASE8_TASKS; PHASE9_FORM; PHASE11_INTERCULTURAL_WHEN_RELEVANT,Normalized procedural family and locator only; consult the source for exact protected formulation/examples.,https://cvc.cervantes.es/Ensenanza/biblioteca_ele/plan_curricular/niveles/13_procedimientos_aprendizaje_inventario.htm,1.27
LP-A1-091,PCIC13_PROCEDURE_FAMILY_UNGRADED,1.4.2,Elogio,PEER_PRAISE,SOCIAL_CONFLICT_MANAGEMENT,SINGLE_UNSCALED_LIST,NOT_AN_A1_ASSERTION_BY_PCIC,UNSCALED_PCIC_LEARNING_POOL,AVAILABLE_FOR_TASK_CONDITIONAL_SELECTION,TASK_DEPENDENT; MAY_USE_L1/UI_SUPPORT,DO_NOT_USE_AS_LANGUAGE_LEVEL_PASS_FAIL,LearningStrategy / LearningStrategyEvent,PHASE7_LEXICON; PHASE8_TASKS; PHASE9_FORM; PHASE11_INTERCULTURAL_WHEN_RELEVANT,Normalized procedural family and locator only; consult the source for exact protected formulation/examples.,https://cvc.cervantes.es/Ensenanza/biblioteca_ele/plan_curricular/niveles/13_procedimientos_aprendizaje_inventario.htm,1.27
LP-A1-092,PCIC13_PROCEDURE_FAMILY_UNGRADED,2.1.1,Propósitos explícitos,TASK_EXPLICIT_PURPOSE,TASK_PLANNING,SINGLE_UNSCALED_LIST,NOT_AN_A1_ASSERTION_BY_PCIC,UNSCALED_PCIC_LEARNING_POOL,AVAILABLE_FOR_TASK_CONDITIONAL_SELECTION,TASK_DEPENDENT; MAY_USE_L1/UI_SUPPORT,DO_NOT_USE_AS_LANGUAGE_LEVEL_PASS_FAIL,LearningStrategy / LearningStrategyEvent,PHASE7_LEXICON; PHASE8_TASKS; PHASE9_FORM; PHASE11_INTERCULTURAL_WHEN_RELEVANT,Normalized procedural family and locator only; consult the source for exact protected formulation/examples.,https://cvc.cervantes.es/Ensenanza/biblioteca_ele/plan_curricular/niveles/13_procedimientos_aprendizaje_inventario.htm,1.27
LP-A1-093,PCIC13_PROCEDURE_FAMILY_UNGRADED,2.1.1,Propósitos implícitos,TASK_IMPLICIT_LEARNING_PURPOSE,TASK_PLANNING,SINGLE_UNSCALED_LIST,NOT_AN_A1_ASSERTION_BY_PCIC,UNSCALED_PCIC_LEARNING_POOL,AVAILABLE_FOR_TASK_CONDITIONAL_SELECTION,TASK_DEPENDENT; MAY_USE_L1/UI_SUPPORT,DO_NOT_USE_AS_LANGUAGE_LEVEL_PASS_FAIL,LearningStrategy / LearningStrategyEvent,PHASE7_LEXICON; PHASE8_TASKS; PHASE9_FORM; PHASE11_INTERCULTURAL_WHEN_RELEVANT,Normalized procedural family and locator only; consult the source for exact protected formulation/examples.,https://cvc.cervantes.es/Ensenanza/biblioteca_ele/plan_curricular/niveles/13_procedimientos_aprendizaje_inventario.htm,1.27
LP-A1-094,PCIC13_PROCEDURE_FAMILY_UNGRADED,2.1.1,Intenciones respecto a la tarea,TASK_INTENTION_SETTING,TASK_PLANNING,SINGLE_UNSCALED_LIST,NOT_AN_A1_ASSERTION_BY_PCIC,UNSCALED_PCIC_LEARNING_POOL,AVAILABLE_FOR_TASK_CONDITIONAL_SELECTION,TASK_DEPENDENT; MAY_USE_L1/UI_SUPPORT,DO_NOT_USE_AS_LANGUAGE_LEVEL_PASS_FAIL,LearningStrategy / LearningStrategyEvent,PHASE7_LEXICON; PHASE8_TASKS; PHASE9_FORM; PHASE11_INTERCULTURAL_WHEN_RELEVANT,Normalized procedural family and locator only; consult the source for exact protected formulation/examples.,https://cvc.cervantes.es/Ensenanza/biblioteca_ele/plan_curricular/niveles/13_procedimientos_aprendizaje_inventario.htm,1.27
LP-A1-095,PCIC13_PROCEDURE_FAMILY_UNGRADED,2.1.2,Análisis de la tarea,TASK_DESCRIPTOR_ANALYSIS,TASK_PLANNING,SINGLE_UNSCALED_LIST,NOT_AN_A1_ASSERTION_BY_PCIC,UNSCALED_PCIC_LEARNING_POOL,AVAILABLE_FOR_TASK_CONDITIONAL_SELECTION,TASK_DEPENDENT; MAY_USE_L1/UI_SUPPORT,DO_NOT_USE_AS_LANGUAGE_LEVEL_PASS_FAIL,LearningStrategy / LearningStrategyEvent,PHASE7_LEXICON; PHASE8_TASKS; PHASE9_FORM; PHASE11_INTERCULTURAL_WHEN_RELEVANT,Normalized procedural family and locator only; consult the source for exact protected formulation/examples.,https://cvc.cervantes.es/Ensenanza/biblioteca_ele/plan_curricular/niveles/13_procedimientos_aprendizaje_inventario.htm,1.27
LP-A1-096,PCIC13_PROCEDURE_FAMILY_UNGRADED,2.1.3,Diagnóstico de recursos,TASK_RESOURCE_DIAGNOSIS,TASK_PLANNING,SINGLE_UNSCALED_LIST,NOT_AN_A1_ASSERTION_BY_PCIC,UNSCALED_PCIC_LEARNING_POOL,AVAILABLE_FOR_TASK_CONDITIONAL_SELECTION,TASK_DEPENDENT; MAY_USE_L1/UI_SUPPORT,DO_NOT_USE_AS_LANGUAGE_LEVEL_PASS_FAIL,LearningStrategy / LearningStrategyEvent,PHASE7_LEXICON; PHASE8_TASKS; PHASE9_FORM; PHASE11_INTERCULTURAL_WHEN_RELEVANT,Normalized procedural family and locator only; consult the source for exact protected formulation/examples.,https://cvc.cervantes.es/Ensenanza/biblioteca_ele/plan_curricular/niveles/13_procedimientos_aprendizaje_inventario.htm,1.27
LP-A1-097,PCIC13_PROCEDURE_FAMILY_UNGRADED,2.1.4,Planificación funcional,TASK_STEP_TIME_PLANNING,TASK_PLANNING,SINGLE_UNSCALED_LIST,NOT_AN_A1_ASSERTION_BY_PCIC,UNSCALED_PCIC_LEARNING_POOL,AVAILABLE_FOR_TASK_CONDITIONAL_SELECTION,TASK_DEPENDENT; MAY_USE_L1/UI_SUPPORT,DO_NOT_USE_AS_LANGUAGE_LEVEL_PASS_FAIL,LearningStrategy / LearningStrategyEvent,PHASE7_LEXICON; PHASE8_TASKS; PHASE9_FORM; PHASE11_INTERCULTURAL_WHEN_RELEVANT,Normalized procedural family and locator only; consult the source for exact protected formulation/examples.,https://cvc.cervantes.es/Ensenanza/biblioteca_ele/plan_curricular/niveles/13_procedimientos_aprendizaje_inventario.htm,1.27
LP-A1-098,PCIC13_PROCEDURE_FAMILY_UNGRADED,2.1.5,Decisión de procedimientos,TASK_PROCEDURE_SELECTION,TASK_PLANNING,SINGLE_UNSCALED_LIST,NOT_AN_A1_ASSERTION_BY_PCIC,UNSCALED_PCIC_LEARNING_POOL,AVAILABLE_FOR_TASK_CONDITIONAL_SELECTION,TASK_DEPENDENT; MAY_USE_L1/UI_SUPPORT,DO_NOT_USE_AS_LANGUAGE_LEVEL_PASS_FAIL,LearningStrategy / LearningStrategyEvent,PHASE7_LEXICON; PHASE8_TASKS; PHASE9_FORM; PHASE11_INTERCULTURAL_WHEN_RELEVANT,Normalized procedural family and locator only; consult the source for exact protected formulation/examples.,https://cvc.cervantes.es/Ensenanza/biblioteca_ele/plan_curricular/niveles/13_procedimientos_aprendizaje_inventario.htm,1.27
LP-A1-099,PCIC13_PROCEDURE_FAMILY_UNGRADED,2.1.6,Monitorización del proceso,TASK_PROCESS_MONITORING,TASK_PLANNING,SINGLE_UNSCALED_LIST,NOT_AN_A1_ASSERTION_BY_PCIC,UNSCALED_PCIC_LEARNING_POOL,AVAILABLE_FOR_TASK_CONDITIONAL_SELECTION,TASK_DEPENDENT; MAY_USE_L1/UI_SUPPORT,DO_NOT_USE_AS_LANGUAGE_LEVEL_PASS_FAIL,LearningStrategy / LearningStrategyEvent,PHASE7_LEXICON; PHASE8_TASKS; PHASE9_FORM; PHASE11_INTERCULTURAL_WHEN_RELEVANT,Normalized procedural family and locator only; consult the source for exact protected formulation/examples.,https://cvc.cervantes.es/Ensenanza/biblioteca_ele/plan_curricular/niveles/13_procedimientos_aprendizaje_inventario.htm,1.27
LP-A1-100,PCIC13_PROCEDURE_FAMILY_UNGRADED,2.2.1,Procesamiento y asimilación,TASK_LANGUAGE_PROCESSING_APPLICATION,TASK_EXECUTION,SINGLE_UNSCALED_LIST,NOT_AN_A1_ASSERTION_BY_PCIC,UNSCALED_PCIC_LEARNING_POOL,AVAILABLE_FOR_TASK_CONDITIONAL_SELECTION,TASK_DEPENDENT; MAY_USE_L1/UI_SUPPORT,DO_NOT_USE_AS_LANGUAGE_LEVEL_PASS_FAIL,LearningStrategy / LearningStrategyEvent,PHASE7_LEXICON; PHASE8_TASKS; PHASE9_FORM; PHASE11_INTERCULTURAL_WHEN_RELEVANT,Normalized procedural family and locator only; consult the source for exact protected formulation/examples.,https://cvc.cervantes.es/Ensenanza/biblioteca_ele/plan_curricular/niveles/13_procedimientos_aprendizaje_inventario.htm,1.27
LP-A1-101,PCIC13_PROCEDURE_FAMILY_UNGRADED,2.2.2,Gestión afectiva,TASK_AFFECTIVE_REGULATION_APPLICATION,TASK_EXECUTION,SINGLE_UNSCALED_LIST,NOT_AN_A1_ASSERTION_BY_PCIC,UNSCALED_PCIC_LEARNING_POOL,AVAILABLE_FOR_TASK_CONDITIONAL_SELECTION,TASK_DEPENDENT; MAY_USE_L1/UI_SUPPORT,DO_NOT_USE_AS_LANGUAGE_LEVEL_PASS_FAIL,LearningStrategy / LearningStrategyEvent,PHASE7_LEXICON; PHASE8_TASKS; PHASE9_FORM; PHASE11_INTERCULTURAL_WHEN_RELEVANT,Normalized procedural family and locator only; consult the source for exact protected formulation/examples.,https://cvc.cervantes.es/Ensenanza/biblioteca_ele/plan_curricular/niveles/13_procedimientos_aprendizaje_inventario.htm,1.27
LP-A1-102,PCIC13_PROCEDURE_FAMILY_UNGRADED,2.2.3,Cooperación,TASK_COOPERATION_APPLICATION,TASK_EXECUTION,SINGLE_UNSCALED_LIST,NOT_AN_A1_ASSERTION_BY_PCIC,UNSCALED_PCIC_LEARNING_POOL,AVAILABLE_FOR_TASK_CONDITIONAL_SELECTION,TASK_DEPENDENT; MAY_USE_L1/UI_SUPPORT,DO_NOT_USE_AS_LANGUAGE_LEVEL_PASS_FAIL,LearningStrategy / LearningStrategyEvent,PHASE7_LEXICON; PHASE8_TASKS; PHASE9_FORM; PHASE11_INTERCULTURAL_WHEN_RELEVANT,Normalized procedural family and locator only; consult the source for exact protected formulation/examples.,https://cvc.cervantes.es/Ensenanza/biblioteca_ele/plan_curricular/niveles/13_procedimientos_aprendizaje_inventario.htm,1.27
LP-A1-103,PCIC13_PROCEDURE_FAMILY_UNGRADED,2.3.1,Evaluación del producto,TASK_PRODUCT_EVALUATION,TASK_EVALUATION,SINGLE_UNSCALED_LIST,NOT_AN_A1_ASSERTION_BY_PCIC,UNSCALED_PCIC_LEARNING_POOL,AVAILABLE_FOR_TASK_CONDITIONAL_SELECTION,TASK_DEPENDENT; MAY_USE_L1/UI_SUPPORT,DO_NOT_USE_AS_LANGUAGE_LEVEL_PASS_FAIL,LearningStrategy / LearningStrategyEvent,PHASE7_LEXICON; PHASE8_TASKS; PHASE9_FORM; PHASE11_INTERCULTURAL_WHEN_RELEVANT,Normalized procedural family and locator only; consult the source for exact protected formulation/examples.,https://cvc.cervantes.es/Ensenanza/biblioteca_ele/plan_curricular/niveles/13_procedimientos_aprendizaje_inventario.htm,1.27
LP-A1-104,PCIC13_PROCEDURE_FAMILY_UNGRADED,2.3.2,Contribución a objetivos,TASK_GOAL_CONTRIBUTION_EVALUATION,TASK_EVALUATION,SINGLE_UNSCALED_LIST,NOT_AN_A1_ASSERTION_BY_PCIC,UNSCALED_PCIC_LEARNING_POOL,AVAILABLE_FOR_TASK_CONDITIONAL_SELECTION,TASK_DEPENDENT; MAY_USE_L1/UI_SUPPORT,DO_NOT_USE_AS_LANGUAGE_LEVEL_PASS_FAIL,LearningStrategy / LearningStrategyEvent,PHASE7_LEXICON; PHASE8_TASKS; PHASE9_FORM; PHASE11_INTERCULTURAL_WHEN_RELEVANT,Normalized procedural family and locator only; consult the source for exact protected formulation/examples.,https://cvc.cervantes.es/Ensenanza/biblioteca_ele/plan_curricular/niveles/13_procedimientos_aprendizaje_inventario.htm,1.27
LP-A1-105,PCIC13_PROCEDURE_FAMILY_UNGRADED,2.4.1,Corrección y reparación,TASK_PRODUCT_REPAIR,TASK_REPAIR_TRANSFER,SINGLE_UNSCALED_LIST,NOT_AN_A1_ASSERTION_BY_PCIC,UNSCALED_PCIC_LEARNING_POOL,AVAILABLE_FOR_TASK_CONDITIONAL_SELECTION,TASK_DEPENDENT; MAY_USE_L1/UI_SUPPORT,DO_NOT_USE_AS_LANGUAGE_LEVEL_PASS_FAIL,LearningStrategy / LearningStrategyEvent,PHASE7_LEXICON; PHASE8_TASKS; PHASE9_FORM; PHASE11_INTERCULTURAL_WHEN_RELEVANT,Normalized procedural family and locator only; consult the source for exact protected formulation/examples.,https://cvc.cervantes.es/Ensenanza/biblioteca_ele/plan_curricular/niveles/13_procedimientos_aprendizaje_inventario.htm,1.27
LP-A1-106,PCIC13_PROCEDURE_FAMILY_UNGRADED,2.4.2,Transferencia a otras situaciones,TASK_STRATEGY_TRANSFER,TASK_REPAIR_TRANSFER,SINGLE_UNSCALED_LIST,NOT_AN_A1_ASSERTION_BY_PCIC,UNSCALED_PCIC_LEARNING_POOL,AVAILABLE_FOR_TASK_CONDITIONAL_SELECTION,TASK_DEPENDENT; MAY_USE_L1/UI_SUPPORT,DO_NOT_USE_AS_LANGUAGE_LEVEL_PASS_FAIL,LearningStrategy / LearningStrategyEvent,PHASE7_LEXICON; PHASE8_TASKS; PHASE9_FORM; PHASE11_INTERCULTURAL_WHEN_RELEVANT,Normalized procedural family and locator only; consult the source for exact protected formulation/examples.,https://cvc.cervantes.es/Ensenanza/biblioteca_ele/plan_curricular/niveles/13_procedimientos_aprendizaje_inventario.htm,1.27
LP-A1-107,PCIC13_SECTION_SUMMARY,1.1.1,,METACOGNITIVE_AWARENESS_AND_REGULATION,SECTION_TAXONOMY,SINGLE_UNSCALED_LIST,NOT_AN_A1_ASSERTION_BY_PCIC,STRUCTURAL_SOURCE_TAXONOMY,CURRICULUM_ORGANIZATION_ONLY,NOT_APPLICABLE,NOT_A_LEARNING_OUTCOME_BY_ITSELF,LearningStrategyCategory,PHASE12,Structural grouping reconstructed from PCIC-13 headings.,https://cvc.cervantes.es/Ensenanza/biblioteca_ele/plan_curricular/niveles/13_procedimientos_aprendizaje_inventario.htm,1.27
LP-A1-108,PCIC13_SECTION_SUMMARY,1.1.2,,LEARNING_PLANNING,SECTION_TAXONOMY,SINGLE_UNSCALED_LIST,NOT_AN_A1_ASSERTION_BY_PCIC,STRUCTURAL_SOURCE_TAXONOMY,CURRICULUM_ORGANIZATION_ONLY,NOT_APPLICABLE,NOT_A_LEARNING_OUTCOME_BY_ITSELF,LearningStrategyCategory,PHASE12,Structural grouping reconstructed from PCIC-13 headings.,https://cvc.cervantes.es/Ensenanza/biblioteca_ele/plan_curricular/niveles/13_procedimientos_aprendizaje_inventario.htm,1.27
LP-A1-109,PCIC13_SECTION_SUMMARY,1.1.3,,RESOURCE_OPPORTUNITY_MANAGEMENT,SECTION_TAXONOMY,SINGLE_UNSCALED_LIST,NOT_AN_A1_ASSERTION_BY_PCIC,STRUCTURAL_SOURCE_TAXONOMY,CURRICULUM_ORGANIZATION_ONLY,NOT_APPLICABLE,NOT_A_LEARNING_OUTCOME_BY_ITSELF,LearningStrategyCategory,PHASE12,Structural grouping reconstructed from PCIC-13 headings.,https://cvc.cervantes.es/Ensenanza/biblioteca_ele/plan_curricular/niveles/13_procedimientos_aprendizaje_inventario.htm,1.27
LP-A1-110,PCIC13_SECTION_SUMMARY,1.2.1,,ATTENTION,SECTION_TAXONOMY,SINGLE_UNSCALED_LIST,NOT_AN_A1_ASSERTION_BY_PCIC,STRUCTURAL_SOURCE_TAXONOMY,CURRICULUM_ORGANIZATION_ONLY,NOT_APPLICABLE,NOT_A_LEARNING_OUTCOME_BY_ITSELF,LearningStrategyCategory,PHASE12,Structural grouping reconstructed from PCIC-13 headings.,https://cvc.cervantes.es/Ensenanza/biblioteca_ele/plan_curricular/niveles/13_procedimientos_aprendizaje_inventario.htm,1.27
LP-A1-111,PCIC13_SECTION_SUMMARY,1.2.2,,ELABORATION_INTEGRATION,SECTION_TAXONOMY,SINGLE_UNSCALED_LIST,NOT_AN_A1_ASSERTION_BY_PCIC,STRUCTURAL_SOURCE_TAXONOMY,CURRICULUM_ORGANIZATION_ONLY,NOT_APPLICABLE,NOT_A_LEARNING_OUTCOME_BY_ITSELF,LearningStrategyCategory,PHASE12,Structural grouping reconstructed from PCIC-13 headings.,https://cvc.cervantes.es/Ensenanza/biblioteca_ele/plan_curricular/niveles/13_procedimientos_aprendizaje_inventario.htm,1.27
LP-A1-112,PCIC13_SECTION_SUMMARY,1.2.3,,MEMORY_STORAGE,SECTION_TAXONOMY,SINGLE_UNSCALED_LIST,NOT_AN_A1_ASSERTION_BY_PCIC,STRUCTURAL_SOURCE_TAXONOMY,CURRICULUM_ORGANIZATION_ONLY,NOT_APPLICABLE,NOT_A_LEARNING_OUTCOME_BY_ITSELF,LearningStrategyCategory,PHASE12,Structural grouping reconstructed from PCIC-13 headings.,https://cvc.cervantes.es/Ensenanza/biblioteca_ele/plan_curricular/niveles/13_procedimientos_aprendizaje_inventario.htm,1.27
LP-A1-113,PCIC13_SECTION_SUMMARY,1.2.4,,INFORMATION_RETRIEVAL,SECTION_TAXONOMY,SINGLE_UNSCALED_LIST,NOT_AN_A1_ASSERTION_BY_PCIC,STRUCTURAL_SOURCE_TAXONOMY,CURRICULUM_ORGANIZATION_ONLY,NOT_APPLICABLE,NOT_A_LEARNING_OUTCOME_BY_ITSELF,LearningStrategyCategory,PHASE12,Structural grouping reconstructed from PCIC-13 headings.,https://cvc.cervantes.es/Ensenanza/biblioteca_ele/plan_curricular/niveles/13_procedimientos_aprendizaje_inventario.htm,1.27
LP-A1-114,PCIC13_SECTION_SUMMARY,1.2.5,,REHEARSAL_PRACTICE,SECTION_TAXONOMY,SINGLE_UNSCALED_LIST,NOT_AN_A1_ASSERTION_BY_PCIC,STRUCTURAL_SOURCE_TAXONOMY,CURRICULUM_ORGANIZATION_ONLY,NOT_APPLICABLE,NOT_A_LEARNING_OUTCOME_BY_ITSELF,LearningStrategyCategory,PHASE12,Structural grouping reconstructed from PCIC-13 headings.,https://cvc.cervantes.es/Ensenanza/biblioteca_ele/plan_curricular/niveles/13_procedimientos_aprendizaje_inventario.htm,1.27
LP-A1-115,PCIC13_SECTION_SUMMARY,1.2.6,,COMPENSATION,SECTION_TAXONOMY,SINGLE_UNSCALED_LIST,NOT_AN_A1_ASSERTION_BY_PCIC,STRUCTURAL_SOURCE_TAXONOMY,CURRICULUM_ORGANIZATION_ONLY,NOT_APPLICABLE,NOT_A_LEARNING_OUTCOME_BY_ITSELF,LearningStrategyCategory,PHASE12,Structural grouping reconstructed from PCIC-13 headings.,https://cvc.cervantes.es/Ensenanza/biblioteca_ele/plan_curricular/niveles/13_procedimientos_aprendizaje_inventario.htm,1.27
LP-A1-116,PCIC13_SECTION_SUMMARY,1.2.7,,PRODUCT_EVALUATION,SECTION_TAXONOMY,SINGLE_UNSCALED_LIST,NOT_AN_A1_ASSERTION_BY_PCIC,STRUCTURAL_SOURCE_TAXONOMY,CURRICULUM_ORGANIZATION_ONLY,NOT_APPLICABLE,NOT_A_LEARNING_OUTCOME_BY_ITSELF,LearningStrategyCategory,PHASE12,Structural grouping reconstructed from PCIC-13 headings.,https://cvc.cervantes.es/Ensenanza/biblioteca_ele/plan_curricular/niveles/13_procedimientos_aprendizaje_inventario.htm,1.27
LP-A1-117,PCIC13_SECTION_SUMMARY,1.2.8,,PRODUCT_REPAIR,SECTION_TAXONOMY,SINGLE_UNSCALED_LIST,NOT_AN_A1_ASSERTION_BY_PCIC,STRUCTURAL_SOURCE_TAXONOMY,CURRICULUM_ORGANIZATION_ONLY,NOT_APPLICABLE,NOT_A_LEARNING_OUTCOME_BY_ITSELF,LearningStrategyCategory,PHASE12,Structural grouping reconstructed from PCIC-13 headings.,https://cvc.cervantes.es/Ensenanza/biblioteca_ele/plan_curricular/niveles/13_procedimientos_aprendizaje_inventario.htm,1.27
LP-A1-118,PCIC13_SECTION_SUMMARY,1.3.1,,ANXIETY,SECTION_TAXONOMY,SINGLE_UNSCALED_LIST,NOT_AN_A1_ASSERTION_BY_PCIC,STRUCTURAL_SOURCE_TAXONOMY,CURRICULUM_ORGANIZATION_ONLY,NOT_APPLICABLE,NOT_A_LEARNING_OUTCOME_BY_ITSELF,LearningStrategyCategory,PHASE12,Structural grouping reconstructed from PCIC-13 headings.,https://cvc.cervantes.es/Ensenanza/biblioteca_ele/plan_curricular/niveles/13_procedimientos_aprendizaje_inventario.htm,1.27
LP-A1-119,PCIC13_SECTION_SUMMARY,1.3.2,,SELF_CONCEPT,SECTION_TAXONOMY,SINGLE_UNSCALED_LIST,NOT_AN_A1_ASSERTION_BY_PCIC,STRUCTURAL_SOURCE_TAXONOMY,CURRICULUM_ORGANIZATION_ONLY,NOT_APPLICABLE,NOT_A_LEARNING_OUTCOME_BY_ITSELF,LearningStrategyCategory,PHASE12,Structural grouping reconstructed from PCIC-13 headings.,https://cvc.cervantes.es/Ensenanza/biblioteca_ele/plan_curricular/niveles/13_procedimientos_aprendizaje_inventario.htm,1.27
LP-A1-120,PCIC13_SECTION_SUMMARY,1.3.3,,EMOTIONS_REACTIONS,SECTION_TAXONOMY,SINGLE_UNSCALED_LIST,NOT_AN_A1_ASSERTION_BY_PCIC,STRUCTURAL_SOURCE_TAXONOMY,CURRICULUM_ORGANIZATION_ONLY,NOT_APPLICABLE,NOT_A_LEARNING_OUTCOME_BY_ITSELF,LearningStrategyCategory,PHASE12,Structural grouping reconstructed from PCIC-13 headings.,https://cvc.cervantes.es/Ensenanza/biblioteca_ele/plan_curricular/niveles/13_procedimientos_aprendizaje_inventario.htm,1.27
LP-A1-121,PCIC13_SECTION_SUMMARY,1.3.4,,INTRINSIC_MOTIVATION,SECTION_TAXONOMY,SINGLE_UNSCALED_LIST,NOT_AN_A1_ASSERTION_BY_PCIC,STRUCTURAL_SOURCE_TAXONOMY,CURRICULUM_ORGANIZATION_ONLY,NOT_APPLICABLE,NOT_A_LEARNING_OUTCOME_BY_ITSELF,LearningStrategyCategory,PHASE12,Structural grouping reconstructed from PCIC-13 headings.,https://cvc.cervantes.es/Ensenanza/biblioteca_ele/plan_curricular/niveles/13_procedimientos_aprendizaje_inventario.htm,1.27
LP-A1-122,PCIC13_SECTION_SUMMARY,1.3.5,,EXTRINSIC_MOTIVATION,SECTION_TAXONOMY,SINGLE_UNSCALED_LIST,NOT_AN_A1_ASSERTION_BY_PCIC,STRUCTURAL_SOURCE_TAXONOMY,CURRICULUM_ORGANIZATION_ONLY,NOT_APPLICABLE,NOT_A_LEARNING_OUTCOME_BY_ITSELF,LearningStrategyCategory,PHASE12,Structural grouping reconstructed from PCIC-13 headings.,https://cvc.cervantes.es/Ensenanza/biblioteca_ele/plan_curricular/niveles/13_procedimientos_aprendizaje_inventario.htm,1.27
LP-A1-123,PCIC13_SECTION_SUMMARY,1.4.1,,COOPERATIVE_GROUP_PARTICIPATION,SECTION_TAXONOMY,SINGLE_UNSCALED_LIST,NOT_AN_A1_ASSERTION_BY_PCIC,STRUCTURAL_SOURCE_TAXONOMY,CURRICULUM_ORGANIZATION_ONLY,NOT_APPLICABLE,NOT_A_LEARNING_OUTCOME_BY_ITSELF,LearningStrategyCategory,PHASE12,Structural grouping reconstructed from PCIC-13 headings.,https://cvc.cervantes.es/Ensenanza/biblioteca_ele/plan_curricular/niveles/13_procedimientos_aprendizaje_inventario.htm,1.27
LP-A1-124,PCIC13_SECTION_SUMMARY,1.4.2,,SOCIAL_INTERACTION_CONFLICT_MANAGEMENT,SECTION_TAXONOMY,SINGLE_UNSCALED_LIST,NOT_AN_A1_ASSERTION_BY_PCIC,STRUCTURAL_SOURCE_TAXONOMY,CURRICULUM_ORGANIZATION_ONLY,NOT_APPLICABLE,NOT_A_LEARNING_OUTCOME_BY_ITSELF,LearningStrategyCategory,PHASE12,Structural grouping reconstructed from PCIC-13 headings.,https://cvc.cervantes.es/Ensenanza/biblioteca_ele/plan_curricular/niveles/13_procedimientos_aprendizaje_inventario.htm,1.27
LP-A1-125,PCIC13_SECTION_SUMMARY,2.1,,TASK_PLANNING,SECTION_TAXONOMY,SINGLE_UNSCALED_LIST,NOT_AN_A1_ASSERTION_BY_PCIC,STRUCTURAL_SOURCE_TAXONOMY,CURRICULUM_ORGANIZATION_ONLY,NOT_APPLICABLE,NOT_A_LEARNING_OUTCOME_BY_ITSELF,LearningStrategyCategory,PHASE12,Structural grouping reconstructed from PCIC-13 headings.,https://cvc.cervantes.es/Ensenanza/biblioteca_ele/plan_curricular/niveles/13_procedimientos_aprendizaje_inventario.htm,1.27
LP-A1-126,PCIC13_SECTION_SUMMARY,2.2,,TASK_EXECUTION,SECTION_TAXONOMY,SINGLE_UNSCALED_LIST,NOT_AN_A1_ASSERTION_BY_PCIC,STRUCTURAL_SOURCE_TAXONOMY,CURRICULUM_ORGANIZATION_ONLY,NOT_APPLICABLE,NOT_A_LEARNING_OUTCOME_BY_ITSELF,LearningStrategyCategory,PHASE12,Structural grouping reconstructed from PCIC-13 headings.,https://cvc.cervantes.es/Ensenanza/biblioteca_ele/plan_curricular/niveles/13_procedimientos_aprendizaje_inventario.htm,1.27
LP-A1-127,PCIC13_SECTION_SUMMARY,2.3,,TASK_EVALUATION_CONTROL,SECTION_TAXONOMY,SINGLE_UNSCALED_LIST,NOT_AN_A1_ASSERTION_BY_PCIC,STRUCTURAL_SOURCE_TAXONOMY,CURRICULUM_ORGANIZATION_ONLY,NOT_APPLICABLE,NOT_A_LEARNING_OUTCOME_BY_ITSELF,LearningStrategyCategory,PHASE12,Structural grouping reconstructed from PCIC-13 headings.,https://cvc.cervantes.es/Ensenanza/biblioteca_ele/plan_curricular/niveles/13_procedimientos_aprendizaje_inventario.htm,1.27
LP-A1-128,PCIC13_SECTION_SUMMARY,2.4,,TASK_REPAIR_TRANSFER,SECTION_TAXONOMY,SINGLE_UNSCALED_LIST,NOT_AN_A1_ASSERTION_BY_PCIC,STRUCTURAL_SOURCE_TAXONOMY,CURRICULUM_ORGANIZATION_ONLY,NOT_APPLICABLE,NOT_A_LEARNING_OUTCOME_BY_ITSELF,LearningStrategyCategory,PHASE12,Structural grouping reconstructed from PCIC-13 headings.,https://cvc.cervantes.es/Ensenanza/biblioteca_ele/plan_curricular/niveles/13_procedimientos_aprendizaje_inventario.htm,1.27
LP-A1-129,EARLY_A1_AUTONOMY_TOOLKIT_NON_NORMATIVE,CROSSWALK,TK01,TASK_GOAL_PREVIEW,EARLY_IMPLEMENTATION,EDITORIAL_IMPLEMENTATION_NOT_PCIC_LEVEL,A1_IMPLEMENTATION_CANDIDATE_NON_NORMATIVE,LOW_LANGUAGE_DEMAND_PLUS_PCIC13_FAMILY_ALIGNMENT,IMPLEMENT_OPTIONALLY_FROM_A1_WITH_SCAFFOLDING,CAN_BE_DONE_WITH_ICONS_L1_OR_MINIMAL_SPANISH,FORMATIVE_USAGE_EVENT_ONLY,TASK_HEADER_ICON_OR_L1,PLATFORM_ARCHITECTURE; PHASE7_LEXICAL_HISTORY; PHASE16_SEQUENCING_FUTURE,Identify what a task asks and its expected output,https://cvc.cervantes.es/Ensenanza/biblioteca_ele/plan_curricular/niveles/13_procedimientos_aprendizaje_inventario.htm ; https://cvc.cervantes.es/ensenanza/biblioteca_ELE/plan_curricular/niveles/01_objetivos_relacion_a1-a2.htm,1.27
LP-A1-130,EARLY_A1_AUTONOMY_TOOLKIT_NON_NORMATIVE,CROSSWALK,TK02,MICRO_GOAL_SELECTION,EARLY_IMPLEMENTATION,EDITORIAL_IMPLEMENTATION_NOT_PCIC_LEVEL,A1_IMPLEMENTATION_CANDIDATE_NON_NORMATIVE,LOW_LANGUAGE_DEMAND_PLUS_PCIC13_FAMILY_ALIGNMENT,IMPLEMENT_OPTIONALLY_FROM_A1_WITH_SCAFFOLDING,CAN_BE_DONE_WITH_ICONS_L1_OR_MINIMAL_SPANISH,FORMATIVE_USAGE_EVENT_ONLY,OPTIONAL_L1_OR_SIMPLE_UI,PLATFORM_ARCHITECTURE; PHASE7_LEXICAL_HISTORY; PHASE16_SEQUENCING_FUTURE,Choose one small personal learning goal,https://cvc.cervantes.es/Ensenanza/biblioteca_ele/plan_curricular/niveles/13_procedimientos_aprendizaje_inventario.htm ; https://cvc.cervantes.es/ensenanza/biblioteca_ELE/plan_curricular/niveles/01_objetivos_relacion_a1-a2.htm,1.27
LP-A1-131,EARLY_A1_AUTONOMY_TOOLKIT_NON_NORMATIVE,CROSSWALK,TK03,SELF_ASSESS_LEXICAL_CONFIDENCE,EARLY_IMPLEMENTATION,EDITORIAL_IMPLEMENTATION_NOT_PCIC_LEVEL,A1_IMPLEMENTATION_CANDIDATE_NON_NORMATIVE,LOW_LANGUAGE_DEMAND_PLUS_PCIC13_FAMILY_ALIGNMENT,IMPLEMENT_OPTIONALLY_FROM_A1_WITH_SCAFFOLDING,CAN_BE_DONE_WITH_ICONS_L1_OR_MINIMAL_SPANISH,FORMATIVE_USAGE_EVENT_ONLY,EXISTING_LEXICAL_PANEL,PLATFORM_ARCHITECTURE; PHASE7_LEXICAL_HISTORY; PHASE16_SEQUENCING_FUTURE,Mark vocabulary confidence using NEW / LEARNING / KNOWN,https://cvc.cervantes.es/Ensenanza/biblioteca_ele/plan_curricular/niveles/13_procedimientos_aprendizaje_inventario.htm ; https://cvc.cervantes.es/ensenanza/biblioteca_ELE/plan_curricular/niveles/01_objetivos_relacion_a1-a2.htm,1.27
LP-A1-132,EARLY_A1_AUTONOMY_TOOLKIT_NON_NORMATIVE,CROSSWALK,TK04,CONTEXT_RETRIEVAL_STRATEGY,EARLY_IMPLEMENTATION,EDITORIAL_IMPLEMENTATION_NOT_PCIC_LEVEL,A1_IMPLEMENTATION_CANDIDATE_NON_NORMATIVE,LOW_LANGUAGE_DEMAND_PLUS_PCIC13_FAMILY_ALIGNMENT,IMPLEMENT_OPTIONALLY_FROM_A1_WITH_SCAFFOLDING,CAN_BE_DONE_WITH_ICONS_L1_OR_MINIMAL_SPANISH,FORMATIVE_USAGE_EVENT_ONLY,LEXICAL_HISTORY_PANEL,PLATFORM_ARCHITECTURE; PHASE7_LEXICAL_HISTORY; PHASE16_SEQUENCING_FUTURE,Look back at earlier story contexts before requesting an explanation,https://cvc.cervantes.es/Ensenanza/biblioteca_ele/plan_curricular/niveles/13_procedimientos_aprendizaje_inventario.htm ; https://cvc.cervantes.es/ensenanza/biblioteca_ELE/plan_curricular/niveles/01_objetivos_relacion_a1-a2.htm,1.27
LP-A1-133,EARLY_A1_AUTONOMY_TOOLKIT_NON_NORMATIVE,CROSSWALK,TK05,HELP_SEEKING_STRATEGY,EARLY_IMPLEMENTATION,EDITORIAL_IMPLEMENTATION_NOT_PCIC_LEVEL,A1_IMPLEMENTATION_CANDIDATE_NON_NORMATIVE,LOW_LANGUAGE_DEMAND_PLUS_PCIC13_FAMILY_ALIGNMENT,IMPLEMENT_OPTIONALLY_FROM_A1_WITH_SCAFFOLDING,CAN_BE_DONE_WITH_ICONS_L1_OR_MINIMAL_SPANISH,FORMATIVE_USAGE_EVENT_ONLY,HELP_BUTTON_OR_SIMPLE_LANGUAGE,PLATFORM_ARCHITECTURE; PHASE7_LEXICAL_HISTORY; PHASE16_SEQUENCING_FUTURE,"Request meaning, example, repetition or help when blocked",https://cvc.cervantes.es/Ensenanza/biblioteca_ele/plan_curricular/niveles/13_procedimientos_aprendizaje_inventario.htm ; https://cvc.cervantes.es/ensenanza/biblioteca_ELE/plan_curricular/niveles/01_objetivos_relacion_a1-a2.htm,1.27
LP-A1-134,EARLY_A1_AUTONOMY_TOOLKIT_NON_NORMATIVE,CROSSWALK,TK06,SELECTIVE_ATTENTION_STRATEGY,EARLY_IMPLEMENTATION,EDITORIAL_IMPLEMENTATION_NOT_PCIC_LEVEL,A1_IMPLEMENTATION_CANDIDATE_NON_NORMATIVE,LOW_LANGUAGE_DEMAND_PLUS_PCIC13_FAMILY_ALIGNMENT,IMPLEMENT_OPTIONALLY_FROM_A1_WITH_SCAFFOLDING,CAN_BE_DONE_WITH_ICONS_L1_OR_MINIMAL_SPANISH,FORMATIVE_USAGE_EVENT_ONLY,VISUAL_HIGHLIGHTING,PLATFORM_ARCHITECTURE; PHASE7_LEXICAL_HISTORY; PHASE16_SEQUENCING_FUTURE,Highlight or focus on one target feature in input,https://cvc.cervantes.es/Ensenanza/biblioteca_ele/plan_curricular/niveles/13_procedimientos_aprendizaje_inventario.htm ; https://cvc.cervantes.es/ensenanza/biblioteca_ELE/plan_curricular/niveles/01_objetivos_relacion_a1-a2.htm,1.27
LP-A1-135,EARLY_A1_AUTONOMY_TOOLKIT_NON_NORMATIVE,CROSSWALK,TK07,CONTEXTUAL_INFERENCE_STRATEGY,EARLY_IMPLEMENTATION,EDITORIAL_IMPLEMENTATION_NOT_PCIC_LEVEL,A1_IMPLEMENTATION_CANDIDATE_NON_NORMATIVE,LOW_LANGUAGE_DEMAND_PLUS_PCIC13_FAMILY_ALIGNMENT,IMPLEMENT_OPTIONALLY_FROM_A1_WITH_SCAFFOLDING,CAN_BE_DONE_WITH_ICONS_L1_OR_MINIMAL_SPANISH,FORMATIVE_USAGE_EVENT_ONLY,DELAYED_REVEAL,PLATFORM_ARCHITECTURE; PHASE7_LEXICAL_HISTORY; PHASE16_SEQUENCING_FUTURE,Attempt inference from context before revealing the answer,https://cvc.cervantes.es/Ensenanza/biblioteca_ele/plan_curricular/niveles/13_procedimientos_aprendizaje_inventario.htm ; https://cvc.cervantes.es/ensenanza/biblioteca_ELE/plan_curricular/niveles/01_objetivos_relacion_a1-a2.htm,1.27
LP-A1-136,EARLY_A1_AUTONOMY_TOOLKIT_NON_NORMATIVE,CROSSWALK,TK08,VOCAB_ASSOCIATION_STRATEGY,EARLY_IMPLEMENTATION,EDITORIAL_IMPLEMENTATION_NOT_PCIC_LEVEL,A1_IMPLEMENTATION_CANDIDATE_NON_NORMATIVE,LOW_LANGUAGE_DEMAND_PLUS_PCIC13_FAMILY_ALIGNMENT,IMPLEMENT_OPTIONALLY_FROM_A1_WITH_SCAFFOLDING,CAN_BE_DONE_WITH_ICONS_L1_OR_MINIMAL_SPANISH,FORMATIVE_USAGE_EVENT_ONLY,TAG_OR_CLUSTER_UI,PLATFORM_ARCHITECTURE; PHASE7_LEXICAL_HISTORY; PHASE16_SEQUENCING_FUTURE,Group or associate new vocabulary by meaning/context,https://cvc.cervantes.es/Ensenanza/biblioteca_ele/plan_curricular/niveles/13_procedimientos_aprendizaje_inventario.htm ; https://cvc.cervantes.es/ensenanza/biblioteca_ELE/plan_curricular/niveles/01_objetivos_relacion_a1-a2.htm,1.27
LP-A1-137,EARLY_A1_AUTONOMY_TOOLKIT_NON_NORMATIVE,CROSSWALK,TK09,CONTEXTUALIZATION_STRATEGY,EARLY_IMPLEMENTATION,EDITORIAL_IMPLEMENTATION_NOT_PCIC_LEVEL,A1_IMPLEMENTATION_CANDIDATE_NON_NORMATIVE,LOW_LANGUAGE_DEMAND_PLUS_PCIC13_FAMILY_ALIGNMENT,IMPLEMENT_OPTIONALLY_FROM_A1_WITH_SCAFFOLDING,CAN_BE_DONE_WITH_ICONS_L1_OR_MINIMAL_SPANISH,FORMATIVE_USAGE_EVENT_ONLY,OWN_STORY_CONTEXT_FIRST,PLATFORM_ARCHITECTURE; PHASE7_LEXICAL_HISTORY; PHASE16_SEQUENCING_FUTURE,Attach a new item to a meaningful story/example,https://cvc.cervantes.es/Ensenanza/biblioteca_ele/plan_curricular/niveles/13_procedimientos_aprendizaje_inventario.htm ; https://cvc.cervantes.es/ensenanza/biblioteca_ELE/plan_curricular/niveles/01_objetivos_relacion_a1-a2.htm,1.27
LP-A1-138,EARLY_A1_AUTONOMY_TOOLKIT_NON_NORMATIVE,CROSSWALK,TK10,PERIODIC_REVIEW_STRATEGY,EARLY_IMPLEMENTATION,EDITORIAL_IMPLEMENTATION_NOT_PCIC_LEVEL,A1_IMPLEMENTATION_CANDIDATE_NON_NORMATIVE,LOW_LANGUAGE_DEMAND_PLUS_PCIC13_FAMILY_ALIGNMENT,IMPLEMENT_OPTIONALLY_FROM_A1_WITH_SCAFFOLDING,CAN_BE_DONE_WITH_ICONS_L1_OR_MINIMAL_SPANISH,FORMATIVE_USAGE_EVENT_ONLY,SIMPLE_REVIEW_QUEUE_NOT_ADVANCED_SRS,PLATFORM_ARCHITECTURE; PHASE7_LEXICAL_HISTORY; PHASE16_SEQUENCING_FUTURE,Review previously encountered material periodically,https://cvc.cervantes.es/Ensenanza/biblioteca_ele/plan_curricular/niveles/13_procedimientos_aprendizaje_inventario.htm ; https://cvc.cervantes.es/ensenanza/biblioteca_ELE/plan_curricular/niveles/01_objetivos_relacion_a1-a2.htm,1.27
LP-A1-139,EARLY_A1_AUTONOMY_TOOLKIT_NON_NORMATIVE,CROSSWALK,TK11,SELF_CORRECTION_STRATEGY,EARLY_IMPLEMENTATION,EDITORIAL_IMPLEMENTATION_NOT_PCIC_LEVEL,A1_IMPLEMENTATION_CANDIDATE_NON_NORMATIVE,LOW_LANGUAGE_DEMAND_PLUS_PCIC13_FAMILY_ALIGNMENT,IMPLEMENT_OPTIONALLY_FROM_A1_WITH_SCAFFOLDING,CAN_BE_DONE_WITH_ICONS_L1_OR_MINIMAL_SPANISH,FORMATIVE_USAGE_EVENT_ONLY,MODEL_COMPARISON,PLATFORM_ARCHITECTURE; PHASE7_LEXICAL_HISTORY; PHASE16_SEQUENCING_FUTURE,Compare an answer with a model and repair it,https://cvc.cervantes.es/Ensenanza/biblioteca_ele/plan_curricular/niveles/13_procedimientos_aprendizaje_inventario.htm ; https://cvc.cervantes.es/ensenanza/biblioteca_ELE/plan_curricular/niveles/01_objetivos_relacion_a1-a2.htm,1.27
LP-A1-140,EARLY_A1_AUTONOMY_TOOLKIT_NON_NORMATIVE,CROSSWALK,TK12,TASK_REFLECTION_STRATEGY,EARLY_IMPLEMENTATION,EDITORIAL_IMPLEMENTATION_NOT_PCIC_LEVEL,A1_IMPLEMENTATION_CANDIDATE_NON_NORMATIVE,LOW_LANGUAGE_DEMAND_PLUS_PCIC13_FAMILY_ALIGNMENT,IMPLEMENT_OPTIONALLY_FROM_A1_WITH_SCAFFOLDING,CAN_BE_DONE_WITH_ICONS_L1_OR_MINIMAL_SPANISH,FORMATIVE_USAGE_EVENT_ONLY,POST_TASK_REFLECTION,PLATFORM_ARCHITECTURE; PHASE7_LEXICAL_HISTORY; PHASE16_SEQUENCING_FUTURE,Record perceived difficulty/progress after a task,https://cvc.cervantes.es/Ensenanza/biblioteca_ele/plan_curricular/niveles/13_procedimientos_aprendizaje_inventario.htm ; https://cvc.cervantes.es/ensenanza/biblioteca_ELE/plan_curricular/niveles/01_objetivos_relacion_a1-a2.htm,1.27
LP-A1-141,STRUCTURAL_RULE,RULE,SR01,PCIC13_UNSCALED,GOVERNANCE,META,NOT_APPLICABLE,METHODOLOGICAL_RULE,ENFORCE_IN_CURRICULUM_AND_PRODUCT,NOT_APPLICABLE,NOT_APPLICABLE,CurriculumValidationRule,PHASE7F_PROVENANCE; PHASE12,PCIC-13 is a single ungraded list; no item is A1 by position alone.,https://cvc.cervantes.es/Ensenanza/biblioteca_ele/plan_curricular/niveles/13_procedimientos_aprendizaje_introduccion.htm,1.27
LP-A1-142,STRUCTURAL_RULE,RULE,SR02,PROCEDURE_NOT_STRATEGY,GOVERNANCE,META,NOT_APPLICABLE,METHODOLOGICAL_RULE,ENFORCE_IN_CURRICULUM_AND_PRODUCT,NOT_APPLICABLE,NOT_APPLICABLE,CurriculumValidationRule,PHASE7F_PROVENANCE; PHASE12,A procedure becomes strategic only when consciously selected/evaluated for a goal.,https://cvc.cervantes.es/Ensenanza/biblioteca_ele/plan_curricular/niveles/13_procedimientos_aprendizaje_introduccion.htm,1.27
LP-A1-143,STRUCTURAL_RULE,RULE,SR03,NO_RECIPE_SEQUENCE,GOVERNANCE,META,NOT_APPLICABLE,METHODOLOGICAL_RULE,ENFORCE_IN_CURRICULUM_AND_PRODUCT,NOT_APPLICABLE,NOT_APPLICABLE,CurriculumValidationRule,PHASE7F_PROVENANCE; PHASE12,The inventory is not a fixed recipe or mandatory sequence.,https://cvc.cervantes.es/Ensenanza/biblioteca_ele/plan_curricular/niveles/13_procedimientos_aprendizaje_introduccion.htm,1.27
LP-A1-144,STRUCTURAL_RULE,RULE,SR04,TASK_CONDITIONALITY,GOVERNANCE,META,NOT_APPLICABLE,METHODOLOGICAL_RULE,ENFORCE_IN_CURRICULUM_AND_PRODUCT,NOT_APPLICABLE,NOT_APPLICABLE,CurriculumValidationRule,PHASE7F_PROVENANCE; PHASE12,"Procedure usefulness depends on task, learner and context.",https://cvc.cervantes.es/Ensenanza/biblioteca_ele/plan_curricular/niveles/13_procedimientos_aprendizaje_introduccion.htm,1.27
LP-A1-145,STRUCTURAL_RULE,RULE,SR05,AUTONOMY_NOT_LANGUAGE_LEVEL,GOVERNANCE,META,NOT_APPLICABLE,METHODOLOGICAL_RULE,ENFORCE_IN_CURRICULUM_AND_PRODUCT,NOT_APPLICABLE,NOT_APPLICABLE,CurriculumValidationRule,PHASE7F_PROVENANCE; PHASE12,Learning autonomy is not a lexical/grammar proficiency score.,https://cvc.cervantes.es/Ensenanza/biblioteca_ele/plan_curricular/niveles/13_procedimientos_aprendizaje_introduccion.htm,1.27
LP-A1-146,STRUCTURAL_RULE,RULE,SR06,AFFECT_NOT_PASS_FAIL,GOVERNANCE,META,NOT_APPLICABLE,METHODOLOGICAL_RULE,ENFORCE_IN_CURRICULUM_AND_PRODUCT,NOT_APPLICABLE,NOT_APPLICABLE,CurriculumValidationRule,PHASE7F_PROVENANCE; PHASE12,"Anxiety, self-concept or motivation are not CEFR pass/fail variables.",https://cvc.cervantes.es/Ensenanza/biblioteca_ele/plan_curricular/niveles/13_procedimientos_aprendizaje_introduccion.htm,1.27
LP-A1-147,STRUCTURAL_RULE,RULE,SR07,COOPERATION_NOT_LANGUAGE_LEVEL,GOVERNANCE,META,NOT_APPLICABLE,METHODOLOGICAL_RULE,ENFORCE_IN_CURRICULUM_AND_PRODUCT,NOT_APPLICABLE,NOT_APPLICABLE,CurriculumValidationRule,PHASE7F_PROVENANCE; PHASE12,Cooperation quality is not evidence of A1 linguistic mastery.,https://cvc.cervantes.es/Ensenanza/biblioteca_ele/plan_curricular/niveles/13_procedimientos_aprendizaje_introduccion.htm,1.27
LP-A1-148,STRUCTURAL_RULE,RULE,SR08,TOOL_USE_NOT_LEXICAL_ASSERTION,GOVERNANCE,META,NOT_APPLICABLE,METHODOLOGICAL_RULE,ENFORCE_IN_CURRICULUM_AND_PRODUCT,NOT_APPLICABLE,NOT_APPLICABLE,CurriculumValidationRule,PHASE7F_PROVENANCE; PHASE12,Dictionary/translator/technology examples do not create A1 vocabulary assertions.,https://cvc.cervantes.es/Ensenanza/biblioteca_ele/plan_curricular/niveles/13_procedimientos_aprendizaje_introduccion.htm,1.27
LP-A1-149,STRUCTURAL_RULE,RULE,SR09,SRS_NOT_MANDATED,GOVERNANCE,META,NOT_APPLICABLE,METHODOLOGICAL_RULE,ENFORCE_IN_CURRICULUM_AND_PRODUCT,NOT_APPLICABLE,NOT_APPLICABLE,CurriculumValidationRule,PHASE7F_PROVENANCE; PHASE12,Periodic review in PCIC does not prescribe a specific spaced-repetition algorithm.,https://cvc.cervantes.es/Ensenanza/biblioteca_ele/plan_curricular/niveles/13_procedimientos_aprendizaje_introduccion.htm,1.27
LP-A1-150,STRUCTURAL_RULE,RULE,SR10,PRODUCT_ARCH_SEPARATION,GOVERNANCE,META,NOT_APPLICABLE,METHODOLOGICAL_RULE,ENFORCE_IN_CURRICULUM_AND_PRODUCT,NOT_APPLICABLE,NOT_APPLICABLE,CurriculumValidationRule,PHASE7F_PROVENANCE; PHASE12,"Learning-strategy events belong to a learning/autonomy layer, not the Lexical Engine core taxonomy.",https://cvc.cervantes.es/Ensenanza/biblioteca_ele/plan_curricular/niveles/13_procedimientos_aprendizaje_introduccion.htm,1.27
LP-A1-151,CROSS_PHASE_RESOLUTION,PHASE11_NEXT,PHASE12_RESOLVED,PCIC13_LEARNING_COMPONENT_ESTABLISHED,CROSS_PHASE,META,COMPLETE,SOURCE_AUDIT_COMPLETE,CLOSE_PHASE12,NOT_APPLICABLE,NOT_APPLICABLE,CurriculumVersion,PHASE11 -> PHASE12,Resolves the learning-procedures component explicitly deferred at the end of Phase 11.,https://cvc.cervantes.es/Ensenanza/biblioteca_ele/plan_curricular/niveles/13_procedimientos_aprendizaje_inventario.htm,1.27
