record_id,record_type,domain,source_section,level,item,orthography_object_type,regional_scope,crossref,evidence_gate,baseline_action,notes,source_id,source_url,curriculum_version
9B-0001,A1_ORTHOGRAPHY_ITEM,Ortografía de letras y palabras,1.1 Abecedario,A1,Nombre de las letras del abecedario/alfabeto,ALPHABET_KNOWLEDGE,,,PCIC_A1_EXPLICIT,NO_LEXICAL_BASELINE_CHANGE,,PCIC-04,https://cvc.cervantes.es/ensenanza/biblioteca_ele/plan_curricular/niveles/04_ortografia_inventario_a1-a2.htm,v1.24
9B-0002,A1_ORTHOGRAPHY_ITEM,Ortografía de letras y palabras,1.1 Abecedario,A1,"Letras con varios nombres en español: b, r/rr, v, w, y, z",LETTER_NAME_VARIATION,,,PCIC_A1_EXPLICIT,NO_LEXICAL_BASELINE_CHANGE,,PCIC-04,https://cvc.cervantes.es/ensenanza/biblioteca_ele/plan_curricular/niveles/04_ortografia_inventario_a1-a2.htm,v1.24
9B-0003,A1_ORTHOGRAPHY_ITEM,Ortografía de letras y palabras,1.1 Abecedario,A1,"Plural de las letras: aes, bes, ces…",LETTER_PLURAL,,,PCIC_A1_EXPLICIT,NO_LEXICAL_BASELINE_CHANGE,,PCIC-04,https://cvc.cervantes.es/ensenanza/biblioteca_ele/plan_curricular/niveles/04_ortografia_inventario_a1-a2.htm,v1.24
9B-0004,A1_ORTHOGRAPHY_ITEM,Ortografía de letras y palabras,1.1 Abecedario,A1,"Más de una letra para un sonido: b/v→/b/, g(e,i)/j→/x/, k/qu/c(a,o,u)→/k/",GRAPHEME_PHONEME_MAPPING,,,PCIC_A1_EXPLICIT,NO_LEXICAL_BASELINE_CHANGE,,PCIC-04,https://cvc.cervantes.es/ensenanza/biblioteca_ele/plan_curricular/niveles/04_ortografia_inventario_a1-a2.htm,v1.24
9B-0005,A1_ORTHOGRAPHY_ITEM,Ortografía de letras y palabras,1.1 Abecedario,A1,Una letra para más de un sonido: w→/u/ o /b/; y→/y/ o /i/,GRAPHEME_PHONEME_MAPPING,,,PCIC_A1_EXPLICIT,NO_LEXICAL_BASELINE_CHANGE,,PCIC-04,https://cvc.cervantes.es/ensenanza/biblioteca_ele/plan_curricular/niveles/04_ortografia_inventario_a1-a2.htm,v1.24
9B-0006,A1_ORTHOGRAPHY_ITEM,Ortografía de letras y palabras,1.1 Abecedario,A1,Dígrafos ch y ll,DIGRAPH,,,PCIC_A1_EXPLICIT,NO_LEXICAL_BASELINE_CHANGE,,PCIC-04,https://cvc.cervantes.es/ensenanza/biblioteca_ele/plan_curricular/niveles/04_ortografia_inventario_a1-a2.htm,v1.24
9B-0007,A1_ORTHOGRAPHY_ITEM,Ortografía de letras y palabras,1.1 Abecedario,A1,Deletreo,SPELLING_OUT,,,PCIC_A1_EXPLICIT,NO_LEXICAL_BASELINE_CHANGE,,PCIC-04,https://cvc.cervantes.es/ensenanza/biblioteca_ele/plan_curricular/niveles/04_ortografia_inventario_a1-a2.htm,v1.24
9B-0008,A1_ORTHOGRAPHY_ITEM,Ortografía de letras y palabras,1.1 Abecedario,A1,Escasa frecuencia de consonantes idénticas contiguas,ORTHOTACTIC_PATTERN,,,PCIC_A1_EXPLICIT,NO_LEXICAL_BASELINE_CHANGE,,PCIC-04,https://cvc.cervantes.es/ensenanza/biblioteca_ele/plan_curricular/niveles/04_ortografia_inventario_a1-a2.htm,v1.24
9B-0009,A1_ORTHOGRAPHY_ITEM,Ortografía de letras y palabras,1.2 Vocales,A1,"a, e, i, o, u y representación de /a e i o u/",GRAPHEME_PHONEME_MAPPING,,,PCIC_A1_EXPLICIT,NO_LEXICAL_BASELINE_CHANGE,,PCIC-04,https://cvc.cervantes.es/ensenanza/biblioteca_ele/plan_curricular/niveles/04_ortografia_inventario_a1-a2.htm,v1.24
9B-0010,A1_ORTHOGRAPHY_ITEM,Ortografía de letras y palabras,1.2 Vocales,A1,Las vocales pueden llevar tilde,ACCENTABILITY,,,PCIC_A1_EXPLICIT,NO_LEXICAL_BASELINE_CHANGE,,PCIC-04,https://cvc.cervantes.es/ensenanza/biblioteca_ele/plan_curricular/niveles/04_ortografia_inventario_a1-a2.htm,v1.24
9B-0011,A1_ORTHOGRAPHY_ITEM,Ortografía de letras y palabras,1.2 Vocales,A1,Formas contractas al y del,WORD_FORM_ORTHOGRAPHY,,,PCIC_A1_EXPLICIT,NO_LEXICAL_BASELINE_CHANGE,,PCIC-04,https://cvc.cervantes.es/ensenanza/biblioteca_ele/plan_curricular/niveles/04_ortografia_inventario_a1-a2.htm,v1.24
9B-0012,A1_ORTHOGRAPHY_ITEM,Ortografía de letras y palabras,1.2 Vocales,A1,Conjunción e frente a y ante sonido /i/ inicial,CONJUNCTION_ALTERNATION,,,PCIC_A1_EXPLICIT,NO_LEXICAL_BASELINE_CHANGE,,PCIC-04,https://cvc.cervantes.es/ensenanza/biblioteca_ele/plan_curricular/niveles/04_ortografia_inventario_a1-a2.htm,v1.24
9B-0013,A1_ORTHOGRAPHY_ITEM,Ortografía de letras y palabras,1.2 Vocales,A1,En interrogativas se mantiene y ante i: ¿Y Inmaculada?,CONJUNCTION_ALTERNATION,,,PCIC_A1_EXPLICIT,NO_LEXICAL_BASELINE_CHANGE,,PCIC-04,https://cvc.cervantes.es/ensenanza/biblioteca_ele/plan_curricular/niveles/04_ortografia_inventario_a1-a2.htm,v1.24
9B-0014,A1_ORTHOGRAPHY_ITEM,Ortografía de letras y palabras,1.2 Vocales,A1,Conjunción u frente a o ante sonido /o/ inicial,CONJUNCTION_ALTERNATION,,,PCIC_A1_EXPLICIT,NO_LEXICAL_BASELINE_CHANGE,,PCIC-04,https://cvc.cervantes.es/ensenanza/biblioteca_ele/plan_curricular/niveles/04_ortografia_inventario_a1-a2.htm,v1.24
9B-0015,A1_ORTHOGRAPHY_ITEM,Ortografía de letras y palabras,1.3.1 b/v/w,A1,b representa /b/,GRAPHEME_PHONEME_MAPPING,,,PCIC_A1_EXPLICIT,NO_LEXICAL_BASELINE_CHANGE,,PCIC-04,https://cvc.cervantes.es/ensenanza/biblioteca_ele/plan_curricular/niveles/04_ortografia_inventario_a1-a2.htm,v1.24
9B-0016,A1_ORTHOGRAPHY_ITEM,Ortografía de letras y palabras,1.3.1 b/v/w,A1,v representa /b/,GRAPHEME_PHONEME_MAPPING,,,PCIC_A1_EXPLICIT,NO_LEXICAL_BASELINE_CHANGE,,PCIC-04,https://cvc.cervantes.es/ensenanza/biblioteca_ele/plan_curricular/niveles/04_ortografia_inventario_a1-a2.htm,v1.24
9B-0017,A1_ORTHOGRAPHY_ITEM,Ortografía de letras y palabras,1.3.1 b/v/w,A1,v en presente de indicativo de ir,MORPHOLOGICAL_SPELLING,,,PCIC_A1_EXPLICIT,NO_LEXICAL_BASELINE_CHANGE,,PCIC-04,https://cvc.cervantes.es/ensenanza/biblioteca_ele/plan_curricular/niveles/04_ortografia_inventario_a1-a2.htm,v1.24
9B-0018,A1_ORTHOGRAPHY_ITEM,Ortografía de letras y palabras,1.3.1 b/v/w,A1,w representa /w/ en voces no adaptadas del inglés,GRAPHEME_PHONEME_MAPPING,,,PCIC_A1_EXPLICIT,NO_LEXICAL_BASELINE_CHANGE,,PCIC-04,https://cvc.cervantes.es/ensenanza/biblioteca_ele/plan_curricular/niveles/04_ortografia_inventario_a1-a2.htm,v1.24
9B-0019,A1_ORTHOGRAPHY_ITEM,Ortografía de letras y palabras,1.3.2 c/k/q/z/ch,A1,"c representa /k/ ante a, o, u, consonante y final de sílaba",GRAPHEME_PHONEME_MAPPING,,,PCIC_A1_EXPLICIT,NO_LEXICAL_BASELINE_CHANGE,,PCIC-04,https://cvc.cervantes.es/ensenanza/biblioteca_ele/plan_curricular/niveles/04_ortografia_inventario_a1-a2.htm,v1.24
9B-0020,A1_ORTHOGRAPHY_ITEM,Ortografía de letras y palabras,1.3.2 c/k/q/z/ch,A1,"c representa /θ/ ante e, i en variedades distinguidoras",GRAPHEME_PHONEME_MAPPING,,,PCIC_A1_EXPLICIT,NO_LEXICAL_BASELINE_CHANGE,,PCIC-04,https://cvc.cervantes.es/ensenanza/biblioteca_ele/plan_curricular/niveles/04_ortografia_inventario_a1-a2.htm,v1.24
9B-0021,A1_ORTHOGRAPHY_ITEM,Ortografía de letras y palabras,1.3.2 c/k/q/z/ch,A1,"Posibilidad de cc en español: lección, dirección, diccionario",LETTER_SEQUENCE,,,PCIC_A1_EXPLICIT,NO_LEXICAL_BASELINE_CHANGE,,PCIC-04,https://cvc.cervantes.es/ensenanza/biblioteca_ele/plan_curricular/niveles/04_ortografia_inventario_a1-a2.htm,v1.24
9B-0022,A1_ORTHOGRAPHY_ITEM,Ortografía de letras y palabras,1.3.2 c/k/q/z/ch,A1,k representa /k/,GRAPHEME_PHONEME_MAPPING,,,PCIC_A1_EXPLICIT,NO_LEXICAL_BASELINE_CHANGE,,PCIC-04,https://cvc.cervantes.es/ensenanza/biblioteca_ele/plan_curricular/niveles/04_ortografia_inventario_a1-a2.htm,v1.24
9B-0023,A1_ORTHOGRAPHY_ITEM,Ortografía de letras y palabras,1.3.2 c/k/q/z/ch,A1,"qu ante e, i representa /k/",DIGRAPH_MAPPING,,,PCIC_A1_EXPLICIT,NO_LEXICAL_BASELINE_CHANGE,,PCIC-04,https://cvc.cervantes.es/ensenanza/biblioteca_ele/plan_curricular/niveles/04_ortografia_inventario_a1-a2.htm,v1.24
9B-0024,A1_ORTHOGRAPHY_ITEM,Ortografía de letras y palabras,1.3.2 c/k/q/z/ch,A1,"z representa /θ/ ante a, o, u en variedades distinguidoras",GRAPHEME_PHONEME_MAPPING,,,PCIC_A1_EXPLICIT,NO_LEXICAL_BASELINE_CHANGE,,PCIC-04,https://cvc.cervantes.es/ensenanza/biblioteca_ele/plan_curricular/niveles/04_ortografia_inventario_a1-a2.htm,v1.24
9B-0025,A1_ORTHOGRAPHY_ITEM,Ortografía de letras y palabras,1.3.2 c/k/q/z/ch,A1,z en final de sílaba/palabra,POSITIONAL_SPELLING,,,PCIC_A1_EXPLICIT,NO_LEXICAL_BASELINE_CHANGE,,PCIC-04,https://cvc.cervantes.es/ensenanza/biblioteca_ele/plan_curricular/niveles/04_ortografia_inventario_a1-a2.htm,v1.24
9B-0026,A1_ORTHOGRAPHY_ITEM,Ortografía de letras y palabras,1.3.2 c/k/q/z/ch,A1,ch representa /tʃ/,DIGRAPH_MAPPING,,,PCIC_A1_EXPLICIT,NO_LEXICAL_BASELINE_CHANGE,,PCIC-04,https://cvc.cervantes.es/ensenanza/biblioteca_ele/plan_curricular/niveles/04_ortografia_inventario_a1-a2.htm,v1.24
9B-0027,A1_ORTHOGRAPHY_ITEM,Ortografía de letras y palabras,1.3.3 g/j,A1,"g representa /g/ ante a, o, u y consonante",GRAPHEME_PHONEME_MAPPING,,,PCIC_A1_EXPLICIT,NO_LEXICAL_BASELINE_CHANGE,,PCIC-04,https://cvc.cervantes.es/ensenanza/biblioteca_ele/plan_curricular/niveles/04_ortografia_inventario_a1-a2.htm,v1.24
9B-0028,A1_ORTHOGRAPHY_ITEM,Ortografía de letras y palabras,1.3.3 g/j,A1,"g representa /x/ ante e, i",GRAPHEME_PHONEME_MAPPING,,,PCIC_A1_EXPLICIT,NO_LEXICAL_BASELINE_CHANGE,,PCIC-04,https://cvc.cervantes.es/ensenanza/biblioteca_ele/plan_curricular/niveles/04_ortografia_inventario_a1-a2.htm,v1.24
9B-0029,A1_ORTHOGRAPHY_ITEM,Ortografía de letras y palabras,1.3.3 g/j,A1,"gu ante e, i representa /g/",DIGRAPH_MAPPING,,,PCIC_A1_EXPLICIT,NO_LEXICAL_BASELINE_CHANGE,,PCIC-04,https://cvc.cervantes.es/ensenanza/biblioteca_ele/plan_curricular/niveles/04_ortografia_inventario_a1-a2.htm,v1.24
9B-0030,A1_ORTHOGRAPHY_ITEM,Ortografía de letras y palabras,1.3.3 g/j,A1,j representa /x/,GRAPHEME_PHONEME_MAPPING,,,PCIC_A1_EXPLICIT,NO_LEXICAL_BASELINE_CHANGE,,PCIC-04,https://cvc.cervantes.es/ensenanza/biblioteca_ele/plan_curricular/niveles/04_ortografia_inventario_a1-a2.htm,v1.24
9B-0031,A1_ORTHOGRAPHY_ITEM,Ortografía de letras y palabras,1.3.4 h,A1,h corresponde a ausencia de sonido,SILENT_LETTER,,,PCIC_A1_EXPLICIT,NO_LEXICAL_BASELINE_CHANGE,,PCIC-04,https://cvc.cervantes.es/ensenanza/biblioteca_ele/plan_curricular/niveles/04_ortografia_inventario_a1-a2.htm,v1.24
9B-0032,A1_ORTHOGRAPHY_ITEM,Ortografía de letras y palabras,1.3.4 h,A1,h en inicio de palabra,POSITIONAL_SPELLING,,,PCIC_A1_EXPLICIT,NO_LEXICAL_BASELINE_CHANGE,,PCIC-04,https://cvc.cervantes.es/ensenanza/biblioteca_ele/plan_curricular/niveles/04_ortografia_inventario_a1-a2.htm,v1.24
9B-0033,A1_ORTHOGRAPHY_ITEM,Ortografía de letras y palabras,1.3.4 h,A1,"Palabras procedentes de voces latinas con f inicial: hacer, hijo",LEXICAL_SPELLING_PATTERN,,,PCIC_A1_EXPLICIT,NO_LEXICAL_BASELINE_CHANGE,,PCIC-04,https://cvc.cervantes.es/ensenanza/biblioteca_ele/plan_curricular/niveles/04_ortografia_inventario_a1-a2.htm,v1.24
9B-0034,A1_ORTHOGRAPHY_ITEM,Ortografía de letras y palabras,1.3.5 y/ll,A1,y representa /i/ en diptongos/triptongos y como conjunción,GRAPHEME_PHONEME_MAPPING,,,PCIC_A1_EXPLICIT,NO_LEXICAL_BASELINE_CHANGE,,PCIC-04,https://cvc.cervantes.es/ensenanza/biblioteca_ele/plan_curricular/niveles/04_ortografia_inventario_a1-a2.htm,v1.24
9B-0035,A1_ORTHOGRAPHY_ITEM,Ortografía de letras y palabras,1.3.5 y/ll,A1,y representa consonante palatal ante vocal,GRAPHEME_PHONEME_MAPPING,,,PCIC_A1_EXPLICIT,NO_LEXICAL_BASELINE_CHANGE,,PCIC-04,https://cvc.cervantes.es/ensenanza/biblioteca_ele/plan_curricular/niveles/04_ortografia_inventario_a1-a2.htm,v1.24
9B-0036,A1_ORTHOGRAPHY_ITEM,Ortografía de letras y palabras,1.3.5 y/ll,A1,y cambia a e ante palabra con /i/ inicial,CONJUNCTION_ALTERNATION,,,PCIC_A1_EXPLICIT,NO_LEXICAL_BASELINE_CHANGE,,PCIC-04,https://cvc.cervantes.es/ensenanza/biblioteca_ele/plan_curricular/niveles/04_ortografia_inventario_a1-a2.htm,v1.24
9B-0037,A1_ORTHOGRAPHY_ITEM,Ortografía de letras y palabras,1.3.5 y/ll,A1,ll representa consonante lateral/palatal según variedad,DIGRAPH_MAPPING,,,PCIC_A1_EXPLICIT,NO_LEXICAL_BASELINE_CHANGE,,PCIC-04,https://cvc.cervantes.es/ensenanza/biblioteca_ele/plan_curricular/niveles/04_ortografia_inventario_a1-a2.htm,v1.24
9B-0038,A1_ORTHOGRAPHY_ITEM,Ortografía de letras y palabras,1.3.6 m/n/ñ,A1,m representa /m/ en inicio de palabra o sílaba,GRAPHEME_PHONEME_MAPPING,,,PCIC_A1_EXPLICIT,NO_LEXICAL_BASELINE_CHANGE,,PCIC-04,https://cvc.cervantes.es/ensenanza/biblioteca_ele/plan_curricular/niveles/04_ortografia_inventario_a1-a2.htm,v1.24
9B-0039,A1_ORTHOGRAPHY_ITEM,Ortografía de letras y palabras,1.3.6 m/n/ñ,A1,m/n ante p y b: patrón ortográfico básico,POSITIONAL_SPELLING,,,PCIC_A1_EXPLICIT,NO_LEXICAL_BASELINE_CHANGE,,PCIC-04,https://cvc.cervantes.es/ensenanza/biblioteca_ele/plan_curricular/niveles/04_ortografia_inventario_a1-a2.htm,v1.24
9B-0040,A1_ORTHOGRAPHY_ITEM,Ortografía de letras y palabras,1.3.6 m/n/ñ,A1,n representa /n/,GRAPHEME_PHONEME_MAPPING,,,PCIC_A1_EXPLICIT,NO_LEXICAL_BASELINE_CHANGE,,PCIC-04,https://cvc.cervantes.es/ensenanza/biblioteca_ele/plan_curricular/niveles/04_ortografia_inventario_a1-a2.htm,v1.24
9B-0041,A1_ORTHOGRAPHY_ITEM,Ortografía de letras y palabras,1.3.6 m/n/ñ,A1,ñ representa /ɲ/,GRAPHEME_PHONEME_MAPPING,,,PCIC_A1_EXPLICIT,NO_LEXICAL_BASELINE_CHANGE,,PCIC-04,https://cvc.cervantes.es/ensenanza/biblioteca_ele/plan_curricular/niveles/04_ortografia_inventario_a1-a2.htm,v1.24
9B-0042,A1_ORTHOGRAPHY_ITEM,Ortografía de letras y palabras,1.3.7 p,A1,p representa /p/,GRAPHEME_PHONEME_MAPPING,,,PCIC_A1_EXPLICIT,NO_LEXICAL_BASELINE_CHANGE,,PCIC-04,https://cvc.cervantes.es/ensenanza/biblioteca_ele/plan_curricular/niveles/04_ortografia_inventario_a1-a2.htm,v1.24
9B-0043,A1_ORTHOGRAPHY_ITEM,Ortografía de letras y palabras,1.3.7 p,A1,Grupo inicial ps-: psicólogo,CONSONANT_CLUSTER,,,PCIC_A1_EXPLICIT,NO_LEXICAL_BASELINE_CHANGE,,PCIC-04,https://cvc.cervantes.es/ensenanza/biblioteca_ele/plan_curricular/niveles/04_ortografia_inventario_a1-a2.htm,v1.24
9B-0044,A1_ORTHOGRAPHY_ITEM,Ortografía de letras y palabras,1.3.8 r/rr,A1,r representa vibrante simple en posiciones básicas,GRAPHEME_PHONEME_MAPPING,,,PCIC_A1_EXPLICIT,NO_LEXICAL_BASELINE_CHANGE,,PCIC-04,https://cvc.cervantes.es/ensenanza/biblioteca_ele/plan_curricular/niveles/04_ortografia_inventario_a1-a2.htm,v1.24
9B-0045,A1_ORTHOGRAPHY_ITEM,Ortografía de letras y palabras,1.3.8 r/rr,A1,r representa vibrante múltiple en inicio y tras consonante de sílaba distinta,GRAPHEME_PHONEME_MAPPING,,,PCIC_A1_EXPLICIT,NO_LEXICAL_BASELINE_CHANGE,,PCIC-04,https://cvc.cervantes.es/ensenanza/biblioteca_ele/plan_curricular/niveles/04_ortografia_inventario_a1-a2.htm,v1.24
9B-0046,A1_ORTHOGRAPHY_ITEM,Ortografía de letras y palabras,1.3.8 r/rr,A1,rr representa vibrante múltiple intervocálica,DIGRAPH_MAPPING,,,PCIC_A1_EXPLICIT,NO_LEXICAL_BASELINE_CHANGE,,PCIC-04,https://cvc.cervantes.es/ensenanza/biblioteca_ele/plan_curricular/niveles/04_ortografia_inventario_a1-a2.htm,v1.24
9B-0047,A1_ORTHOGRAPHY_ITEM,Ortografía de letras y palabras,1.3.9 s/x,A1,s representa /s/,GRAPHEME_PHONEME_MAPPING,,,PCIC_A1_EXPLICIT,NO_LEXICAL_BASELINE_CHANGE,,PCIC-04,https://cvc.cervantes.es/ensenanza/biblioteca_ele/plan_curricular/niveles/04_ortografia_inventario_a1-a2.htm,v1.24
9B-0048,A1_ORTHOGRAPHY_ITEM,Ortografía de letras y palabras,1.3.9 s/x,A1,x representa /ks/ o /gs/ en posición intervocálica/final de sílaba,GRAPHEME_PHONEME_MAPPING,,,PCIC_A1_EXPLICIT,NO_LEXICAL_BASELINE_CHANGE,,PCIC-04,https://cvc.cervantes.es/ensenanza/biblioteca_ele/plan_curricular/niveles/04_ortografia_inventario_a1-a2.htm,v1.24
9B-0049,A1_ORTHOGRAPHY_ITEM,Ortografía de letras y palabras,1.3.9 s/x,A1,x representa /s/ en inicio de palabra en algunos vocablos,GRAPHEME_PHONEME_MAPPING,,,PCIC_A1_EXPLICIT,NO_LEXICAL_BASELINE_CHANGE,,PCIC-04,https://cvc.cervantes.es/ensenanza/biblioteca_ele/plan_curricular/niveles/04_ortografia_inventario_a1-a2.htm,v1.24
9B-0050,A1_ORTHOGRAPHY_ITEM,Ortografía de letras y palabras,1.3.9 s/x,A1,"x representa /x/ en México, Oaxaca, Texas y derivados",LEXICAL_SPELLING_PATTERN,,,PCIC_A1_EXPLICIT,NO_LEXICAL_BASELINE_CHANGE,,PCIC-04,https://cvc.cervantes.es/ensenanza/biblioteca_ele/plan_curricular/niveles/04_ortografia_inventario_a1-a2.htm,v1.24
9B-0051,A1_ORTHOGRAPHY_ITEM,Ortografía de letras y palabras,1.3.10 t/d,A1,t representa /t/,GRAPHEME_PHONEME_MAPPING,,,PCIC_A1_EXPLICIT,NO_LEXICAL_BASELINE_CHANGE,,PCIC-04,https://cvc.cervantes.es/ensenanza/biblioteca_ele/plan_curricular/niveles/04_ortografia_inventario_a1-a2.htm,v1.24
9B-0052,A1_ORTHOGRAPHY_ITEM,Ortografía de letras y palabras,1.4 Mayúsculas,A1,Mayúsculas en vocales y consonantes,CAPITALIZATION,,,PCIC_A1_EXPLICIT,NO_LEXICAL_BASELINE_CHANGE,,PCIC-04,https://cvc.cervantes.es/ensenanza/biblioteca_ele/plan_curricular/niveles/04_ortografia_inventario_a1-a2.htm,v1.24
9B-0053,A1_ORTHOGRAPHY_ITEM,Ortografía de letras y palabras,1.4 Mayúsculas,A1,"Mayúscula en palabras que empiezan por dígrafo: China, Lluvia",CAPITALIZATION,,,PCIC_A1_EXPLICIT,NO_LEXICAL_BASELINE_CHANGE,,PCIC-04,https://cvc.cervantes.es/ensenanza/biblioteca_ele/plan_curricular/niveles/04_ortografia_inventario_a1-a2.htm,v1.24
9B-0054,A1_ORTHOGRAPHY_ITEM,Ortografía de letras y palabras,1.4 Mayúsculas,A1,Mayúscula I/J sin punto,CAPITALIZATION,,,PCIC_A1_EXPLICIT,NO_LEXICAL_BASELINE_CHANGE,,PCIC-04,https://cvc.cervantes.es/ensenanza/biblioteca_ele/plan_curricular/niveles/04_ortografia_inventario_a1-a2.htm,v1.24
9B-0055,A1_ORTHOGRAPHY_ITEM,Ortografía de letras y palabras,1.4 Mayúsculas,A1,Las mayúsculas conservan la tilde,CAPITALIZATION_ACCENT,,,PCIC_A1_EXPLICIT,NO_LEXICAL_BASELINE_CHANGE,,PCIC-04,https://cvc.cervantes.es/ensenanza/biblioteca_ele/plan_curricular/niveles/04_ortografia_inventario_a1-a2.htm,v1.24
9B-0056,A1_ORTHOGRAPHY_ITEM,Ortografía de letras y palabras,1.4 Mayúsculas,A1,Distinción mayúscula/minúscula en palabras o enunciados,CAPITALIZATION,,,PCIC_A1_EXPLICIT,NO_LEXICAL_BASELINE_CHANGE,,PCIC-04,https://cvc.cervantes.es/ensenanza/biblioteca_ele/plan_curricular/niveles/04_ortografia_inventario_a1-a2.htm,v1.24
9B-0057,A1_ORTHOGRAPHY_ITEM,Ortografía de letras y palabras,1.4 Mayúsculas,A1,"Mayúscula en nombres propios, apellidos, topónimos y nombres geográficos",CAPITALIZATION_SEMANTIC,,,PCIC_A1_EXPLICIT,NO_LEXICAL_BASELINE_CHANGE,,PCIC-04,https://cvc.cervantes.es/ensenanza/biblioteca_ele/plan_curricular/niveles/04_ortografia_inventario_a1-a2.htm,v1.24
9B-0058,A1_ORTHOGRAPHY_ITEM,Ortografía de letras y palabras,1.4 Mayúsculas,A1,"Mayúscula en abreviaturas de tratamiento: D., D.ª, Sr., Sra.",CAPITALIZATION_ABBREVIATION,,,PCIC_A1_EXPLICIT,NO_LEXICAL_BASELINE_CHANGE,,PCIC-04,https://cvc.cervantes.es/ensenanza/biblioteca_ele/plan_curricular/niveles/04_ortografia_inventario_a1-a2.htm,v1.24
9B-0059,A1_ORTHOGRAPHY_ITEM,Ortografía de letras y palabras,1.4 Mayúsculas,A1,Mayúscula en primera palabra de texto,CAPITALIZATION_PUNCTUATION,,,PCIC_A1_EXPLICIT,NO_LEXICAL_BASELINE_CHANGE,,PCIC-04,https://cvc.cervantes.es/ensenanza/biblioteca_ele/plan_curricular/niveles/04_ortografia_inventario_a1-a2.htm,v1.24
9B-0060,A1_ORTHOGRAPHY_ITEM,Ortografía de letras y palabras,1.4 Mayúsculas,A1,Mayúscula después de punto,CAPITALIZATION_PUNCTUATION,,,PCIC_A1_EXPLICIT,NO_LEXICAL_BASELINE_CHANGE,,PCIC-04,https://cvc.cervantes.es/ensenanza/biblioteca_ele/plan_curricular/niveles/04_ortografia_inventario_a1-a2.htm,v1.24
9B-0061,A1_ORTHOGRAPHY_ITEM,Ortografía de letras y palabras,1.4 Mayúsculas,A1,"Mayúscula después de cierre de interrogación/exclamación sin coma, punto y coma o dos puntos",CAPITALIZATION_PUNCTUATION,,,PCIC_A1_EXPLICIT,NO_LEXICAL_BASELINE_CHANGE,,PCIC-04,https://cvc.cervantes.es/ensenanza/biblioteca_ele/plan_curricular/niveles/04_ortografia_inventario_a1-a2.htm,v1.24
9B-0062,A1_ORTHOGRAPHY_ITEM,Ortografía de letras y palabras,1.5 Minúsculas iniciales,A1,Minúsculas en apellidos con artículo/preposición según posición,LOWERCASE_SEMANTIC,,,PCIC_A1_EXPLICIT,NO_LEXICAL_BASELINE_CHANGE,,PCIC-04,https://cvc.cervantes.es/ensenanza/biblioteca_ele/plan_curricular/niveles/04_ortografia_inventario_a1-a2.htm,v1.24
9B-0063,A1_ORTHOGRAPHY_ITEM,Ortografía de letras y palabras,1.5 Minúsculas iniciales,A1,Minúscula en tratamientos escritos como palabra: usted,LOWERCASE_SEMANTIC,,,PCIC_A1_EXPLICIT,NO_LEXICAL_BASELINE_CHANGE,,PCIC-04,https://cvc.cervantes.es/ensenanza/biblioteca_ele/plan_curricular/niveles/04_ortografia_inventario_a1-a2.htm,v1.24
9B-0064,A1_ORTHOGRAPHY_ITEM,Ortografía de letras y palabras,1.5 Minúsculas iniciales,A1,"Minúscula en divisiones geográficas y accidentes: calle, plaza, mar, sierra",LOWERCASE_SEMANTIC,,,PCIC_A1_EXPLICIT,NO_LEXICAL_BASELINE_CHANGE,,PCIC-04,https://cvc.cervantes.es/ensenanza/biblioteca_ele/plan_curricular/niveles/04_ortografia_inventario_a1-a2.htm,v1.24
9B-0065,A1_ORTHOGRAPHY_ITEM,Ortografía de letras y palabras,1.5 Minúsculas iniciales,A1,Minúscula en gentilicios,LOWERCASE_SEMANTIC,,,PCIC_A1_EXPLICIT,NO_LEXICAL_BASELINE_CHANGE,,PCIC-04,https://cvc.cervantes.es/ensenanza/biblioteca_ele/plan_curricular/niveles/04_ortografia_inventario_a1-a2.htm,v1.24
9B-0066,A1_ORTHOGRAPHY_ITEM,Ortografía de letras y palabras,1.5 Minúsculas iniciales,A1,Minúscula en abreviaturas como c/ y pl.,LOWERCASE_ABBREVIATION,,,PCIC_A1_EXPLICIT,NO_LEXICAL_BASELINE_CHANGE,,PCIC-04,https://cvc.cervantes.es/ensenanza/biblioteca_ele/plan_curricular/niveles/04_ortografia_inventario_a1-a2.htm,v1.24
9B-0067,A1_ORTHOGRAPHY_ITEM,Ortografía de letras y palabras,1.5 Minúsculas iniciales,A1,"Minúscula en días, meses y estaciones",LOWERCASE_SEMANTIC,,,PCIC_A1_EXPLICIT,NO_LEXICAL_BASELINE_CHANGE,,PCIC-04,https://cvc.cervantes.es/ensenanza/biblioteca_ele/plan_curricular/niveles/04_ortografia_inventario_a1-a2.htm,v1.24
9B-0068,A1_ORTHOGRAPHY_ITEM,Ortografía de letras y palabras,1.5 Minúsculas iniciales,A1,"Minúscula en monedas: euro, peso",LOWERCASE_SEMANTIC,,,PCIC_A1_EXPLICIT,NO_LEXICAL_BASELINE_CHANGE,,PCIC-04,https://cvc.cervantes.es/ensenanza/biblioteca_ele/plan_curricular/niveles/04_ortografia_inventario_a1-a2.htm,v1.24
9B-0069,A1_ORTHOGRAPHY_ITEM,Ortografía de letras y palabras,1.5 Minúsculas iniciales,A1,Minúscula después de dos puntos en continuidad de enunciado,LOWERCASE_PUNCTUATION,,,PCIC_A1_EXPLICIT,NO_LEXICAL_BASELINE_CHANGE,,PCIC-04,https://cvc.cervantes.es/ensenanza/biblioteca_ele/plan_curricular/niveles/04_ortografia_inventario_a1-a2.htm,v1.24
9B-0070,A1_ORTHOGRAPHY_ITEM,Ortografía de letras y palabras,1.5 Minúsculas iniciales,A1,"Minúscula tras ?/! cuando sigue coma, punto y coma o dos puntos",LOWERCASE_PUNCTUATION,,,PCIC_A1_EXPLICIT,NO_LEXICAL_BASELINE_CHANGE,,PCIC-04,https://cvc.cervantes.es/ensenanza/biblioteca_ele/plan_curricular/niveles/04_ortografia_inventario_a1-a2.htm,v1.24
9B-0071,A1_ORTHOGRAPHY_ITEM,Ortografía de letras y palabras,1.6 Tipos de letra,A1,"Letras voladas en abreviaturas frecuentes: D.ª, n.º, 1.º",ABBREVIATION_TYPOGRAPHY,,,PCIC_A1_EXPLICIT,NO_LEXICAL_BASELINE_CHANGE,,PCIC-04,https://cvc.cervantes.es/ensenanza/biblioteca_ele/plan_curricular/niveles/04_ortografia_inventario_a1-a2.htm,v1.24
9B-0072,A1_ORTHOGRAPHY_ITEM,Ortografía de letras y palabras,1.7 Ortografía de las palabras,A1,Grupos consonánticos inseparables en silabeo básico,SYLLABIFICATION,,,PCIC_A1_EXPLICIT,NO_LEXICAL_BASELINE_CHANGE,,PCIC-04,https://cvc.cervantes.es/ensenanza/biblioteca_ele/plan_curricular/niveles/04_ortografia_inventario_a1-a2.htm,v1.24
9B-0073,A1_ORTHOGRAPHY_ITEM,Ortografía de letras y palabras,1.7 Ortografía de las palabras,A1,Por qué / porque: escritura condicionada,HOMOPHONIC_ORTHOGRAPHY,,,PCIC_A1_EXPLICIT,NO_LEXICAL_BASELINE_CHANGE,,PCIC-04,https://cvc.cervantes.es/ensenanza/biblioteca_ele/plan_curricular/niveles/04_ortografia_inventario_a1-a2.htm,v1.24
9B-0074,A1_ORTHOGRAPHY_ITEM,Ortografía de letras y palabras,1.7 Ortografía de las palabras,A1,Cardinales escritos como palabra simple,NUMBER_ORTHOGRAPHY,,,PCIC_A1_EXPLICIT,NO_LEXICAL_BASELINE_CHANGE,,PCIC-04,https://cvc.cervantes.es/ensenanza/biblioteca_ele/plan_curricular/niveles/04_ortografia_inventario_a1-a2.htm,v1.24
9B-0075,A1_ORTHOGRAPHY_ITEM,Ortografía de letras y palabras,1.7 Ortografía de las palabras,A1,Cardinales escritos como palabra compuesta,NUMBER_ORTHOGRAPHY,,,PCIC_A1_EXPLICIT,NO_LEXICAL_BASELINE_CHANGE,,PCIC-04,https://cvc.cervantes.es/ensenanza/biblioteca_ele/plan_curricular/niveles/04_ortografia_inventario_a1-a2.htm,v1.24
9B-0076,A1_ORTHOGRAPHY_ITEM,Ortografía de letras y palabras,1.7 Ortografía de las palabras,A1,Cardinales escritos como combinación de palabras,NUMBER_ORTHOGRAPHY,,,PCIC_A1_EXPLICIT,NO_LEXICAL_BASELINE_CHANGE,,PCIC-04,https://cvc.cervantes.es/ensenanza/biblioteca_ele/plan_curricular/niveles/04_ortografia_inventario_a1-a2.htm,v1.24
9B-0077,A1_ORTHOGRAPHY_ITEM,Ortografía de letras y palabras,1.7 Ortografía de las palabras,A1,"Decimales con coma: 1,5",NUMBER_FORMAT,,,PCIC_A1_EXPLICIT,NO_LEXICAL_BASELINE_CHANGE,,PCIC-04,https://cvc.cervantes.es/ensenanza/biblioteca_ele/plan_curricular/niveles/04_ortografia_inventario_a1-a2.htm,v1.24
9B-0078,A1_ORTHOGRAPHY_ITEM,Ortografía de letras y palabras,1.7 Ortografía de las palabras,A1,"Fecha: orden, cifras/palabras, sin punto en años, minúscula en día/mes",DATE_FORMAT,,,PCIC_A1_EXPLICIT,NO_LEXICAL_BASELINE_CHANGE,,PCIC-04,https://cvc.cervantes.es/ensenanza/biblioteca_ele/plan_curricular/niveles/04_ortografia_inventario_a1-a2.htm,v1.24
9B-0079,A1_ORTHOGRAPHY_ITEM,Ortografía de letras y palabras,1.7 Ortografía de las palabras,A1,Hora cotidiana en formato de 12 horas,TIME_FORMAT,,,PCIC_A1_EXPLICIT,NO_LEXICAL_BASELINE_CHANGE,,PCIC-04,https://cvc.cervantes.es/ensenanza/biblioteca_ele/plan_curricular/niveles/04_ortografia_inventario_a1-a2.htm,v1.24
9B-0080,A1_ORTHOGRAPHY_ITEM,Ortografía de letras y palabras,1.7 Ortografía de las palabras,A1,Hora cotidiana en formato de 24 horas,TIME_FORMAT,,,PCIC_A1_EXPLICIT,NO_LEXICAL_BASELINE_CHANGE,,PCIC-04,https://cvc.cervantes.es/ensenanza/biblioteca_ele/plan_curricular/niveles/04_ortografia_inventario_a1-a2.htm,v1.24
9B-0081,A1_ORTHOGRAPHY_ITEM,Acentuación gráfica,2.1 Reglas generales,A1,Tilde en interrogativos y exclamativos,ACCENT_RULE,,,PCIC_A1_EXPLICIT,NO_LEXICAL_BASELINE_CHANGE,,PCIC-04,https://cvc.cervantes.es/ensenanza/biblioteca_ele/plan_curricular/niveles/04_ortografia_inventario_a1-a2.htm,v1.24
9B-0082,A1_ORTHOGRAPHY_ITEM,Acentuación gráfica,2.1 Reglas generales,A1,Tilde obligatoria también en mayúsculas,ACCENT_RULE,,,PCIC_A1_EXPLICIT,NO_LEXICAL_BASELINE_CHANGE,,PCIC-04,https://cvc.cervantes.es/ensenanza/biblioteca_ele/plan_curricular/niveles/04_ortografia_inventario_a1-a2.htm,v1.24
9B-0083,A1_ORTHOGRAPHY_ITEM,Acentuación gráfica,2.2 Tilde diacrítica,A1,Contraste diacrítico qué / que,DIACRITIC_ACCENT,,,PCIC_A1_EXPLICIT,NO_LEXICAL_BASELINE_CHANGE,,PCIC-04,https://cvc.cervantes.es/ensenanza/biblioteca_ele/plan_curricular/niveles/04_ortografia_inventario_a1-a2.htm,v1.24
9B-0084,A1_ORTHOGRAPHY_ITEM,Acentuación gráfica,2.2 Tilde diacrítica,A1,Contraste diacrítico él / el,DIACRITIC_ACCENT,,,PCIC_A1_EXPLICIT,NO_LEXICAL_BASELINE_CHANGE,,PCIC-04,https://cvc.cervantes.es/ensenanza/biblioteca_ele/plan_curricular/niveles/04_ortografia_inventario_a1-a2.htm,v1.24
9B-0085,A1_ORTHOGRAPHY_ITEM,Acentuación gráfica,2.2 Tilde diacrítica,A1,Contraste diacrítico te / té,DIACRITIC_ACCENT,,,PCIC_A1_EXPLICIT,NO_LEXICAL_BASELINE_CHANGE,,PCIC-04,https://cvc.cervantes.es/ensenanza/biblioteca_ele/plan_curricular/niveles/04_ortografia_inventario_a1-a2.htm,v1.24
9B-0086,A1_ORTHOGRAPHY_ITEM,Acentuación gráfica,2.2 Tilde diacrítica,A1,Contraste diacrítico se / sé,DIACRITIC_ACCENT,,,PCIC_A1_EXPLICIT,NO_LEXICAL_BASELINE_CHANGE,,PCIC-04,https://cvc.cervantes.es/ensenanza/biblioteca_ele/plan_curricular/niveles/04_ortografia_inventario_a1-a2.htm,v1.24
9B-0087,A1_ORTHOGRAPHY_ITEM,Acentuación gráfica,2.2 Tilde diacrítica,A1,Contraste diacrítico tu / tú,DIACRITIC_ACCENT,,,PCIC_A1_EXPLICIT,NO_LEXICAL_BASELINE_CHANGE,,PCIC-04,https://cvc.cervantes.es/ensenanza/biblioteca_ele/plan_curricular/niveles/04_ortografia_inventario_a1-a2.htm,v1.24
9B-0088,A1_ORTHOGRAPHY_ITEM,Puntuación,3.1 Punto,A1,"Punto y seguido, punto y aparte y punto final",PERIOD,,,PCIC_A1_EXPLICIT,NO_LEXICAL_BASELINE_CHANGE,,PCIC-04,https://cvc.cervantes.es/ensenanza/biblioteca_ele/plan_curricular/niveles/04_ortografia_inventario_a1-a2.htm,v1.24
9B-0089,A1_ORTHOGRAPHY_ITEM,Puntuación,3.1 Punto,A1,Punto y seguido y continuidad en el mismo renglón,PERIOD_LAYOUT,,,PCIC_A1_EXPLICIT,NO_LEXICAL_BASELINE_CHANGE,,PCIC-04,https://cvc.cervantes.es/ensenanza/biblioteca_ele/plan_curricular/niveles/04_ortografia_inventario_a1-a2.htm,v1.24
9B-0090,A1_ORTHOGRAPHY_ITEM,Puntuación,3.1 Punto,A1,"Punto en abreviaturas/siglas según convención: D.ª, tfno.",PERIOD_ABBREVIATION,,,PCIC_A1_EXPLICIT,NO_LEXICAL_BASELINE_CHANGE,,PCIC-04,https://cvc.cervantes.es/ensenanza/biblioteca_ele/plan_curricular/niveles/04_ortografia_inventario_a1-a2.htm,v1.24
9B-0091,A1_ORTHOGRAPHY_ITEM,Puntuación,3.1 Punto,A1,Ausencia de punto en números de teléfono,PERIOD_OMISSION,,,PCIC_A1_EXPLICIT,NO_LEXICAL_BASELINE_CHANGE,,PCIC-04,https://cvc.cervantes.es/ensenanza/biblioteca_ele/plan_curricular/niveles/04_ortografia_inventario_a1-a2.htm,v1.24
9B-0092,A1_ORTHOGRAPHY_ITEM,Puntuación,3.1 Punto,A1,No añadir punto después de ? o ! de cierre,PERIOD_OMISSION,,,PCIC_A1_EXPLICIT,NO_LEXICAL_BASELINE_CHANGE,,PCIC-04,https://cvc.cervantes.es/ensenanza/biblioteca_ele/plan_curricular/niveles/04_ortografia_inventario_a1-a2.htm,v1.24
9B-0093,A1_ORTHOGRAPHY_ITEM,Puntuación,3.1 Punto,A1,Punto para fracciones de hora: 11.30,TIME_PUNCTUATION,,,PCIC_A1_EXPLICIT,NO_LEXICAL_BASELINE_CHANGE,,PCIC-04,https://cvc.cervantes.es/ensenanza/biblioteca_ele/plan_curricular/niveles/04_ortografia_inventario_a1-a2.htm,v1.24
9B-0094,A1_ORTHOGRAPHY_ITEM,Puntuación,3.1 Punto,A1,Punto en direcciones de correo electrónico,DIGITAL_ORTHOGRAPHY,,,PCIC_A1_EXPLICIT,NO_LEXICAL_BASELINE_CHANGE,,PCIC-04,https://cvc.cervantes.es/ensenanza/biblioteca_ele/plan_curricular/niveles/04_ortografia_inventario_a1-a2.htm,v1.24
9B-0095,A1_ORTHOGRAPHY_ITEM,Puntuación,3.1 Punto,A1,Punto en direcciones web,DIGITAL_ORTHOGRAPHY,,,PCIC_A1_EXPLICIT,NO_LEXICAL_BASELINE_CHANGE,,PCIC-04,https://cvc.cervantes.es/ensenanza/biblioteca_ele/plan_curricular/niveles/04_ortografia_inventario_a1-a2.htm,v1.24
9B-0096,A1_ORTHOGRAPHY_ITEM,Puntuación,3.2 Coma,A1,Coma en enumeraciones con y/o,COMMA_ENUMERATION,,,PCIC_A1_EXPLICIT,NO_LEXICAL_BASELINE_CHANGE,,PCIC-04,https://cvc.cervantes.es/ensenanza/biblioteca_ele/plan_curricular/niveles/04_ortografia_inventario_a1-a2.htm,v1.24
9B-0097,A1_ORTHOGRAPHY_ITEM,Puntuación,3.2 Coma,A1,Coma en enumeraciones con e/u,COMMA_ENUMERATION,,,PCIC_A1_EXPLICIT,NO_LEXICAL_BASELINE_CHANGE,,PCIC-04,https://cvc.cervantes.es/ensenanza/biblioteca_ele/plan_curricular/niveles/04_ortografia_inventario_a1-a2.htm,v1.24
9B-0098,A1_ORTHOGRAPHY_ITEM,Puntuación,3.2 Coma,A1,Ausencia de coma entre sujeto y verbo,COMMA_PROHIBITION,,,PCIC_A1_EXPLICIT,NO_LEXICAL_BASELINE_CHANGE,,PCIC-04,https://cvc.cervantes.es/ensenanza/biblioteca_ele/plan_curricular/niveles/04_ortografia_inventario_a1-a2.htm,v1.24
9B-0099,A1_ORTHOGRAPHY_ITEM,Puntuación,3.2 Coma,A1,Coma como separador decimal,NUMBER_PUNCTUATION,,,PCIC_A1_EXPLICIT,NO_LEXICAL_BASELINE_CHANGE,,PCIC-04,https://cvc.cervantes.es/ensenanza/biblioteca_ele/plan_curricular/niveles/04_ortografia_inventario_a1-a2.htm,v1.24
9B-0100,A1_ORTHOGRAPHY_ITEM,Puntuación,3.3 Dos puntos,A1,Dos puntos para enumeración anunciada,COLON_ENUMERATION,,,PCIC_A1_EXPLICIT,NO_LEXICAL_BASELINE_CHANGE,,PCIC-04,https://cvc.cervantes.es/ensenanza/biblioteca_ele/plan_curricular/niveles/04_ortografia_inventario_a1-a2.htm,v1.24
9B-0101,A1_ORTHOGRAPHY_ITEM,Puntuación,3.3 Dos puntos,A1,Dos puntos y continuidad en ejemplificaciones/numeraciones,COLON_LAYOUT,,,PCIC_A1_EXPLICIT,NO_LEXICAL_BASELINE_CHANGE,,PCIC-04,https://cvc.cervantes.es/ensenanza/biblioteca_ele/plan_curricular/niveles/04_ortografia_inventario_a1-a2.htm,v1.24
9B-0102,A1_ORTHOGRAPHY_ITEM,Puntuación,3.3 Dos puntos,A1,Dos puntos para fracciones de hora: 11:30,TIME_PUNCTUATION,,,PCIC_A1_EXPLICIT,NO_LEXICAL_BASELINE_CHANGE,,PCIC-04,https://cvc.cervantes.es/ensenanza/biblioteca_ele/plan_curricular/niveles/04_ortografia_inventario_a1-a2.htm,v1.24
9B-0103,A1_ORTHOGRAPHY_ITEM,Puntuación,3.6 Interrogación y exclamación,A1,Apertura y cierre obligatorios de interrogación y exclamación,QUESTION_EXCLAMATION_MARKS,,,PCIC_A1_EXPLICIT,NO_LEXICAL_BASELINE_CHANGE,,PCIC-04,https://cvc.cervantes.es/ensenanza/biblioteca_ele/plan_curricular/niveles/04_ortografia_inventario_a1-a2.htm,v1.24
9B-0104,A1_ORTHOGRAPHY_ITEM,Puntuación,3.6 Interrogación y exclamación,A1,Concurrencia de ?/! con otros signos excepto punto,QUESTION_EXCLAMATION_MARKS,,,PCIC_A1_EXPLICIT,NO_LEXICAL_BASELINE_CHANGE,,PCIC-04,https://cvc.cervantes.es/ensenanza/biblioteca_ele/plan_curricular/niveles/04_ortografia_inventario_a1-a2.htm,v1.24
9B-0105,A1_ORTHOGRAPHY_ITEM,Puntuación,3.7 Paréntesis,A1,Paréntesis para complementos/incisos básicos,PARENTHESES,,,PCIC_A1_EXPLICIT,NO_LEXICAL_BASELINE_CHANGE,,PCIC-04,https://cvc.cervantes.es/ensenanza/biblioteca_ele/plan_curricular/niveles/04_ortografia_inventario_a1-a2.htm,v1.24
9B-0106,A1_ORTHOGRAPHY_ITEM,Puntuación,3.9 Comillas,A1,Comillas para discriminar voces extranjeras,QUOTATION_MARKS,,,PCIC_A1_EXPLICIT,NO_LEXICAL_BASELINE_CHANGE,,PCIC-04,https://cvc.cervantes.es/ensenanza/biblioteca_ele/plan_curricular/niveles/04_ortografia_inventario_a1-a2.htm,v1.24
9B-0107,A1_ORTHOGRAPHY_ITEM,Puntuación,3.10 Guión,A1,Guión en nombres y apellidos compuestos,HYPHEN,,,PCIC_A1_EXPLICIT,NO_LEXICAL_BASELINE_CHANGE,,PCIC-04,https://cvc.cervantes.es/ensenanza/biblioteca_ele/plan_curricular/niveles/04_ortografia_inventario_a1-a2.htm,v1.24
9B-0108,A1_ORTHOGRAPHY_ITEM,Puntuación,3.11 Raya,A1,Raya para intervenciones de diálogo sin nombre de personaje,DASH_DIALOGUE,,,PCIC_A1_EXPLICIT,NO_LEXICAL_BASELINE_CHANGE,,PCIC-04,https://cvc.cervantes.es/ensenanza/biblioteca_ele/plan_curricular/niveles/04_ortografia_inventario_a1-a2.htm,v1.24
9B-0109,A1_ORTHOGRAPHY_ITEM,Puntuación,3.12 Barra,A1,Barra en abreviaturas: c/,SLASH_ABBREVIATION,,,PCIC_A1_EXPLICIT,NO_LEXICAL_BASELINE_CHANGE,,PCIC-04,https://cvc.cervantes.es/ensenanza/biblioteca_ele/plan_curricular/niveles/04_ortografia_inventario_a1-a2.htm,v1.24
9B-0110,A1_ORTHOGRAPHY_ITEM,Puntuación,3.12 Barra,A1,Barra para dos o más opciones: profesor/a,SLASH_OPTIONS,,,PCIC_A1_EXPLICIT,NO_LEXICAL_BASELINE_CHANGE,,PCIC-04,https://cvc.cervantes.es/ensenanza/biblioteca_ele/plan_curricular/niveles/04_ortografia_inventario_a1-a2.htm,v1.24
9B-0111,A1_ORTHOGRAPHY_ITEM,Abreviaturas y siglas,4.1 Abreviaturas,A1,"Abreviaturas de tratamiento: D., Sr., Ud./Vd.",ABBREVIATION,,,PCIC_A1_EXPLICIT,NO_LEXICAL_BASELINE_CHANGE,,PCIC-04,https://cvc.cervantes.es/ensenanza/biblioteca_ele/plan_curricular/niveles/04_ortografia_inventario_a1-a2.htm,v1.24
9B-0112,A1_ORTHOGRAPHY_ITEM,Abreviaturas y siglas,4.1 Abreviaturas,A1,"Abreviaturas con punto: tfno., ej.",ABBREVIATION,,,PCIC_A1_EXPLICIT,NO_LEXICAL_BASELINE_CHANGE,,PCIC-04,https://cvc.cervantes.es/ensenanza/biblioteca_ele/plan_curricular/niveles/04_ortografia_inventario_a1-a2.htm,v1.24
9B-0113,A1_ORTHOGRAPHY_ITEM,Abreviaturas y siglas,4.1 Abreviaturas,A1,Abreviaturas con barra: c/,ABBREVIATION,,,PCIC_A1_EXPLICIT,NO_LEXICAL_BASELINE_CHANGE,,PCIC-04,https://cvc.cervantes.es/ensenanza/biblioteca_ele/plan_curricular/niveles/04_ortografia_inventario_a1-a2.htm,v1.24
9B-0114,A1_ORTHOGRAPHY_ITEM,Abreviaturas y siglas,4.1 Abreviaturas,A1,Género de abreviaturas: Sra./Sr.ª,ABBREVIATION_GENDER,,,PCIC_A1_EXPLICIT,NO_LEXICAL_BASELINE_CHANGE,,PCIC-04,https://cvc.cervantes.es/ensenanza/biblioteca_ele/plan_curricular/niveles/04_ortografia_inventario_a1-a2.htm,v1.24
9B-0115,A1_ORTHOGRAPHY_ITEM,Abreviaturas y siglas,4.1 Abreviaturas,A1,Mayúscula/minúscula inicial según palabra abreviada,ABBREVIATION_CASE,,,PCIC_A1_EXPLICIT,NO_LEXICAL_BASELINE_CHANGE,,PCIC-04,https://cvc.cervantes.es/ensenanza/biblioteca_ele/plan_curricular/niveles/04_ortografia_inventario_a1-a2.htm,v1.24
9B-0116,A1_ORTHOGRAPHY_ITEM,Abreviaturas y siglas,4.2 Siglas y acrónimos,A1,"Siglas/acrónimos en mayúsculas: IC, RAE",ACRONYM_CASE,,,PCIC_A1_EXPLICIT,NO_LEXICAL_BASELINE_CHANGE,,PCIC-04,https://cvc.cervantes.es/ensenanza/biblioteca_ele/plan_curricular/niveles/04_ortografia_inventario_a1-a2.htm,v1.24
9B-0117,A1_ORTHOGRAPHY_ITEM,Abreviaturas y siglas,4.3 Símbolos,A1,"Símbolos alfabetizables de monedas: ARS, CLP, UYU",SYMBOL,,,PCIC_A1_EXPLICIT,NO_LEXICAL_BASELINE_CHANGE,,PCIC-04,https://cvc.cervantes.es/ensenanza/biblioteca_ele/plan_curricular/niveles/04_ortografia_inventario_a1-a2.htm,v1.24
9B-0118,A1_ORTHOGRAPHY_ITEM,Abreviaturas y siglas,4.3 Símbolos,A1,"Símbolos alfabetizables de puntos cardinales: N, S, E, O",SYMBOL,,,PCIC_A1_EXPLICIT,NO_LEXICAL_BASELINE_CHANGE,,PCIC-04,https://cvc.cervantes.es/ensenanza/biblioteca_ele/plan_curricular/niveles/04_ortografia_inventario_a1-a2.htm,v1.24
9B-0119,A1_ORTHOGRAPHY_ITEM,Abreviaturas y siglas,4.3 Símbolos,A1,"Símbolos no alfabetizables básicos: $, €, ¢, @",SYMBOL,,,PCIC_A1_EXPLICIT,NO_LEXICAL_BASELINE_CHANGE,,PCIC-04,https://cvc.cervantes.es/ensenanza/biblioteca_ele/plan_curricular/niveles/04_ortografia_inventario_a1-a2.htm,v1.24
9B-0120,A1_REGIONAL_ORTHOGRAPHY_ASSERTION,Variación ortográfica/fonográfica,1.1 Abecedario,A1,Nombre de w como «doble u»,REGIONAL_GRAPHEME_PHONEME_MAPPING,México y algunos países de Centroamérica,9A_REGIONAL_PHONOLOGY,PCIC_A1_EXPLICIT_REGIONAL,NO_LEXICAL_BASELINE_CHANGE,,PCIC-04,https://cvc.cervantes.es/ensenanza/biblioteca_ele/plan_curricular/niveles/04_ortografia_inventario_a1-a2.htm,v1.24
9B-0121,A1_REGIONAL_ORTHOGRAPHY_ASSERTION,Variación ortográfica/fonográfica,1.3.2 c/k/q/z/ch,A1,"c ante e,i representa /s/ en sistemas seseantes",REGIONAL_GRAPHEME_PHONEME_MAPPING,"Hispanoamérica, suroeste de España, Canarias",9A_REGIONAL_PHONOLOGY,PCIC_A1_EXPLICIT_REGIONAL,NO_LEXICAL_BASELINE_CHANGE,,PCIC-04,https://cvc.cervantes.es/ensenanza/biblioteca_ele/plan_curricular/niveles/04_ortografia_inventario_a1-a2.htm,v1.24
9B-0122,A1_REGIONAL_ORTHOGRAPHY_ASSERTION,Variación ortográfica/fonográfica,1.3.2 c/k/q/z/ch,A1,"z ante a,o,u representa /s/ en sistemas seseantes",REGIONAL_GRAPHEME_PHONEME_MAPPING,"Hispanoamérica, suroeste de España, Canarias",9A_REGIONAL_PHONOLOGY,PCIC_A1_EXPLICIT_REGIONAL,NO_LEXICAL_BASELINE_CHANGE,,PCIC-04,https://cvc.cervantes.es/ensenanza/biblioteca_ele/plan_curricular/niveles/04_ortografia_inventario_a1-a2.htm,v1.24
9B-0123,A2_ORTHOGRAPHY_BOUNDARY,Ortografía de letras y palabras,1.3.1 b/v/w,A2,b en imperfecto de indicativo de -ar e ir,MORPHOLOGICAL_SPELLING,,,PCIC_A2_EXPLICIT,DO_NOT_PROMOTE_TO_A1,Frontera negativa explícita del PCIC-04; no promover por familiaridad o utilidad.,PCIC-04,https://cvc.cervantes.es/ensenanza/biblioteca_ele/plan_curricular/niveles/04_ortografia_inventario_a1-a2.htm,v1.24
9B-0124,A2_ORTHOGRAPHY_BOUNDARY,Ortografía de letras y palabras,1.3.1 b/v/w,A2,v en pretérito indefinido de andar/estar/tener,MORPHOLOGICAL_SPELLING,,,PCIC_A2_EXPLICIT,DO_NOT_PROMOTE_TO_A1,Frontera negativa explícita del PCIC-04; no promover por familiaridad o utilidad.,PCIC-04,https://cvc.cervantes.es/ensenanza/biblioteca_ele/plan_curricular/niveles/04_ortografia_inventario_a1-a2.htm,v1.24
9B-0125,A2_ORTHOGRAPHY_BOUNDARY,Ortografía de letras y palabras,1.3.1 b/v/w,A2,v después de n,POSITIONAL_SPELLING,,,PCIC_A2_EXPLICIT,DO_NOT_PROMOTE_TO_A1,Frontera negativa explícita del PCIC-04; no promover por familiaridad o utilidad.,PCIC-04,https://cvc.cervantes.es/ensenanza/biblioteca_ele/plan_curricular/niveles/04_ortografia_inventario_a1-a2.htm,v1.24
9B-0126,A2_ORTHOGRAPHY_BOUNDARY,Ortografía de letras y palabras,1.3.1 b/v/w,A2,Terminaciones llanas -ava/-avo/-eva/-eve/-evo/-iva/-ivo,LEXICAL_SPELLING_PATTERN,,,PCIC_A2_EXPLICIT,DO_NOT_PROMOTE_TO_A1,Frontera negativa explícita del PCIC-04; no promover por familiaridad o utilidad.,PCIC-04,https://cvc.cervantes.es/ensenanza/biblioteca_ele/plan_curricular/niveles/04_ortografia_inventario_a1-a2.htm,v1.24
9B-0127,A2_ORTHOGRAPHY_BOUNDARY,Ortografía de letras y palabras,1.3.2 c/k/q/z/ch,A2,Plural de palabras terminadas en -z: luz→luces,MORPHOLOGICAL_SPELLING,,,PCIC_A2_EXPLICIT,DO_NOT_PROMOTE_TO_A1,Frontera negativa explícita del PCIC-04; no promover por familiaridad o utilidad.,PCIC-04,https://cvc.cervantes.es/ensenanza/biblioteca_ele/plan_curricular/niveles/04_ortografia_inventario_a1-a2.htm,v1.24
9B-0128,A2_ORTHOGRAPHY_BOUNDARY,Ortografía de letras y palabras,1.3.2 c/k/q/z/ch,A2,z en 3.ª singular del indefinido de hacer,MORPHOLOGICAL_SPELLING,,,PCIC_A2_EXPLICIT,DO_NOT_PROMOTE_TO_A1,Frontera negativa explícita del PCIC-04; no promover por familiaridad o utilidad.,PCIC-04,https://cvc.cervantes.es/ensenanza/biblioteca_ele/plan_curricular/niveles/04_ortografia_inventario_a1-a2.htm,v1.24
9B-0129,A2_ORTHOGRAPHY_BOUNDARY,Ortografía de letras y palabras,1.3.3 g/j,A2,Palabras terminadas en -aje,LEXICAL_SPELLING_PATTERN,,,PCIC_A2_EXPLICIT,DO_NOT_PROMOTE_TO_A1,Frontera negativa explícita del PCIC-04; no promover por familiaridad o utilidad.,PCIC-04,https://cvc.cervantes.es/ensenanza/biblioteca_ele/plan_curricular/niveles/04_ortografia_inventario_a1-a2.htm,v1.24
9B-0130,A2_ORTHOGRAPHY_BOUNDARY,Ortografía de letras y palabras,1.3.4 h,A2,h final e intercalada,POSITIONAL_SPELLING,,,PCIC_A2_EXPLICIT,DO_NOT_PROMOTE_TO_A1,Frontera negativa explícita del PCIC-04; no promover por familiaridad o utilidad.,PCIC-04,https://cvc.cervantes.es/ensenanza/biblioteca_ele/plan_curricular/niveles/04_ortografia_inventario_a1-a2.htm,v1.24
9B-0131,A2_ORTHOGRAPHY_BOUNDARY,Ortografía de letras y palabras,1.3.5 y/ll,A2,Irregularidades ortográficas de gerundio: leyendo/oyendo/yendo,MORPHOLOGICAL_SPELLING,,,PCIC_A2_EXPLICIT,DO_NOT_PROMOTE_TO_A1,Frontera negativa explícita del PCIC-04; no promover por familiaridad o utilidad.,PCIC-04,https://cvc.cervantes.es/ensenanza/biblioteca_ele/plan_curricular/niveles/04_ortografia_inventario_a1-a2.htm,v1.24
9B-0132,A2_ORTHOGRAPHY_BOUNDARY,Ortografía de letras y palabras,1.3.5 y/ll,A2,Palabras terminadas en -illa/-illo,LEXICAL_SPELLING_PATTERN,,,PCIC_A2_EXPLICIT,DO_NOT_PROMOTE_TO_A1,Frontera negativa explícita del PCIC-04; no promover por familiaridad o utilidad.,PCIC-04,https://cvc.cervantes.es/ensenanza/biblioteca_ele/plan_curricular/niveles/04_ortografia_inventario_a1-a2.htm,v1.24
9B-0133,A2_ORTHOGRAPHY_BOUNDARY,Ortografía de letras y palabras,1.3.6 m/n/ñ,A2,n delante de v,POSITIONAL_SPELLING,,,PCIC_A2_EXPLICIT,DO_NOT_PROMOTE_TO_A1,Frontera negativa explícita del PCIC-04; no promover por familiaridad o utilidad.,PCIC-04,https://cvc.cervantes.es/ensenanza/biblioteca_ele/plan_curricular/niveles/04_ortografia_inventario_a1-a2.htm,v1.24
9B-0134,A2_ORTHOGRAPHY_BOUNDARY,Ortografía de letras y palabras,1.3.9 s/x,A2,x reducida a /s/ en final de sílaba,GRAPHEME_PHONEME_MAPPING,,,PCIC_A2_EXPLICIT,DO_NOT_PROMOTE_TO_A1,Frontera negativa explícita del PCIC-04; no promover por familiaridad o utilidad.,PCIC-04,https://cvc.cervantes.es/ensenanza/biblioteca_ele/plan_curricular/niveles/04_ortografia_inventario_a1-a2.htm,v1.24
9B-0135,A2_ORTHOGRAPHY_BOUNDARY,Ortografía de letras y palabras,1.3.9 s/x,A2,x como /x/ en nombres propios como Ximena,LEXICAL_SPELLING_PATTERN,,,PCIC_A2_EXPLICIT,DO_NOT_PROMOTE_TO_A1,Frontera negativa explícita del PCIC-04; no promover por familiaridad o utilidad.,PCIC-04,https://cvc.cervantes.es/ensenanza/biblioteca_ele/plan_curricular/niveles/04_ortografia_inventario_a1-a2.htm,v1.24
9B-0136,A2_ORTHOGRAPHY_BOUNDARY,Ortografía de letras y palabras,1.4 Mayúsculas,A2,"Numeración romana en siglos, reyes y papas",CAPITALIZATION_ROMAN_NUMERAL,,,PCIC_A2_EXPLICIT,DO_NOT_PROMOTE_TO_A1,Frontera negativa explícita del PCIC-04; no promover por familiaridad o utilidad.,PCIC-04,https://cvc.cervantes.es/ensenanza/biblioteca_ele/plan_curricular/niveles/04_ortografia_inventario_a1-a2.htm,v1.24
9B-0137,A2_ORTHOGRAPHY_BOUNDARY,Ortografía de letras y palabras,1.4 Mayúsculas,A2,Mayúscula en puntos cardinales usados como nombres,CAPITALIZATION_SEMANTIC,,,PCIC_A2_EXPLICIT,DO_NOT_PROMOTE_TO_A1,Frontera negativa explícita del PCIC-04; no promover por familiaridad o utilidad.,PCIC-04,https://cvc.cervantes.es/ensenanza/biblioteca_ele/plan_curricular/niveles/04_ortografia_inventario_a1-a2.htm,v1.24
9B-0138,A2_ORTHOGRAPHY_BOUNDARY,Ortografía de letras y palabras,1.4 Mayúsculas,A2,Mayúscula en cargos/dignidades/títulos,CAPITALIZATION_SEMANTIC,,,PCIC_A2_EXPLICIT,DO_NOT_PROMOTE_TO_A1,Frontera negativa explícita del PCIC-04; no promover por familiaridad o utilidad.,PCIC-04,https://cvc.cervantes.es/ensenanza/biblioteca_ele/plan_curricular/niveles/04_ortografia_inventario_a1-a2.htm,v1.24
9B-0139,A2_ORTHOGRAPHY_BOUNDARY,Ortografía de letras y palabras,1.4 Mayúsculas,A2,Mayúscula en entidades/instituciones/organismos/partidos,CAPITALIZATION_SEMANTIC,,,PCIC_A2_EXPLICIT,DO_NOT_PROMOTE_TO_A1,Frontera negativa explícita del PCIC-04; no promover por familiaridad o utilidad.,PCIC-04,https://cvc.cervantes.es/ensenanza/biblioteca_ele/plan_curricular/niveles/04_ortografia_inventario_a1-a2.htm,v1.24
9B-0140,A2_ORTHOGRAPHY_BOUNDARY,Ortografía de letras y palabras,1.4 Mayúsculas,A2,Mayúscula en materias/disciplinas,CAPITALIZATION_SEMANTIC,,,PCIC_A2_EXPLICIT,DO_NOT_PROMOTE_TO_A1,Frontera negativa explícita del PCIC-04; no promover por familiaridad o utilidad.,PCIC-04,https://cvc.cervantes.es/ensenanza/biblioteca_ele/plan_curricular/niveles/04_ortografia_inventario_a1-a2.htm,v1.24
9B-0141,A2_ORTHOGRAPHY_BOUNDARY,Ortografía de letras y palabras,1.4 Mayúsculas,A2,Mayúscula en divinidades/deidades,CAPITALIZATION_SEMANTIC,,,PCIC_A2_EXPLICIT,DO_NOT_PROMOTE_TO_A1,Frontera negativa explícita del PCIC-04; no promover por familiaridad o utilidad.,PCIC-04,https://cvc.cervantes.es/ensenanza/biblioteca_ele/plan_curricular/niveles/04_ortografia_inventario_a1-a2.htm,v1.24
9B-0142,A2_ORTHOGRAPHY_BOUNDARY,Ortografía de letras y palabras,1.4 Mayúsculas,A2,Mayúscula en épocas/eventos/fechas/movimientos,CAPITALIZATION_SEMANTIC,,,PCIC_A2_EXPLICIT,DO_NOT_PROMOTE_TO_A1,Frontera negativa explícita del PCIC-04; no promover por familiaridad o utilidad.,PCIC-04,https://cvc.cervantes.es/ensenanza/biblioteca_ele/plan_curricular/niveles/04_ortografia_inventario_a1-a2.htm,v1.24
9B-0143,A2_ORTHOGRAPHY_BOUNDARY,Ortografía de letras y palabras,1.4 Mayúsculas,A2,Mayúscula del artículo en topónimos con artículo,CAPITALIZATION_SEMANTIC,,,PCIC_A2_EXPLICIT,DO_NOT_PROMOTE_TO_A1,Frontera negativa explícita del PCIC-04; no promover por familiaridad o utilidad.,PCIC-04,https://cvc.cervantes.es/ensenanza/biblioteca_ele/plan_curricular/niveles/04_ortografia_inventario_a1-a2.htm,v1.24
9B-0144,A2_ORTHOGRAPHY_BOUNDARY,Ortografía de letras y palabras,1.4 Mayúsculas,A2,Mayúscula después de dos puntos en encabezamientos de carta,CAPITALIZATION_PUNCTUATION,,,PCIC_A2_EXPLICIT,DO_NOT_PROMOTE_TO_A1,Frontera negativa explícita del PCIC-04; no promover por familiaridad o utilidad.,PCIC-04,https://cvc.cervantes.es/ensenanza/biblioteca_ele/plan_curricular/niveles/04_ortografia_inventario_a1-a2.htm,v1.24
9B-0145,A2_ORTHOGRAPHY_BOUNDARY,Ortografía de letras y palabras,1.5 Minúsculas,A2,Artículo en nombres de provincias/regiones/países según función,LOWERCASE_SEMANTIC,,,PCIC_A2_EXPLICIT,DO_NOT_PROMOTE_TO_A1,Frontera negativa explícita del PCIC-04; no promover por familiaridad o utilidad.,PCIC-04,https://cvc.cervantes.es/ensenanza/biblioteca_ele/plan_curricular/niveles/04_ortografia_inventario_a1-a2.htm,v1.24
9B-0146,A2_ORTHOGRAPHY_BOUNDARY,Ortografía de letras y palabras,1.6 Tipos de letra,A2,Versalita para numeración romana de siglos,TYPOGRAPHY,,,PCIC_A2_EXPLICIT,DO_NOT_PROMOTE_TO_A1,Frontera negativa explícita del PCIC-04; no promover por familiaridad o utilidad.,PCIC-04,https://cvc.cervantes.es/ensenanza/biblioteca_ele/plan_curricular/niveles/04_ortografia_inventario_a1-a2.htm,v1.24
9B-0147,A2_ORTHOGRAPHY_BOUNDARY,Ortografía de letras y palabras,1.7 Ortografía de las palabras,A2,Estructura de la sílaba: núcleo y margen,SYLLABIFICATION,,,PCIC_A2_EXPLICIT,DO_NOT_PROMOTE_TO_A1,Frontera negativa explícita del PCIC-04; no promover por familiaridad o utilidad.,PCIC-04,https://cvc.cervantes.es/ensenanza/biblioteca_ele/plan_curricular/niveles/04_ortografia_inventario_a1-a2.htm,v1.24
9B-0148,A2_ORTHOGRAPHY_BOUNDARY,Ortografía de letras y palabras,1.7 Ortografía de las palabras,A2,"División al final de renglón: ch, ll, rr",LINE_BREAK,,,PCIC_A2_EXPLICIT,DO_NOT_PROMOTE_TO_A1,Frontera negativa explícita del PCIC-04; no promover por familiaridad o utilidad.,PCIC-04,https://cvc.cervantes.es/ensenanza/biblioteca_ele/plan_curricular/niveles/04_ortografia_inventario_a1-a2.htm,v1.24
9B-0149,A2_ORTHOGRAPHY_BOUNDARY,Ortografía de letras y palabras,1.7 Ortografía de las palabras,A2,División al final de renglón de grupos consonánticos de misma sílaba,LINE_BREAK,,,PCIC_A2_EXPLICIT,DO_NOT_PROMOTE_TO_A1,Frontera negativa explícita del PCIC-04; no promover por familiaridad o utilidad.,PCIC-04,https://cvc.cervantes.es/ensenanza/biblioteca_ele/plan_curricular/niveles/04_ortografia_inventario_a1-a2.htm,v1.24
9B-0150,A2_ORTHOGRAPHY_BOUNDARY,Ortografía de letras y palabras,1.7 Ortografía de las palabras,A2,Indivisibilidad de cifras al final de renglón,LINE_BREAK,,,PCIC_A2_EXPLICIT,DO_NOT_PROMOTE_TO_A1,Frontera negativa explícita del PCIC-04; no promover por familiaridad o utilidad.,PCIC-04,https://cvc.cervantes.es/ensenanza/biblioteca_ele/plan_curricular/niveles/04_ortografia_inventario_a1-a2.htm,v1.24
9B-0151,A2_ORTHOGRAPHY_BOUNDARY,Ortografía de letras y palabras,1.7 Ortografía de las palabras,A2,Millares y millones: escritura y separación de cifras,NUMBER_FORMAT,,,PCIC_A2_EXPLICIT,DO_NOT_PROMOTE_TO_A1,Frontera negativa explícita del PCIC-04; no promover por familiaridad o utilidad.,PCIC-04,https://cvc.cervantes.es/ensenanza/biblioteca_ele/plan_curricular/niveles/04_ortografia_inventario_a1-a2.htm,v1.24
9B-0152,A2_ORTHOGRAPHY_BOUNDARY,Ortografía de letras y palabras,1.7 Ortografía de las palabras,A2,Numeración romana para siglos/reyes/papas,NUMBER_ORTHOGRAPHY,,,PCIC_A2_EXPLICIT,DO_NOT_PROMOTE_TO_A1,Frontera negativa explícita del PCIC-04; no promover por familiaridad o utilidad.,PCIC-04,https://cvc.cervantes.es/ensenanza/biblioteca_ele/plan_curricular/niveles/04_ortografia_inventario_a1-a2.htm,v1.24
9B-0153,A2_ORTHOGRAPHY_BOUNDARY,Ortografía de letras y palabras,1.7 Ortografía de las palabras,A2,Fecha: presencia/ausencia de artículo,DATE_FORMAT,,,PCIC_A2_EXPLICIT,DO_NOT_PROMOTE_TO_A1,Frontera negativa explícita del PCIC-04; no promover por familiaridad o utilidad.,PCIC-04,https://cvc.cervantes.es/ensenanza/biblioteca_ele/plan_curricular/niveles/04_ortografia_inventario_a1-a2.htm,v1.24
9B-0154,A2_ORTHOGRAPHY_BOUNDARY,Ortografía de letras y palabras,1.7 Ortografía de las palabras,A2,Fecha escrita con cifras: 09-07-2005,DATE_FORMAT,,,PCIC_A2_EXPLICIT,DO_NOT_PROMOTE_TO_A1,Frontera negativa explícita del PCIC-04; no promover por familiaridad o utilidad.,PCIC-04,https://cvc.cervantes.es/ensenanza/biblioteca_ele/plan_curricular/niveles/04_ortografia_inventario_a1-a2.htm,v1.24
9B-0155,A2_ORTHOGRAPHY_BOUNDARY,Acentuación gráfica,2.1 Reglas generales,A2,"Acentuación de imperativo/gerundio con un clítico: cómpralo, comprándolas",ACCENT_RULE,,,PCIC_A2_EXPLICIT,DO_NOT_PROMOTE_TO_A1,Frontera negativa explícita del PCIC-04; no promover por familiaridad o utilidad.,PCIC-04,https://cvc.cervantes.es/ensenanza/biblioteca_ele/plan_curricular/niveles/04_ortografia_inventario_a1-a2.htm,v1.24
9B-0156,A2_ORTHOGRAPHY_BOUNDARY,Acentuación gráfica,2.2 Tilde diacrítica,A2,Contraste diacrítico mi / mí,DIACRITIC_ACCENT,,,PCIC_A2_EXPLICIT,DO_NOT_PROMOTE_TO_A1,Frontera negativa explícita del PCIC-04; no promover por familiaridad o utilidad.,PCIC-04,https://cvc.cervantes.es/ensenanza/biblioteca_ele/plan_curricular/niveles/04_ortografia_inventario_a1-a2.htm,v1.24
9B-0157,A2_ORTHOGRAPHY_BOUNDARY,Acentuación gráfica,2.2 Tilde diacrítica,A2,Contraste diacrítico si / sí,DIACRITIC_ACCENT,,,PCIC_A2_EXPLICIT,DO_NOT_PROMOTE_TO_A1,Frontera negativa explícita del PCIC-04; no promover por familiaridad o utilidad.,PCIC-04,https://cvc.cervantes.es/ensenanza/biblioteca_ele/plan_curricular/niveles/04_ortografia_inventario_a1-a2.htm,v1.24
9B-0158,A2_ORTHOGRAPHY_BOUNDARY,Puntuación,3.1 Punto,A2,Ausencia de punto en números de años y páginas,PERIOD_OMISSION,,,PCIC_A2_EXPLICIT,DO_NOT_PROMOTE_TO_A1,Frontera negativa explícita del PCIC-04; no promover por familiaridad o utilidad.,PCIC-04,https://cvc.cervantes.es/ensenanza/biblioteca_ele/plan_curricular/niveles/04_ortografia_inventario_a1-a2.htm,v1.24
9B-0159,A2_ORTHOGRAPHY_BOUNDARY,Puntuación,3.1 Punto,A2,Ausencia de punto en listas,PERIOD_OMISSION,,,PCIC_A2_EXPLICIT,DO_NOT_PROMOTE_TO_A1,Frontera negativa explícita del PCIC-04; no promover por familiaridad o utilidad.,PCIC-04,https://cvc.cervantes.es/ensenanza/biblioteca_ele/plan_curricular/niveles/04_ortografia_inventario_a1-a2.htm,v1.24
9B-0160,A2_ORTHOGRAPHY_BOUNDARY,Puntuación,3.2 Coma,A2,Coma en enumeraciones por yuxtaposición,COMMA_ENUMERATION,,,PCIC_A2_EXPLICIT,DO_NOT_PROMOTE_TO_A1,Frontera negativa explícita del PCIC-04; no promover por familiaridad o utilidad.,PCIC-04,https://cvc.cervantes.es/ensenanza/biblioteca_ele/plan_curricular/niveles/04_ortografia_inventario_a1-a2.htm,v1.24
9B-0161,A2_ORTHOGRAPHY_BOUNDARY,Puntuación,3.2 Coma,A2,Coma en enumeraciones con ni,COMMA_ENUMERATION,,,PCIC_A2_EXPLICIT,DO_NOT_PROMOTE_TO_A1,Frontera negativa explícita del PCIC-04; no promover por familiaridad o utilidad.,PCIC-04,https://cvc.cervantes.es/ensenanza/biblioteca_ele/plan_curricular/niveles/04_ortografia_inventario_a1-a2.htm,v1.24
9B-0162,A2_ORTHOGRAPHY_BOUNDARY,Puntuación,3.2 Coma,A2,Coma en vocativos iniciales,COMMA_VOCATIVE,,,PCIC_A2_EXPLICIT,DO_NOT_PROMOTE_TO_A1,Frontera negativa explícita del PCIC-04; no promover por familiaridad o utilidad.,PCIC-04,https://cvc.cervantes.es/ensenanza/biblioteca_ele/plan_curricular/niveles/04_ortografia_inventario_a1-a2.htm,v1.24
9B-0163,A2_ORTHOGRAPHY_BOUNDARY,Puntuación,3.2 Coma,A2,Coma con adverbios de secuencia/orden,COMMA_DISCOURSE,,,PCIC_A2_EXPLICIT,DO_NOT_PROMOTE_TO_A1,Frontera negativa explícita del PCIC-04; no promover por familiaridad o utilidad.,PCIC-04,https://cvc.cervantes.es/ensenanza/biblioteca_ele/plan_curricular/niveles/04_ortografia_inventario_a1-a2.htm,v1.24
9B-0164,A2_ORTHOGRAPHY_BOUNDARY,Puntuación,3.3 Dos puntos,A2,Dos puntos en ejemplificaciones,COLON_EXAMPLE,,,PCIC_A2_EXPLICIT,DO_NOT_PROMOTE_TO_A1,Frontera negativa explícita del PCIC-04; no promover por familiaridad o utilidad.,PCIC-04,https://cvc.cervantes.es/ensenanza/biblioteca_ele/plan_curricular/niveles/04_ortografia_inventario_a1-a2.htm,v1.24
9B-0165,A2_ORTHOGRAPHY_BOUNDARY,Puntuación,3.3 Dos puntos,A2,Dos puntos después de saludo/encabezamiento de carta,COLON_LETTER,,,PCIC_A2_EXPLICIT,DO_NOT_PROMOTE_TO_A1,Frontera negativa explícita del PCIC-04; no promover por familiaridad o utilidad.,PCIC-04,https://cvc.cervantes.es/ensenanza/biblioteca_ele/plan_curricular/niveles/04_ortografia_inventario_a1-a2.htm,v1.24
9B-0166,A2_ORTHOGRAPHY_BOUNDARY,Puntuación,3.3 Dos puntos,A2,Dos puntos y organización de cartas: párrafo/sangrado,COLON_LAYOUT,,,PCIC_A2_EXPLICIT,DO_NOT_PROMOTE_TO_A1,Frontera negativa explícita del PCIC-04; no promover por familiaridad o utilidad.,PCIC-04,https://cvc.cervantes.es/ensenanza/biblioteca_ele/plan_curricular/niveles/04_ortografia_inventario_a1-a2.htm,v1.24
9B-0167,A2_ORTHOGRAPHY_BOUNDARY,Puntuación,3.3 Dos puntos,A2,Dos puntos como división matemática,COLON_MATH,,,PCIC_A2_EXPLICIT,DO_NOT_PROMOTE_TO_A1,Frontera negativa explícita del PCIC-04; no promover por familiaridad o utilidad.,PCIC-04,https://cvc.cervantes.es/ensenanza/biblioteca_ele/plan_curricular/niveles/04_ortografia_inventario_a1-a2.htm,v1.24
9B-0168,A2_ORTHOGRAPHY_BOUNDARY,Puntuación,3.3 Dos puntos,A2,Dos puntos en URL: http://,DIGITAL_ORTHOGRAPHY,,,PCIC_A2_EXPLICIT,DO_NOT_PROMOTE_TO_A1,Frontera negativa explícita del PCIC-04; no promover por familiaridad o utilidad.,PCIC-04,https://cvc.cervantes.es/ensenanza/biblioteca_ele/plan_curricular/niveles/04_ortografia_inventario_a1-a2.htm,v1.24
9B-0169,A2_ORTHOGRAPHY_BOUNDARY,Puntuación,3.5 Puntos suspensivos,A2,Puntos suspensivos para enumeraciones abiertas/incompletas,ELLIPSIS,,,PCIC_A2_EXPLICIT,DO_NOT_PROMOTE_TO_A1,Frontera negativa explícita del PCIC-04; no promover por familiaridad o utilidad.,PCIC-04,https://cvc.cervantes.es/ensenanza/biblioteca_ele/plan_curricular/niveles/04_ortografia_inventario_a1-a2.htm,v1.24
9B-0170,A2_ORTHOGRAPHY_BOUNDARY,Puntuación,3.6 Interrogación/exclamación,A2,Estructuras interrogativas con oraciones/grupos/pronombres/adverbios,QUESTION_MARK_USAGE,,,PCIC_A2_EXPLICIT,DO_NOT_PROMOTE_TO_A1,Frontera negativa explícita del PCIC-04; no promover por familiaridad o utilidad.,PCIC-04,https://cvc.cervantes.es/ensenanza/biblioteca_ele/plan_curricular/niveles/04_ortografia_inventario_a1-a2.htm,v1.24
9B-0171,A2_ORTHOGRAPHY_BOUNDARY,Puntuación,3.6 Interrogación/exclamación,A2,Estructuras exclamativas con oraciones/grupos/interjecciones,EXCLAMATION_MARK_USAGE,,,PCIC_A2_EXPLICIT,DO_NOT_PROMOTE_TO_A1,Frontera negativa explícita del PCIC-04; no promover por familiaridad o utilidad.,PCIC-04,https://cvc.cervantes.es/ensenanza/biblioteca_ele/plan_curricular/niveles/04_ortografia_inventario_a1-a2.htm,v1.24
9B-0172,A2_ORTHOGRAPHY_BOUNDARY,Puntuación,3.7 Paréntesis,A2,Paréntesis en clasificaciones/enumeraciones,PARENTHESES,,,PCIC_A2_EXPLICIT,DO_NOT_PROMOTE_TO_A1,Frontera negativa explícita del PCIC-04; no promover por familiaridad o utilidad.,PCIC-04,https://cvc.cervantes.es/ensenanza/biblioteca_ele/plan_curricular/niveles/04_ortografia_inventario_a1-a2.htm,v1.24
9B-0173,A2_ORTHOGRAPHY_BOUNDARY,Puntuación,3.10 Guión,A2,Guión como unión en sustitución de preposición/conjunción,HYPHEN,,,PCIC_A2_EXPLICIT,DO_NOT_PROMOTE_TO_A1,Frontera negativa explícita del PCIC-04; no promover por familiaridad o utilidad.,PCIC-04,https://cvc.cervantes.es/ensenanza/biblioteca_ele/plan_curricular/niveles/04_ortografia_inventario_a1-a2.htm,v1.24
9B-0174,A2_ORTHOGRAPHY_BOUNDARY,Puntuación,3.10 Guión,A2,Guión para corte de palabras al final de renglón,HYPHEN_LINE_BREAK,,,PCIC_A2_EXPLICIT,DO_NOT_PROMOTE_TO_A1,Frontera negativa explícita del PCIC-04; no promover por familiaridad o utilidad.,PCIC-04,https://cvc.cervantes.es/ensenanza/biblioteca_ele/plan_curricular/niveles/04_ortografia_inventario_a1-a2.htm,v1.24
9B-0175,A2_ORTHOGRAPHY_BOUNDARY,Puntuación,3.11 Raya,A2,Raya en esquemas/índices,DASH_LAYOUT,,,PCIC_A2_EXPLICIT,DO_NOT_PROMOTE_TO_A1,Frontera negativa explícita del PCIC-04; no promover por familiaridad o utilidad.,PCIC-04,https://cvc.cervantes.es/ensenanza/biblioteca_ele/plan_curricular/niveles/04_ortografia_inventario_a1-a2.htm,v1.24
9B-0176,A2_ORTHOGRAPHY_BOUNDARY,Puntuación,3.12 Barra,A2,Barra en cocientes de magnitudes: km/h,SLASH_MEASUREMENT,,,PCIC_A2_EXPLICIT,DO_NOT_PROMOTE_TO_A1,Frontera negativa explícita del PCIC-04; no promover por familiaridad o utilidad.,PCIC-04,https://cvc.cervantes.es/ensenanza/biblioteca_ele/plan_curricular/niveles/04_ortografia_inventario_a1-a2.htm,v1.24
9B-0177,A2_ORTHOGRAPHY_BOUNDARY,Puntuación,3.12 Barra,A2,Barra en división matemática,SLASH_MATH,,,PCIC_A2_EXPLICIT,DO_NOT_PROMOTE_TO_A1,Frontera negativa explícita del PCIC-04; no promover por familiaridad o utilidad.,PCIC-04,https://cvc.cervantes.es/ensenanza/biblioteca_ele/plan_curricular/niveles/04_ortografia_inventario_a1-a2.htm,v1.24
9B-0178,A2_ORTHOGRAPHY_BOUNDARY,Puntuación,3.12 Barra,A2,Barra en direcciones web,DIGITAL_ORTHOGRAPHY,,,PCIC_A2_EXPLICIT,DO_NOT_PROMOTE_TO_A1,Frontera negativa explícita del PCIC-04; no promover por familiaridad o utilidad.,PCIC-04,https://cvc.cervantes.es/ensenanza/biblioteca_ele/plan_curricular/niveles/04_ortografia_inventario_a1-a2.htm,v1.24
9B-0179,A2_ORTHOGRAPHY_BOUNDARY,Puntuación,3.13 Asterisco,A2,Asterisco como indicador de nota,ASTERISK,,,PCIC_A2_EXPLICIT,DO_NOT_PROMOTE_TO_A1,Frontera negativa explícita del PCIC-04; no promover por familiaridad o utilidad.,PCIC-04,https://cvc.cervantes.es/ensenanza/biblioteca_ele/plan_curricular/niveles/04_ortografia_inventario_a1-a2.htm,v1.24
9B-0180,A2_ORTHOGRAPHY_BOUNDARY,Abreviaturas y siglas,4.1 Abreviaturas,A2,Plural de abreviaturas por -s/-es,ABBREVIATION_NUMBER,,,PCIC_A2_EXPLICIT,DO_NOT_PROMOTE_TO_A1,Frontera negativa explícita del PCIC-04; no promover por familiaridad o utilidad.,PCIC-04,https://cvc.cervantes.es/ensenanza/biblioteca_ele/plan_curricular/niveles/04_ortografia_inventario_a1-a2.htm,v1.24
9B-0181,A2_ORTHOGRAPHY_BOUNDARY,Abreviaturas y siglas,4.1 Abreviaturas,A2,Plural de Ud./Vd. → Uds./Vds.,ABBREVIATION_NUMBER,,,PCIC_A2_EXPLICIT,DO_NOT_PROMOTE_TO_A1,Frontera negativa explícita del PCIC-04; no promover por familiaridad o utilidad.,PCIC-04,https://cvc.cervantes.es/ensenanza/biblioteca_ele/plan_curricular/niveles/04_ortografia_inventario_a1-a2.htm,v1.24
9B-0182,A2_ORTHOGRAPHY_BOUNDARY,Abreviaturas y siglas,4.1 Abreviaturas,A2,Plural de abreviaturas con letras voladas,ABBREVIATION_NUMBER,,,PCIC_A2_EXPLICIT,DO_NOT_PROMOTE_TO_A1,Frontera negativa explícita del PCIC-04; no promover por familiaridad o utilidad.,PCIC-04,https://cvc.cervantes.es/ensenanza/biblioteca_ele/plan_curricular/niveles/04_ortografia_inventario_a1-a2.htm,v1.24
9B-0183,A2_ORTHOGRAPHY_BOUNDARY,Abreviaturas y siglas,4.1 Abreviaturas,A2,Plural con -s final: págs.,ABBREVIATION_NUMBER,,,PCIC_A2_EXPLICIT,DO_NOT_PROMOTE_TO_A1,Frontera negativa explícita del PCIC-04; no promover por familiaridad o utilidad.,PCIC-04,https://cvc.cervantes.es/ensenanza/biblioteca_ele/plan_curricular/niveles/04_ortografia_inventario_a1-a2.htm,v1.24
9B-0184,A2_ORTHOGRAPHY_BOUNDARY,Abreviaturas y siglas,4.3 Símbolos,A2,"Símbolos de unidades de peso/medida: km, m², g, l",SYMBOL,,,PCIC_A2_EXPLICIT,DO_NOT_PROMOTE_TO_A1,Frontera negativa explícita del PCIC-04; no promover por familiaridad o utilidad.,PCIC-04,https://cvc.cervantes.es/ensenanza/biblioteca_ele/plan_curricular/niveles/04_ortografia_inventario_a1-a2.htm,v1.24
9B-0185,A2_ORTHOGRAPHY_BOUNDARY,Abreviaturas y siglas,4.3 Símbolos,A2,"Símbolos de temperatura: ºC, ºF",SYMBOL,,,PCIC_A2_EXPLICIT,DO_NOT_PROMOTE_TO_A1,Frontera negativa explícita del PCIC-04; no promover por familiaridad o utilidad.,PCIC-04,https://cvc.cervantes.es/ensenanza/biblioteca_ele/plan_curricular/niveles/04_ortografia_inventario_a1-a2.htm,v1.24
9B-0186,CEFR_A1_ORTHOGRAPHIC_CONTROL,Control ortográfico CEFR,Orthographic control,A1,Puede copiar palabras familiares y frases cortas,CEFR_DESCRIPTOR,,CEFR_ORTHOGRAPHIC_CONTROL,CEFR_A1_EXPLICIT,NO_LEXICAL_BASELINE_CHANGE,"Incluye señales/instrucciones simples, nombres de objetos/tiendas y fórmulas frecuentes.",CEFR-01,https://rm.coe.int/cefr-companion-volume-with-new-descriptors-2020/16809ea0d4,v1.24
9B-0187,CEFR_A1_ORTHOGRAPHIC_CONTROL,Control ortográfico CEFR,Orthographic control,A1,"Puede deletrear/escribir su dirección, nacionalidad y otros datos personales",CEFR_DESCRIPTOR,,CEFR_ORTHOGRAPHIC_CONTROL,CEFR_A1_EXPLICIT,NO_LEXICAL_BASELINE_CHANGE,Descriptor A1 de control ortográfico.,CEFR-01,https://rm.coe.int/cefr-companion-volume-with-new-descriptors-2020/16809ea0d4,v1.24
9B-0188,CEFR_A1_ORTHOGRAPHIC_CONTROL,Control ortográfico CEFR,Orthographic control,A1,"Puede usar puntuación básica, p. ej. punto y signos de interrogación",CEFR_DESCRIPTOR,,CEFR_ORTHOGRAPHIC_CONTROL,CEFR_A1_EXPLICIT,NO_LEXICAL_BASELINE_CHANGE,Descriptor A1 de control ortográfico.,CEFR-01,https://rm.coe.int/cefr-companion-volume-with-new-descriptors-2020/16809ea0d4,v1.24
9B-0189,9A_CROSSREF_RESOLVED,Interfaz fonología↔ortografía,9A §59.1.12,A1,Sonidos consonánticos ↔ grafías,PHONOLOGY_ORTHOGRAPHY_INTERFACE,,9A_ORTHOGRAPHY_CROSSREF_2,PCIC_A1_EXPLICIT,NO_LEXICAL_BASELINE_CHANGE,9B resuelve la remisión de 9A mediante inventario de correspondencias grafema-fonema.,PCIC-04,https://cvc.cervantes.es/ensenanza/biblioteca_ele/plan_curricular/niveles/04_ortografia_inventario_a1-a2.htm,v1.24
9B-0190,9A_CROSSREF_RESOLVED,Interfaz prosodia↔ortografía,9A §59.1.12,A1,Unidades melódicas ↔ puntuación básica,PROSODY_PUNCTUATION_INTERFACE,,9A_ORTHOGRAPHY_CROSSREF_1,PCIC_A1_EXPLICIT+CEFR_A1_EXPLICIT,NO_LEXICAL_BASELINE_CHANGE,"9B resuelve la remisión de 9A: punto, interrogación/exclamación y organización básica de enunciados.",PCIC-04,https://cvc.cervantes.es/ensenanza/biblioteca_ele/plan_curricular/niveles/04_ortografia_inventario_a1-a2.htm,v1.24
9B-0191,STRUCTURAL_NOTE,Arquitectura curricular,9B reglas de integración,META,La ortografía es inventario independiente del léxico,STRUCTURAL_RULE,,,EDITORIAL_RULE,NO_LEXICAL_BASELINE_CHANGE,Las reglas ortográficas no aumentan SURFACE_FORM_COUNT ni MWU_COUNT.,PCIC-04,https://cvc.cervantes.es/ensenanza/biblioteca_ele/plan_curricular/niveles/04_ortografia_inventario_a1-a2.htm,v1.24
9B-0192,STRUCTURAL_NOTE,Arquitectura curricular,9B reglas de integración,META,Ejemplos PCIC no son altas léxicas automáticas,STRUCTURAL_RULE,,,EDITORIAL_RULE,NO_LEXICAL_BASELINE_CHANGE,Palabras como xilófono o psicólogo usadas para ilustrar grafías no entran al baseline por aparecer como ejemplo ortográfico.,PCIC-04,https://cvc.cervantes.es/ensenanza/biblioteca_ele/plan_curricular/niveles/04_ortografia_inventario_a1-a2.htm,v1.24
9B-0193,STRUCTURAL_NOTE,Arquitectura curricular,9B reglas de integración,META,Correspondencia grafema-fonema depende de variedad,STRUCTURAL_RULE,,,EDITORIAL_RULE,NO_LEXICAL_BASELINE_CHANGE,"Seseo/distinción y realizaciones y/ll deben vincularse a perfiles regionales, no a una única pronunciación superior.",PCIC-04,https://cvc.cervantes.es/ensenanza/biblioteca_ele/plan_curricular/niveles/04_ortografia_inventario_a1-a2.htm,v1.24
9B-0194,STRUCTURAL_NOTE,Arquitectura curricular,9B reglas de integración,META,Control A1 prioriza inteligibilidad escrita funcional,STRUCTURAL_RULE,,,EDITORIAL_RULE,NO_LEXICAL_BASELINE_CHANGE,"CEFR A1 permite copia, datos personales y puntuación básica; PCIC ofrece el inventario español específico.",PCIC-04,https://cvc.cervantes.es/ensenanza/biblioteca_ele/plan_curricular/niveles/04_ortografia_inventario_a1-a2.htm,v1.24
