record_id,record_type,source_id,source_name,source_type,declared_level_scope,domain,item,item_type,attestation_granularity,baseline_presence,baseline_status,baseline_pos,pcic_conflict_status,pedagogical_signal,evidence_gate_before,evidence_gate_after,independent_source_count,baseline_action,promotion_allowed,review_status,notes,source_url,curriculum_version
TRI-A1-001,SOURCE_AUDIT,PED-01,UC Davis / Coursera — Basic Spanish Vocabulary,PEDAGOGICAL_AUDIT,BEGINNER_NOT_STRICT_A1,,,,LIMITED_PUBLIC_ITEM_DETAIL,NOT_APPLICABLE,,,NOT_APPLICABLE,SOURCE_USABILITY_AUDIT,NOT_APPLICABLE,NOT_APPLICABLE,,NO_CHANGE,NO,SCOPE_ONLY,Source classified by what its public materials can legitimately support in Phase 7E.,https://www.coursera.org/specializations/learn-spanish,1.18
TRI-A1-002,SOURCE_AUDIT,PED-02,JUNTXS — University of Queensland,UNIVERSITY_OER,A1-A2,,,,EXACT_ITEMS_AND_DOMAINS_BUT_LEVEL_BOUNDARY_UNRESOLVED,NOT_APPLICABLE,,,NOT_APPLICABLE,SOURCE_USABILITY_AUDIT,NOT_APPLICABLE,NOT_APPLICABLE,,NO_CHANGE,NO,CONDITIONAL,Source classified by what its public materials can legitimately support in Phase 7E.,https://uq.pressbooks.pub/introspanish/,1.18
TRI-A1-003,SOURCE_AUDIT,PED-03,Difusión — Aula Internacional Plus 1,EDITORIAL_A1,A1,,,,PUBLIC_SCOPE_AND_UNIT_LEXICON_DESIGN,NOT_APPLICABLE,,,NOT_APPLICABLE,SOURCE_USABILITY_AUDIT,NOT_APPLICABLE,NOT_APPLICABLE,,NO_CHANGE,NO,DOMAIN_AND_SCOPE,Source classified by what its public materials can legitimately support in Phase 7E.,https://difusion.com/catalogo/aula-internacional-plus/,1.18
TRI-A1-004,SOURCE_AUDIT,PED-04,Edinumen — Hablamos Compacto A1,EDITORIAL_A1,A1,,,,DETAILED_PUBLIC_CONTENT_TABLE,NOT_APPLICABLE,,,NOT_APPLICABLE,SOURCE_USABILITY_AUDIT,NOT_APPLICABLE,NOT_APPLICABLE,,NO_CHANGE,NO,ITEM_AND_DOMAIN,Source classified by what its public materials can legitimately support in Phase 7E.,https://edinumen.es/hablamos/pdf/hablamos_compacto_a1.pdf,1.18
TRI-A1-005,SOURCE_AUDIT,PED-05,Universitat de Barcelona — Lengua española A1,UNIVERSITY_A1,A1,,,,PROGRAM_LEVEL,NOT_APPLICABLE,,,NOT_APPLICABLE,SOURCE_USABILITY_AUDIT,NOT_APPLICABLE,NOT_APPLICABLE,,NO_CHANGE,NO,CONDITIONAL,Source classified by what its public materials can legitimately support in Phase 7E.,,1.18
TRI-A1-006,SOURCE_AUDIT,PED-06,Erasmus University Rotterdam — Spanish A1,UNIVERSITY_A1,A1,,,,DOMAIN_LEVEL,NOT_APPLICABLE,,,NOT_APPLICABLE,SOURCE_USABILITY_AUDIT,NOT_APPLICABLE,NOT_APPLICABLE,,NO_CHANGE,NO,DOMAIN,Source classified by what its public materials can legitimately support in Phase 7E.,https://www.eur.nl/en/education/language-training-centre/spanish/spanish-a1-beginners,1.18
TRI-A1-007,SOURCE_AUDIT,PED-07,iEspanol — A1 Home and Family,PEDAGOGICAL_A1_STRESS_TEST,A1_LABEL,,,,LESSON_LEVEL,NOT_APPLICABLE,,,NOT_APPLICABLE,SOURCE_USABILITY_AUDIT,NOT_APPLICABLE,NOT_APPLICABLE,,NO_CHANGE,NO,STRESS_TEST_ONLY,Source classified by what its public materials can legitimately support in Phase 7E.,https://iespanol.org/a1-lesson-21/,1.18
TRI-A1-008,SOURCE_AUDIT,PED-08,Tucaneo — La Casa,PEDAGOGICAL_A1_STRESS_TEST,A1_LABEL,,,,PARTIAL_ACCESS,NOT_APPLICABLE,,,NOT_APPLICABLE,SOURCE_USABILITY_AUDIT,NOT_APPLICABLE,NOT_APPLICABLE,,NO_CHANGE,NO,NOT_USED_NEW_ASSERTIONS,Source classified by what its public materials can legitimately support in Phase 7E.,https://tucaneo.com/A1/modulo_3/La_Casa,1.18
TRI-A1-009,SOURCE_AUDIT,PED-09,Universitat Politècnica de València — Elementary Spanish A1,UNIVERSITY_A1,A1,,,,DOMAINS_PLUS_FEW_EXACT_VERBS,NOT_APPLICABLE,,,NOT_APPLICABLE,SOURCE_USABILITY_AUDIT,NOT_APPLICABLE,NOT_APPLICABLE,,NO_CHANGE,NO,ITEM_AND_DOMAIN,Source classified by what its public materials can legitimately support in Phase 7E.,https://www.cfp.upv.es/formacion-permanente/curso/elementary-spanish-a1_103416.html,1.18
TRI-A1-010,SOURCE_AUDIT,PED-10,Paderborn University — Spanish A1,UNIVERSITY_A1,A1,,,,FUNCTIONAL_AND_DOMAIN_LEVEL,NOT_APPLICABLE,,,NOT_APPLICABLE,SOURCE_USABILITY_AUDIT,NOT_APPLICABLE,NOT_APPLICABLE,,NO_CHANGE,NO,DOMAIN,Source classified by what its public materials can legitimately support in Phase 7E.,https://www.uni-paderborn.de/en/zfs/language-courses-for-students/spanish/spanish-a1,1.18
TRI-A1-011,SOURCE_AUDIT,PED-11,AIL Español — City vocabulary A1,PEDAGOGICAL_A1_STRESS_TEST,A1_LABEL,,,,ITEM_LEVEL,NOT_APPLICABLE,,,NOT_APPLICABLE,SOURCE_USABILITY_AUDIT,NOT_APPLICABLE,NOT_APPLICABLE,,NO_CHANGE,NO,STRESS_TEST_ONLY,Source classified by what its public materials can legitimately support in Phase 7E.,https://ailespanol.com/learning-resources/spanish-city-vocabulary-a1-exercise/,1.18
TRI-A1-012,SOURCE_AUDIT,PED-12,Instituto Cervantes Manchester — Inicial 1/2 (A1.1/A1.2),INSTITUTIONAL_A1_IMPLEMENTATION,A1.1+A1.2,,,,DOMAINS_PLUS_EXACT_GRAMMATICAL_LEXEMES,NOT_APPLICABLE,,,NOT_APPLICABLE,SOURCE_USABILITY_AUDIT,NOT_APPLICABLE,NOT_APPLICABLE,,NO_CHANGE,NO,ITEM_AND_DOMAIN,Source classified by what its public materials can legitimately support in Phase 7E.,https://manchester.cervantes.es/es/cursos_espanol/cursos_generales/inicial/cursos_inicial_1.htm | https://manchester.cervantes.es/es/cursos_espanol/cursos_generales/inicial/cursos_inicial_2.htm,1.18
TRI-A1-013,SOURCE_AUDIT,PED-13,Universidad San Jorge — Curso de español A1 2025-2026,UNIVERSITY_A1,A1,,,,DETAILED_SYLLABUS,NOT_APPLICABLE,,,NOT_APPLICABLE,SOURCE_USABILITY_AUDIT,NOT_APPLICABLE,NOT_APPLICABLE,,NO_CHANGE,NO,ITEM_AND_DOMAIN,Source classified by what its public materials can legitimately support in Phase 7E.,https://www.usj.es/sites/default/files/content/Guida%20docente_Course%20guide%20Spanish%20A1_VR-C2.pdf,1.18
TRI-A1-014,SOURCE_ASSERTION,PED-02,JUNTXS — University of Queensland,UNIVERSITY_OER,A1-A2,Identidad personal,ser,LEXEME,EXACT_FORM,YES,A1_CORE_NORMATIVE,VERB,NONE_IDENTIFIED,BASELINE_CORROBORATION,E3_A1_NORMATIVE_OR_EXISTING,E3_A1_NORMATIVE_OR_EXISTING,,KEEP_BASELINE,NO,AUDITED,"Beginner module; resource scope is A1-A2, so item level is unresolved.",https://uq.pressbooks.pub/introspanish/,1.18
TRI-A1-015,SOURCE_ASSERTION,PED-02,JUNTXS — University of Queensland,UNIVERSITY_OER,A1-A2,Identidad personal,estar,LEXEME,EXACT_FORM,YES,A1_CORE_NORMATIVE,VERB,NONE_IDENTIFIED,BASELINE_CORROBORATION,E3_A1_NORMATIVE_OR_EXISTING,E3_A1_NORMATIVE_OR_EXISTING,,KEEP_BASELINE,NO,AUDITED,"Beginner module; resource scope is A1-A2, so item level is unresolved.",https://uq.pressbooks.pub/introspanish/,1.18
TRI-A1-016,SOURCE_ASSERTION,PED-02,JUNTXS — University of Queensland,UNIVERSITY_OER,A1-A2,Identidad personal,llamarse,LEXEME,EXACT_FORM,YES,A1_CORE_NORMATIVE,VERB,NONE_IDENTIFIED,BASELINE_CORROBORATION,E3_A1_NORMATIVE_OR_EXISTING,E3_A1_NORMATIVE_OR_EXISTING,,KEEP_BASELINE,NO,AUDITED,"Beginner module; resource scope is A1-A2, so item level is unresolved.",https://uq.pressbooks.pub/introspanish/,1.18
TRI-A1-017,SOURCE_ASSERTION,PED-02,JUNTXS — University of Queensland,UNIVERSITY_OER,A1-A2,Identidad personal,tener,LEXEME,EXACT_FORM,YES,A1_CORE_NORMATIVE,VERB,NONE_IDENTIFIED,BASELINE_CORROBORATION,E3_A1_NORMATIVE_OR_EXISTING,E3_A1_NORMATIVE_OR_EXISTING,,KEEP_BASELINE,NO,AUDITED,"Beginner module; resource scope is A1-A2, so item level is unresolved.",https://uq.pressbooks.pub/introspanish/,1.18
TRI-A1-018,SOURCE_ASSERTION,PED-02,JUNTXS — University of Queensland,UNIVERSITY_OER,A1-A2,Identidad personal,querer,LEXEME,EXACT_FORM,YES,A1_CORE_NORMATIVE,VERB,NONE_IDENTIFIED,BASELINE_CORROBORATION,E3_A1_NORMATIVE_OR_EXISTING,E3_A1_NORMATIVE_OR_EXISTING,,KEEP_BASELINE,NO,AUDITED,"Beginner module; resource scope is A1-A2, so item level is unresolved.",https://uq.pressbooks.pub/introspanish/,1.18
TRI-A1-019,SOURCE_ASSERTION,PED-02,JUNTXS — University of Queensland,UNIVERSITY_OER,A1-A2,Identidad personal,hablar,LEXEME,EXACT_FORM,YES,A1_CORE_NORMATIVE,VERB,NONE_IDENTIFIED,BASELINE_CORROBORATION,E3_A1_NORMATIVE_OR_EXISTING,E3_A1_NORMATIVE_OR_EXISTING,,KEEP_BASELINE,NO,AUDITED,"Beginner module; resource scope is A1-A2, so item level is unresolved.",https://uq.pressbooks.pub/introspanish/,1.18
TRI-A1-020,SOURCE_ASSERTION,PED-02,JUNTXS — University of Queensland,UNIVERSITY_OER,A1-A2,Identidad personal,comprender,LEXEME,EXACT_FORM,YES,A1_CORE_NORMATIVE,VERB,NONE_IDENTIFIED,BASELINE_CORROBORATION,E3_A1_NORMATIVE_OR_EXISTING,E3_A1_NORMATIVE_OR_EXISTING,,KEEP_BASELINE,NO,AUDITED,"Beginner module; resource scope is A1-A2, so item level is unresolved.",https://uq.pressbooks.pub/introspanish/,1.18
TRI-A1-021,SOURCE_ASSERTION,PED-02,JUNTXS — University of Queensland,UNIVERSITY_OER,A1-A2,Identidad personal,vivir,LEXEME,EXACT_FORM,YES,A1_CORE_NORMATIVE,VERB,NONE_IDENTIFIED,BASELINE_CORROBORATION,E3_A1_NORMATIVE_OR_EXISTING,E3_A1_NORMATIVE_OR_EXISTING,,KEEP_BASELINE,NO,AUDITED,"Beginner module; resource scope is A1-A2, so item level is unresolved.",https://uq.pressbooks.pub/introspanish/,1.18
TRI-A1-022,SOURCE_ASSERTION,PED-02,JUNTXS — University of Queensland,UNIVERSITY_OER,A1-A2,Discurso/Conexión,y,FUNCTION_WORD,EXACT_FORM,YES,A1_CORE_NORMATIVE,CONJ_CONNECTOR,NONE_IDENTIFIED,BASELINE_CORROBORATION,E3_A1_NORMATIVE_OR_EXISTING,E3_A1_NORMATIVE_OR_EXISTING,,KEEP_BASELINE,NO,AUDITED,Listed as connecting words in the first module; resource scope is A1-A2.,https://uq.pressbooks.pub/introspanish/,1.18
TRI-A1-023,SOURCE_ASSERTION,PED-02,JUNTXS — University of Queensland,UNIVERSITY_OER,A1-A2,Discurso/Conexión,o,FUNCTION_WORD,EXACT_FORM,YES,A1_CORE_NORMATIVE,CONJ_CONNECTOR,NONE_IDENTIFIED,BASELINE_CORROBORATION,E3_A1_NORMATIVE_OR_EXISTING,E3_A1_NORMATIVE_OR_EXISTING,,KEEP_BASELINE,NO,AUDITED,Listed as connecting words in the first module; resource scope is A1-A2.,https://uq.pressbooks.pub/introspanish/,1.18
TRI-A1-024,SOURCE_ASSERTION,PED-02,JUNTXS — University of Queensland,UNIVERSITY_OER,A1-A2,Discurso/Conexión,también,FUNCTION_WORD,EXACT_FORM,YES,A1_CORE_NORMATIVE,ADV_QUANT,NONE_IDENTIFIED,BASELINE_CORROBORATION,E3_A1_NORMATIVE_OR_EXISTING,E3_A1_NORMATIVE_OR_EXISTING,,KEEP_BASELINE,NO,AUDITED,Listed as connecting words in the first module; resource scope is A1-A2.,https://uq.pressbooks.pub/introspanish/,1.18
TRI-A1-025,SOURCE_ASSERTION,PED-02,JUNTXS — University of Queensland,UNIVERSITY_OER,A1-A2,Discurso/Conexión,pero,FUNCTION_WORD,EXACT_FORM,YES,A1_CORE_NORMATIVE,CONJ_CONNECTOR,NONE_IDENTIFIED,BASELINE_CORROBORATION,E3_A1_NORMATIVE_OR_EXISTING,E3_A1_NORMATIVE_OR_EXISTING,,KEEP_BASELINE,NO,AUDITED,Listed as connecting words in the first module; resource scope is A1-A2.,https://uq.pressbooks.pub/introspanish/,1.18
TRI-A1-026,SOURCE_ASSERTION,PED-02,JUNTXS — University of Queensland,UNIVERSITY_OER,A1-A2,Discurso/Conexión,ni,FUNCTION_WORD,EXACT_FORM,YES,A1_CORE_NORMATIVE,CONJ_CONNECTOR,NONE_IDENTIFIED,BASELINE_CORROBORATION,E3_A1_NORMATIVE_OR_EXISTING,E3_A1_NORMATIVE_OR_EXISTING,,KEEP_BASELINE,NO,AUDITED,Listed as connecting words in the first module; resource scope is A1-A2.,https://uq.pressbooks.pub/introspanish/,1.18
TRI-A1-027,SOURCE_ASSERTION,PED-02,JUNTXS — University of Queensland,UNIVERSITY_OER,A1-A2,Ocio,tiempo libre,MWU_OR_LABEL,EXACT_PHRASE,NO,,,EXPLICIT_A2_IN_PCIC_OCIO,PEDAGOGICAL_EXTENSION_SIGNAL,E0_OR_UNRESOLVED,E1_PEDAGOGICAL_ATTESTATION_ONLY,,REVIEW_ONLY_NO_PROMOTION,NO,AUDITED,Chapter title/use in beginner resource; not an A1-only assertion.; PCIC Ocio places tiempo libre in A2.,https://uq.pressbooks.pub/introspanish/,1.18
TRI-A1-028,SOURCE_ASSERTION,PED-02,JUNTXS — University of Queensland,UNIVERSITY_OER,A1-A2,Ocio,afición,LEXEME,EXACT_FORM,NO,,,EXPLICIT_A2_IN_PCIC_OCIO,PEDAGOGICAL_EXTENSION_SIGNAL,E0_OR_UNRESOLVED,E1_PEDAGOGICAL_ATTESTATION_ONLY,,REVIEW_ONLY_NO_PROMOTION,NO,AUDITED,Appears in the beginner resource as aficiones; not an A1-only assertion.; PCIC Ocio places afición/hobby in A2.,https://uq.pressbooks.pub/introspanish/,1.18
TRI-A1-029,SOURCE_ASSERTION,PED-04,Edinumen — Hablamos Compacto A1,EDITORIAL_A1,A1,Identidad personal,llamarse,LEXEME,EXACT_FORM,YES,A1_CORE_NORMATIVE,VERB,NONE_IDENTIFIED,BASELINE_CORROBORATION,E3_A1_NORMATIVE_OR_EXISTING,E3_A1_NORMATIVE_OR_EXISTING,,KEEP_BASELINE,NO,AUDITED,,https://edinumen.es/hablamos/pdf/hablamos_compacto_a1.pdf,1.18
TRI-A1-030,SOURCE_ASSERTION,PED-04,Edinumen — Hablamos Compacto A1,EDITORIAL_A1,A1,Identidad personal,ser,LEXEME,EXACT_FORM,YES,A1_CORE_NORMATIVE,VERB,NONE_IDENTIFIED,BASELINE_CORROBORATION,E3_A1_NORMATIVE_OR_EXISTING,E3_A1_NORMATIVE_OR_EXISTING,,KEEP_BASELINE,NO,AUDITED,,https://edinumen.es/hablamos/pdf/hablamos_compacto_a1.pdf,1.18
TRI-A1-031,SOURCE_ASSERTION,PED-04,Edinumen — Hablamos Compacto A1,EDITORIAL_A1,A1,Identidad personal,tener,LEXEME,EXACT_FORM,YES,A1_CORE_NORMATIVE,VERB,NONE_IDENTIFIED,BASELINE_CORROBORATION,E3_A1_NORMATIVE_OR_EXISTING,E3_A1_NORMATIVE_OR_EXISTING,,KEEP_BASELINE,NO,AUDITED,,https://edinumen.es/hablamos/pdf/hablamos_compacto_a1.pdf,1.18
TRI-A1-032,SOURCE_ASSERTION,PED-04,Edinumen — Hablamos Compacto A1,EDITORIAL_A1,A1,Identidad personal,vivir,LEXEME,EXACT_FORM,YES,A1_CORE_NORMATIVE,VERB,NONE_IDENTIFIED,BASELINE_CORROBORATION,E3_A1_NORMATIVE_OR_EXISTING,E3_A1_NORMATIVE_OR_EXISTING,,KEEP_BASELINE,NO,AUDITED,,https://edinumen.es/hablamos/pdf/hablamos_compacto_a1.pdf,1.18
TRI-A1-033,SOURCE_ASSERTION,PED-04,Edinumen — Hablamos Compacto A1,EDITORIAL_A1,A1,Identidad personal,hablar,LEXEME,EXACT_FORM,YES,A1_CORE_NORMATIVE,VERB,NONE_IDENTIFIED,BASELINE_CORROBORATION,E3_A1_NORMATIVE_OR_EXISTING,E3_A1_NORMATIVE_OR_EXISTING,,KEEP_BASELINE,NO,AUDITED,,https://edinumen.es/hablamos/pdf/hablamos_compacto_a1.pdf,1.18
TRI-A1-034,SOURCE_ASSERTION,PED-04,Edinumen — Hablamos Compacto A1,EDITORIAL_A1,A1,Descripción física,llevar,LEXEME,EXACT_FORM,YES,A1_CORE_NORMATIVE,VERB,NONE_IDENTIFIED,BASELINE_CORROBORATION,E3_A1_NORMATIVE_OR_EXISTING,E3_A1_NORMATIVE_OR_EXISTING,,KEEP_BASELINE,NO,AUDITED,,https://edinumen.es/hablamos/pdf/hablamos_compacto_a1.pdf,1.18
TRI-A1-035,SOURCE_ASSERTION,PED-04,Edinumen — Hablamos Compacto A1,EDITORIAL_A1,A1,Estados/localización,estar,LEXEME,EXACT_FORM,YES,A1_CORE_NORMATIVE,VERB,NONE_IDENTIFIED,BASELINE_CORROBORATION,E3_A1_NORMATIVE_OR_EXISTING,E3_A1_NORMATIVE_OR_EXISTING,,KEEP_BASELINE,NO,AUDITED,,https://edinumen.es/hablamos/pdf/hablamos_compacto_a1.pdf,1.18
TRI-A1-036,SOURCE_ASSERTION,PED-04,Edinumen — Hablamos Compacto A1,EDITORIAL_A1,A1,Gustos,gustar,LEXEME,EXACT_FORM,YES,A1_CORE_NORMATIVE,VERB,NONE_IDENTIFIED,BASELINE_CORROBORATION,E3_A1_NORMATIVE_OR_EXISTING,E3_A1_NORMATIVE_OR_EXISTING,,KEEP_BASELINE,NO,AUDITED,,https://edinumen.es/hablamos/pdf/hablamos_compacto_a1.pdf,1.18
TRI-A1-037,SOURCE_ASSERTION,PED-04,Edinumen — Hablamos Compacto A1,EDITORIAL_A1,A1,Gustos,encantar,LEXEME,EXACT_FORM,NO,,,EXPLICIT_A2_IN_PCIC_PERCEPTIVE_DOMAIN,PEDAGOGICAL_EXTENSION_SIGNAL,E0_OR_UNRESOLVED,E1_PEDAGOGICAL_ATTESTATION_ONLY,,REVIEW_ONLY_NO_PROMOTION,NO,AUDITED,PCIC 2.2 places encantar in A2 in feelings/states; external A1 materials do not override that assertion.,https://edinumen.es/hablamos/pdf/hablamos_compacto_a1.pdf,1.18
TRI-A1-038,SOURCE_ASSERTION,PED-04,Edinumen — Hablamos Compacto A1,EDITORIAL_A1,A1,Movilidad,ir,LEXEME,EXACT_FORM,YES,A1_CORE_NORMATIVE,VERB,NONE_IDENTIFIED,BASELINE_CORROBORATION,E3_A1_NORMATIVE_OR_EXISTING,E3_A1_NORMATIVE_OR_EXISTING,,KEEP_BASELINE,NO,AUDITED,,https://edinumen.es/hablamos/pdf/hablamos_compacto_a1.pdf,1.18
TRI-A1-039,SOURCE_ASSERTION,PED-04,Edinumen — Hablamos Compacto A1,EDITORIAL_A1,A1,Gustos,preferir,LEXEME,EXACT_FORM,YES,A1_CORE_NORMATIVE,VERB,NONE_IDENTIFIED,BASELINE_CORROBORATION,E3_A1_NORMATIVE_OR_EXISTING,E3_A1_NORMATIVE_OR_EXISTING,,KEEP_BASELINE,NO,AUDITED,,https://edinumen.es/hablamos/pdf/hablamos_compacto_a1.pdf,1.18
TRI-A1-040,SOURCE_ASSERTION,PED-04,Edinumen — Hablamos Compacto A1,EDITORIAL_A1,A1,Ocio/recomendación,tener que + infinitivo,PATTERN,EXACT_PATTERN,NO,,,EXPLICIT_A2_IN_PCIC_FUNCTIONS,PEDAGOGICAL_EXTENSION_SIGNAL,E0_OR_UNRESOLVED,E1_PEDAGOGICAL_ATTESTATION_ONLY,,REVIEW_ONLY_NO_PROMOTION,NO,AUDITED,Existing Phase 6C audit records tener que + infinitivo in A2 in the relevant function page.,https://edinumen.es/hablamos/pdf/hablamos_compacto_a1.pdf,1.18
TRI-A1-041,SOURCE_ASSERTION,PED-04,Edinumen — Hablamos Compacto A1,EDITORIAL_A1,A1,Ocio/recomendación,hay que + infinitivo,PATTERN,EXACT_PATTERN,NO,,,EXPLICIT_A2_IN_PCIC_FUNCTIONS,PEDAGOGICAL_EXTENSION_SIGNAL,E0_OR_UNRESOLVED,E1_PEDAGOGICAL_ATTESTATION_ONLY,,REVIEW_ONLY_NO_PROMOTION,NO,AUDITED,Existing Phase 6C audit records hay que + infinitivo in A2 in the relevant function page.,https://edinumen.es/hablamos/pdf/hablamos_compacto_a1.pdf,1.18
TRI-A1-042,SOURCE_ASSERTION,PED-04,Edinumen — Hablamos Compacto A1,EDITORIAL_A1,A1,Ocio/recomendación,necesitar + infinitivo,PATTERN,EXACT_PATTERN,NO,,,NO_EXPLICIT_A1_EVIDENCE_IN_CURRENT_NORMATIVE_LEDGER,PEDAGOGICAL_EXTENSION_SIGNAL,E0_OR_UNRESOLVED,E1_PEDAGOGICAL_ATTESTATION_ONLY,,REVIEW_ONLY_NO_PROMOTION,NO,AUDITED,Editorial A1 signal only; normative A1 evidence not established.,https://edinumen.es/hablamos/pdf/hablamos_compacto_a1.pdf,1.18
TRI-A1-043,SOURCE_ASSERTION,PED-04,Edinumen — Hablamos Compacto A1,EDITORIAL_A1,A1,Acciones en curso,estar + gerundio,PATTERN,EXACT_PATTERN,NO,,,EXPLICIT_A2_IN_PCIC_GENERAL_NOTIONS,PEDAGOGICAL_EXTENSION_SIGNAL,E0_OR_UNRESOLVED,E1_PEDAGOGICAL_ATTESTATION_ONLY,,REVIEW_ONLY_NO_PROMOTION,NO,AUDITED,Existing Phase 6B audit records estar + gerundio only in A2 on the audited page.,https://edinumen.es/hablamos/pdf/hablamos_compacto_a1.pdf,1.18
TRI-A1-044,SOURCE_ASSERTION,PED-04,Edinumen — Hablamos Compacto A1,EDITORIAL_A1,A1,Planes/vacaciones,soler + infinitivo,PATTERN,EXACT_PATTERN,NO,,,NO_EXPLICIT_A1_EVIDENCE_IN_CURRENT_NORMATIVE_LEDGER,PEDAGOGICAL_EXTENSION_SIGNAL,E0_OR_UNRESOLVED,E1_PEDAGOGICAL_ATTESTATION_ONLY,,REVIEW_ONLY_NO_PROMOTION,NO,AUDITED,Editorial A1 signal only; normative A1 evidence not established.,https://edinumen.es/hablamos/pdf/hablamos_compacto_a1.pdf,1.18
TRI-A1-045,SOURCE_ASSERTION,PED-04,Edinumen — Hablamos Compacto A1,EDITORIAL_A1,A1,Planes/vacaciones,volver a + infinitivo,PATTERN,EXACT_PATTERN,NO,,,NONE_IDENTIFIED,PEDAGOGICAL_SIGNAL_PENDING,E0_OR_UNRESOLVED,E1_PEDAGOGICAL_ATTESTATION_ONLY,,REVIEW_ONLY_NO_PROMOTION,NO,AUDITED,,https://edinumen.es/hablamos/pdf/hablamos_compacto_a1.pdf,1.18
TRI-A1-046,SOURCE_ASSERTION,PED-04,Edinumen — Hablamos Compacto A1,EDITORIAL_A1,A1,Relaciones personales,familia,LEXEME,EXACT_FORM,YES,A1_CORE_NORMATIVE,NOUN,NONE_IDENTIFIED,BASELINE_CORROBORATION,E3_A1_NORMATIVE_OR_EXISTING,E3_A1_NORMATIVE_OR_EXISTING,,KEEP_BASELINE,NO,AUDITED,,https://edinumen.es/hablamos/pdf/hablamos_compacto_a1.pdf,1.18
TRI-A1-047,SOURCE_ASSERTION,PED-04,Edinumen — Hablamos Compacto A1,EDITORIAL_A1,A1,Ciudad,barrio,LEXEME,EXACT_FORM,NO,,,EXPLICIT_A2_IN_PCIC_CITY,PEDAGOGICAL_EXTENSION_SIGNAL,E0_OR_UNRESOLVED,E1_PEDAGOGICAL_ATTESTATION_ONLY,,REVIEW_ONLY_NO_PROMOTION,NO,AUDITED,PCIC city audit places barrio in A2.,https://edinumen.es/hablamos/pdf/hablamos_compacto_a1.pdf,1.18
TRI-A1-048,SOURCE_ASSERTION,PED-04,Edinumen — Hablamos Compacto A1,EDITORIAL_A1,A1,Compras,supermercado,LEXEME,EXACT_FORM,YES,A1_CORE_NORMATIVE,NOUN,NONE_IDENTIFIED,BASELINE_CORROBORATION,E3_A1_NORMATIVE_OR_EXISTING,E3_A1_NORMATIVE_OR_EXISTING,,KEEP_BASELINE,NO,AUDITED,,https://edinumen.es/hablamos/pdf/hablamos_compacto_a1.pdf,1.18
TRI-A1-049,SOURCE_ASSERTION,PED-04,Edinumen — Hablamos Compacto A1,EDITORIAL_A1,A1,Viajes,vacaciones,LEXEME,EXACT_FORM,YES,A1_CORE_NORMATIVE,NOUN,NONE_IDENTIFIED,BASELINE_CORROBORATION,E3_A1_NORMATIVE_OR_EXISTING,E3_A1_NORMATIVE_OR_EXISTING,,KEEP_BASELINE,NO,AUDITED,,https://edinumen.es/hablamos/pdf/hablamos_compacto_a1.pdf,1.18
TRI-A1-050,SOURCE_ASSERTION,PED-04,Edinumen — Hablamos Compacto A1,EDITORIAL_A1,A1,Alimentación,comida,LEXEME,EXACT_FORM,YES,A1_CORE_NORMATIVE,NOUN,NONE_IDENTIFIED,BASELINE_CORROBORATION,E3_A1_NORMATIVE_OR_EXISTING,E3_A1_NORMATIVE_OR_EXISTING,,KEEP_BASELINE,NO,AUDITED,,https://edinumen.es/hablamos/pdf/hablamos_compacto_a1.pdf,1.18
TRI-A1-051,SOURCE_ASSERTION,PED-04,Edinumen — Hablamos Compacto A1,EDITORIAL_A1,A1,Ocio,ocio,DOMAIN_LABEL,DOMAIN_OR_TOPIC_LABEL,NO,,,NONE_IDENTIFIED,DOMAIN_CORROBORATION,NOT_A_LEXEME_GATE,NOT_A_LEXEME_GATE,,NO_CHANGE,NO,AUDITED,,https://edinumen.es/hablamos/pdf/hablamos_compacto_a1.pdf,1.18
TRI-A1-052,SOURCE_ASSERTION,PED-04,Edinumen — Hablamos Compacto A1,EDITORIAL_A1,A1,Ocio,espectáculos,DOMAIN_LABEL,DOMAIN_OR_TOPIC_LABEL,NO,,,NONE_IDENTIFIED,DOMAIN_CORROBORATION,NOT_A_LEXEME_GATE,NOT_A_LEXEME_GATE,,NO_CHANGE,NO,AUDITED,,https://edinumen.es/hablamos/pdf/hablamos_compacto_a1.pdf,1.18
TRI-A1-053,SOURCE_ASSERTION,PED-04,Edinumen — Hablamos Compacto A1,EDITORIAL_A1,A1,Vida cotidiana,acciones cotidianas,DOMAIN_LABEL,DOMAIN_OR_TOPIC_LABEL,NO,,,NONE_IDENTIFIED,DOMAIN_CORROBORATION,NOT_A_LEXEME_GATE,NOT_A_LEXEME_GATE,,NO_CHANGE,NO,AUDITED,,https://edinumen.es/hablamos/pdf/hablamos_compacto_a1.pdf,1.18
TRI-A1-054,SOURCE_ASSERTION,PED-04,Edinumen — Hablamos Compacto A1,EDITORIAL_A1,A1,Vivienda,tareas de la casa,DOMAIN_LABEL,DOMAIN_OR_TOPIC_LABEL,NO,,,NONE_IDENTIFIED,DOMAIN_CORROBORATION,NOT_A_LEXEME_GATE,NOT_A_LEXEME_GATE,,NO_CHANGE,NO,AUDITED,,https://edinumen.es/hablamos/pdf/hablamos_compacto_a1.pdf,1.18
TRI-A1-055,SOURCE_ASSERTION,PED-04,Edinumen — Hablamos Compacto A1,EDITORIAL_A1,A1,Dimensión perceptiva,cinco sentidos,DOMAIN_LABEL,DOMAIN_OR_TOPIC_LABEL,NO,,,NONE_IDENTIFIED,DOMAIN_CORROBORATION,NOT_A_LEXEME_GATE,NOT_A_LEXEME_GATE,,NO_CHANGE,NO,AUDITED,,https://edinumen.es/hablamos/pdf/hablamos_compacto_a1.pdf,1.18
TRI-A1-056,SOURCE_ASSERTION,PED-05,Universitat de Barcelona — Lengua española A1,UNIVERSITY_A1,A1,Gramática,me,PRONOUN,EXACT_FORM,YES,A1_CORE_NORMATIVE,CLITIC,NONE_IDENTIFIED,BASELINE_CORROBORATION,E3_A1_NORMATIVE_OR_EXISTING,E3_A1_NORMATIVE_OR_EXISTING,,KEEP_BASELINE,NO,AUDITED,University A1 program corroborates indirect-object material.,,1.18
TRI-A1-057,SOURCE_ASSERTION,PED-05,Universitat de Barcelona — Lengua española A1,UNIVERSITY_A1,A1,Gramática,te,PRONOUN,EXACT_FORM,NO,,,KNOWN_PEDAGOGICAL_VS_PCIC_GRAMMAR_SCOPE_CONFLICT,PEDAGOGICAL_EXTENSION_SIGNAL,E0_OR_UNRESOLVED,E1_PEDAGOGICAL_ATTESTATION_ONLY,,REVIEW_ONLY_NO_PROMOTION,NO,AUDITED,Known wider pedagogical A1 treatment; existing curriculum already records mismatch with strict PCIC A1 extraction.; Existing source registry records a university A1 program broader than the strict PCIC A1 extraction for OI pronouns.,,1.18
TRI-A1-058,SOURCE_ASSERTION,PED-06,Erasmus University Rotterdam — Spanish A1,UNIVERSITY_A1,A1,Relaciones personales,familia,DOMAIN_LABEL,DOMAIN_OR_TOPIC_LABEL,YES,A1_CORE_NORMATIVE,NOUN,NONE_IDENTIFIED,DOMAIN_CORROBORATION,NOT_A_LEXEME_GATE,NOT_A_LEXEME_GATE,,NO_CHANGE,NO,AUDITED,,https://www.eur.nl/en/education/language-training-centre/spanish/spanish-a1-beginners,1.18
TRI-A1-059,SOURCE_ASSERTION,PED-06,Erasmus University Rotterdam — Spanish A1,UNIVERSITY_A1,A1,Compras,compras,DOMAIN_LABEL,DOMAIN_OR_TOPIC_LABEL,NO,,,NONE_IDENTIFIED,DOMAIN_CORROBORATION,NOT_A_LEXEME_GATE,NOT_A_LEXEME_GATE,,NO_CHANGE,NO,AUDITED,,https://www.eur.nl/en/education/language-training-centre/spanish/spanish-a1-beginners,1.18
TRI-A1-060,SOURCE_ASSERTION,PED-06,Erasmus University Rotterdam — Spanish A1,UNIVERSITY_A1,A1,Compras,ropa,DOMAIN_LABEL,DOMAIN_OR_TOPIC_LABEL,NO,,,NONE_IDENTIFIED,DOMAIN_CORROBORATION,NOT_A_LEXEME_GATE,NOT_A_LEXEME_GATE,,NO_CHANGE,NO,AUDITED,,https://www.eur.nl/en/education/language-training-centre/spanish/spanish-a1-beginners,1.18
TRI-A1-061,SOURCE_ASSERTION,PED-06,Erasmus University Rotterdam — Spanish A1,UNIVERSITY_A1,A1,Cualidades,colores,DOMAIN_LABEL,DOMAIN_OR_TOPIC_LABEL,NO,,,NONE_IDENTIFIED,DOMAIN_CORROBORATION,NOT_A_LEXEME_GATE,NOT_A_LEXEME_GATE,,NO_CHANGE,NO,AUDITED,,https://www.eur.nl/en/education/language-training-centre/spanish/spanish-a1-beginners,1.18
TRI-A1-062,SOURCE_ASSERTION,PED-06,Erasmus University Rotterdam — Spanish A1,UNIVERSITY_A1,A1,Dimensión anímica,personalidad,DOMAIN_LABEL,DOMAIN_OR_TOPIC_LABEL,NO,,,NONE_IDENTIFIED,DOMAIN_CORROBORATION,NOT_A_LEXEME_GATE,NOT_A_LEXEME_GATE,,NO_CHANGE,NO,AUDITED,,https://www.eur.nl/en/education/language-training-centre/spanish/spanish-a1-beginners,1.18
TRI-A1-063,SOURCE_ASSERTION,PED-06,Erasmus University Rotterdam — Spanish A1,UNIVERSITY_A1,A1,Intercultural,países hispanohablantes,DOMAIN_LABEL,DOMAIN_OR_TOPIC_LABEL,NO,,,NONE_IDENTIFIED,DOMAIN_CORROBORATION,NOT_A_LEXEME_GATE,NOT_A_LEXEME_GATE,,NO_CHANGE,NO,AUDITED,,https://www.eur.nl/en/education/language-training-centre/spanish/spanish-a1-beginners,1.18
TRI-A1-064,SOURCE_ASSERTION,PED-09,Universitat Politècnica de València — Elementary Spanish A1,UNIVERSITY_A1,A1,Identidad personal,ser,LEXEME,EXACT_FORM,YES,A1_CORE_NORMATIVE,VERB,NONE_IDENTIFIED,BASELINE_CORROBORATION,E3_A1_NORMATIVE_OR_EXISTING,E3_A1_NORMATIVE_OR_EXISTING,,KEEP_BASELINE,NO,AUDITED,,https://www.cfp.upv.es/formacion-permanente/curso/elementary-spanish-a1_103416.html,1.18
TRI-A1-065,SOURCE_ASSERTION,PED-09,Universitat Politècnica de València — Elementary Spanish A1,UNIVERSITY_A1,A1,Identidad personal,estar,LEXEME,EXACT_FORM,YES,A1_CORE_NORMATIVE,VERB,NONE_IDENTIFIED,BASELINE_CORROBORATION,E3_A1_NORMATIVE_OR_EXISTING,E3_A1_NORMATIVE_OR_EXISTING,,KEEP_BASELINE,NO,AUDITED,,https://www.cfp.upv.es/formacion-permanente/curso/elementary-spanish-a1_103416.html,1.18
TRI-A1-066,SOURCE_ASSERTION,PED-09,Universitat Politècnica de València — Elementary Spanish A1,UNIVERSITY_A1,A1,Identidad personal,llamarse,LEXEME,EXACT_FORM,YES,A1_CORE_NORMATIVE,VERB,NONE_IDENTIFIED,BASELINE_CORROBORATION,E3_A1_NORMATIVE_OR_EXISTING,E3_A1_NORMATIVE_OR_EXISTING,,KEEP_BASELINE,NO,AUDITED,,https://www.cfp.upv.es/formacion-permanente/curso/elementary-spanish-a1_103416.html,1.18
TRI-A1-067,SOURCE_ASSERTION,PED-09,Universitat Politècnica de València — Elementary Spanish A1,UNIVERSITY_A1,A1,Educación,universidad,DOMAIN_LABEL,DOMAIN_OR_TOPIC_LABEL,YES,A1_CORE_NORMATIVE,NOUN,NONE_IDENTIFIED,DOMAIN_CORROBORATION,NOT_A_LEXEME_GATE,NOT_A_LEXEME_GATE,,NO_CHANGE,NO,AUDITED,,https://www.cfp.upv.es/formacion-permanente/curso/elementary-spanish-a1_103416.html,1.18
TRI-A1-068,SOURCE_ASSERTION,PED-09,Universitat Politècnica de València — Elementary Spanish A1,UNIVERSITY_A1,A1,Identidad personal,nacionalidades,DOMAIN_LABEL,DOMAIN_OR_TOPIC_LABEL,NO,,,NONE_IDENTIFIED,DOMAIN_CORROBORATION,NOT_A_LEXEME_GATE,NOT_A_LEXEME_GATE,,NO_CHANGE,NO,AUDITED,,https://www.cfp.upv.es/formacion-permanente/curso/elementary-spanish-a1_103416.html,1.18
TRI-A1-069,SOURCE_ASSERTION,PED-09,Universitat Politècnica de València — Elementary Spanish A1,UNIVERSITY_A1,A1,Trabajo,profesiones,DOMAIN_LABEL,DOMAIN_OR_TOPIC_LABEL,NO,,,NONE_IDENTIFIED,DOMAIN_CORROBORATION,NOT_A_LEXEME_GATE,NOT_A_LEXEME_GATE,,NO_CHANGE,NO,AUDITED,,https://www.cfp.upv.es/formacion-permanente/curso/elementary-spanish-a1_103416.html,1.18
TRI-A1-070,SOURCE_ASSERTION,PED-09,Universitat Politècnica de València — Elementary Spanish A1,UNIVERSITY_A1,A1,Tiempo,horarios,DOMAIN_LABEL,DOMAIN_OR_TOPIC_LABEL,NO,,,NONE_IDENTIFIED,DOMAIN_CORROBORATION,NOT_A_LEXEME_GATE,NOT_A_LEXEME_GATE,,NO_CHANGE,NO,AUDITED,,https://www.cfp.upv.es/formacion-permanente/curso/elementary-spanish-a1_103416.html,1.18
TRI-A1-071,SOURCE_ASSERTION,PED-09,Universitat Politècnica de València — Elementary Spanish A1,UNIVERSITY_A1,A1,Educación,asignaturas,DOMAIN_LABEL,DOMAIN_OR_TOPIC_LABEL,NO,,,NONE_IDENTIFIED,DOMAIN_CORROBORATION,NOT_A_LEXEME_GATE,NOT_A_LEXEME_GATE,,NO_CHANGE,NO,AUDITED,,https://www.cfp.upv.es/formacion-permanente/curso/elementary-spanish-a1_103416.html,1.18
TRI-A1-072,SOURCE_ASSERTION,PED-10,Paderborn University — Spanish A1,UNIVERSITY_A1,A1,Ocio,aficiones,DOMAIN_LABEL,DOMAIN_OR_TOPIC_LABEL,NO,,,EXPLICIT_A2_IN_PCIC_OCIO,DOMAIN_CORROBORATION,NOT_A_LEXEME_GATE,NOT_A_LEXEME_GATE,,NO_CHANGE,NO,AUDITED,Plural/domain manifestation of afición; PCIC Ocio places the lexical unit in A2.,https://www.uni-paderborn.de/en/zfs/language-courses-for-students/spanish/spanish-a1,1.18
TRI-A1-073,SOURCE_ASSERTION,PED-10,Paderborn University — Spanish A1,UNIVERSITY_A1,A1,Ciudad,ciudad,DOMAIN_LABEL,DOMAIN_OR_TOPIC_LABEL,YES,A1_CORE_NORMATIVE,NOUN,NONE_IDENTIFIED,DOMAIN_CORROBORATION,NOT_A_LEXEME_GATE,NOT_A_LEXEME_GATE,,NO_CHANGE,NO,AUDITED,,https://www.uni-paderborn.de/en/zfs/language-courses-for-students/spanish/spanish-a1,1.18
TRI-A1-074,SOURCE_ASSERTION,PED-10,Paderborn University — Spanish A1,UNIVERSITY_A1,A1,Compras,ropa,DOMAIN_LABEL,DOMAIN_OR_TOPIC_LABEL,NO,,,NONE_IDENTIFIED,DOMAIN_CORROBORATION,NOT_A_LEXEME_GATE,NOT_A_LEXEME_GATE,,NO_CHANGE,NO,AUDITED,,https://www.uni-paderborn.de/en/zfs/language-courses-for-students/spanish/spanish-a1,1.18
TRI-A1-075,SOURCE_ASSERTION,PED-10,Paderborn University — Spanish A1,UNIVERSITY_A1,A1,Relaciones personales,familia,DOMAIN_LABEL,DOMAIN_OR_TOPIC_LABEL,YES,A1_CORE_NORMATIVE,NOUN,NONE_IDENTIFIED,DOMAIN_CORROBORATION,NOT_A_LEXEME_GATE,NOT_A_LEXEME_GATE,,NO_CHANGE,NO,AUDITED,,https://www.uni-paderborn.de/en/zfs/language-courses-for-students/spanish/spanish-a1,1.18
TRI-A1-076,SOURCE_ASSERTION,PED-10,Paderborn University — Spanish A1,UNIVERSITY_A1,A1,Vida cotidiana,vida cotidiana,DOMAIN_LABEL,DOMAIN_OR_TOPIC_LABEL,NO,,,NONE_IDENTIFIED,DOMAIN_CORROBORATION,NOT_A_LEXEME_GATE,NOT_A_LEXEME_GATE,,NO_CHANGE,NO,AUDITED,,https://www.uni-paderborn.de/en/zfs/language-courses-for-students/spanish/spanish-a1,1.18
TRI-A1-077,SOURCE_ASSERTION,PED-10,Paderborn University — Spanish A1,UNIVERSITY_A1,A1,Alimentación,comida,DOMAIN_LABEL,DOMAIN_OR_TOPIC_LABEL,YES,A1_CORE_NORMATIVE,NOUN,NONE_IDENTIFIED,DOMAIN_CORROBORATION,NOT_A_LEXEME_GATE,NOT_A_LEXEME_GATE,,NO_CHANGE,NO,AUDITED,,https://www.uni-paderborn.de/en/zfs/language-courses-for-students/spanish/spanish-a1,1.18
TRI-A1-078,SOURCE_ASSERTION,PED-10,Paderborn University — Spanish A1,UNIVERSITY_A1,A1,Compras,precios,DOMAIN_LABEL,DOMAIN_OR_TOPIC_LABEL,NO,,,NONE_IDENTIFIED,DOMAIN_CORROBORATION,NOT_A_LEXEME_GATE,NOT_A_LEXEME_GATE,,NO_CHANGE,NO,AUDITED,,https://www.uni-paderborn.de/en/zfs/language-courses-for-students/spanish/spanish-a1,1.18
TRI-A1-079,SOURCE_ASSERTION,PED-10,Paderborn University — Spanish A1,UNIVERSITY_A1,A1,Tiempo,horarios,DOMAIN_LABEL,DOMAIN_OR_TOPIC_LABEL,NO,,,NONE_IDENTIFIED,DOMAIN_CORROBORATION,NOT_A_LEXEME_GATE,NOT_A_LEXEME_GATE,,NO_CHANGE,NO,AUDITED,,https://www.uni-paderborn.de/en/zfs/language-courses-for-students/spanish/spanish-a1,1.18
TRI-A1-080,SOURCE_ASSERTION,PED-10,Paderborn University — Spanish A1,UNIVERSITY_A1,A1,Viajes,aeropuerto,DOMAIN_LABEL,DOMAIN_OR_TOPIC_LABEL,YES,A1_CORE_NORMATIVE,NOUN,NONE_IDENTIFIED,DOMAIN_CORROBORATION,NOT_A_LEXEME_GATE,NOT_A_LEXEME_GATE,,NO_CHANGE,NO,AUDITED,,https://www.uni-paderborn.de/en/zfs/language-courses-for-students/spanish/spanish-a1,1.18
TRI-A1-081,SOURCE_ASSERTION,PED-10,Paderborn University — Spanish A1,UNIVERSITY_A1,A1,Transporte,estación,DOMAIN_LABEL,DOMAIN_OR_TOPIC_LABEL,YES,A1_CORE_NORMATIVE,NOUN,NONE_IDENTIFIED,DOMAIN_CORROBORATION,NOT_A_LEXEME_GATE,NOT_A_LEXEME_GATE,,NO_CHANGE,NO,AUDITED,,https://www.uni-paderborn.de/en/zfs/language-courses-for-students/spanish/spanish-a1,1.18
TRI-A1-082,SOURCE_ASSERTION,PED-12,Instituto Cervantes Manchester — Inicial 1/2 (A1.1/A1.2),INSTITUTIONAL_A1_IMPLEMENTATION,A1.1+A1.2,Gustos,gustar,LEXEME_OR_FUNCTION_WORD,EXACT_FORM,YES,A1_CORE_NORMATIVE,VERB,NONE_IDENTIFIED,BASELINE_CORROBORATION,E3_A1_NORMATIVE_OR_EXISTING,E3_A1_NORMATIVE_OR_EXISTING,,KEEP_BASELINE,NO,AUDITED,,https://manchester.cervantes.es/es/cursos_espanol/cursos_generales/inicial/cursos_inicial_1.htm | https://manchester.cervantes.es/es/cursos_espanol/cursos_generales/inicial/cursos_inicial_2.htm,1.18
TRI-A1-083,SOURCE_ASSERTION,PED-12,Instituto Cervantes Manchester — Inicial 1/2 (A1.1/A1.2),INSTITUTIONAL_A1_IMPLEMENTATION,A1.1+A1.2,Gustos,encantar,LEXEME_OR_FUNCTION_WORD,EXACT_FORM,NO,,,EXPLICIT_A2_IN_PCIC_PERCEPTIVE_DOMAIN,PEDAGOGICAL_EXTENSION_SIGNAL,E0_OR_UNRESOLVED,E1_PEDAGOGICAL_ATTESTATION_ONLY,,REVIEW_ONLY_NO_PROMOTION,NO,AUDITED,PCIC 2.2 places encantar in A2 in feelings/states; external A1 materials do not override that assertion.,https://manchester.cervantes.es/es/cursos_espanol/cursos_generales/inicial/cursos_inicial_1.htm | https://manchester.cervantes.es/es/cursos_espanol/cursos_generales/inicial/cursos_inicial_2.htm,1.18
TRI-A1-084,SOURCE_ASSERTION,PED-12,Instituto Cervantes Manchester — Inicial 1/2 (A1.1/A1.2),INSTITUTIONAL_A1_IMPLEMENTATION,A1.1+A1.2,Gustos,interesar,LEXEME_OR_FUNCTION_WORD,EXACT_FORM,NO,,,NO_EXPLICIT_A1_LEXICAL_ASSERTION_ESTABLISHED,PEDAGOGICAL_EXTENSION_SIGNAL,E0_OR_UNRESOLVED,E1_PEDAGOGICAL_ATTESTATION_ONLY,,REVIEW_ONLY_NO_PROMOTION,NO,AUDITED,"Cervantes course implementation uses interesar, but current A1 lexical baseline has no exact lexeme assertion.",https://manchester.cervantes.es/es/cursos_espanol/cursos_generales/inicial/cursos_inicial_1.htm | https://manchester.cervantes.es/es/cursos_espanol/cursos_generales/inicial/cursos_inicial_2.htm,1.18
TRI-A1-085,SOURCE_ASSERTION,PED-12,Instituto Cervantes Manchester — Inicial 1/2 (A1.1/A1.2),INSTITUTIONAL_A1_IMPLEMENTATION,A1.1+A1.2,Gramática,mi,LEXEME_OR_FUNCTION_WORD,EXACT_FORM,YES,A1_CORE_NORMATIVE,FUNCTION_WORD,NONE_IDENTIFIED,BASELINE_CORROBORATION,E3_A1_NORMATIVE_OR_EXISTING,E3_A1_NORMATIVE_OR_EXISTING,,KEEP_BASELINE,NO,AUDITED,,https://manchester.cervantes.es/es/cursos_espanol/cursos_generales/inicial/cursos_inicial_1.htm | https://manchester.cervantes.es/es/cursos_espanol/cursos_generales/inicial/cursos_inicial_2.htm,1.18
TRI-A1-086,SOURCE_ASSERTION,PED-12,Instituto Cervantes Manchester — Inicial 1/2 (A1.1/A1.2),INSTITUTIONAL_A1_IMPLEMENTATION,A1.1+A1.2,Gramática,tu,LEXEME_OR_FUNCTION_WORD,EXACT_FORM,YES,A1_CORE_NORMATIVE,POSSESSIVE_DET,NONE_IDENTIFIED,BASELINE_CORROBORATION,E3_A1_NORMATIVE_OR_EXISTING,E3_A1_NORMATIVE_OR_EXISTING,,KEEP_BASELINE,NO,AUDITED,,https://manchester.cervantes.es/es/cursos_espanol/cursos_generales/inicial/cursos_inicial_1.htm | https://manchester.cervantes.es/es/cursos_espanol/cursos_generales/inicial/cursos_inicial_2.htm,1.18
TRI-A1-087,SOURCE_ASSERTION,PED-12,Instituto Cervantes Manchester — Inicial 1/2 (A1.1/A1.2),INSTITUTIONAL_A1_IMPLEMENTATION,A1.1+A1.2,Gramática,su,LEXEME_OR_FUNCTION_WORD,EXACT_FORM,YES,A1_CORE_NORMATIVE,POSSESSIVE_DET,NONE_IDENTIFIED,BASELINE_CORROBORATION,E3_A1_NORMATIVE_OR_EXISTING,E3_A1_NORMATIVE_OR_EXISTING,,KEEP_BASELINE,NO,AUDITED,,https://manchester.cervantes.es/es/cursos_espanol/cursos_generales/inicial/cursos_inicial_1.htm | https://manchester.cervantes.es/es/cursos_espanol/cursos_generales/inicial/cursos_inicial_2.htm,1.18
TRI-A1-088,SOURCE_ASSERTION,PED-12,Instituto Cervantes Manchester — Inicial 1/2 (A1.1/A1.2),INSTITUTIONAL_A1_IMPLEMENTATION,A1.1+A1.2,Gramática,nuestro,LEXEME_OR_FUNCTION_WORD,EXACT_FORM,YES,A1_CORE_NORMATIVE,POSSESSIVE_DET,NONE_IDENTIFIED,BASELINE_CORROBORATION,E3_A1_NORMATIVE_OR_EXISTING,E3_A1_NORMATIVE_OR_EXISTING,,KEEP_BASELINE,NO,AUDITED,,https://manchester.cervantes.es/es/cursos_espanol/cursos_generales/inicial/cursos_inicial_1.htm | https://manchester.cervantes.es/es/cursos_espanol/cursos_generales/inicial/cursos_inicial_2.htm,1.18
TRI-A1-089,SOURCE_ASSERTION,PED-12,Instituto Cervantes Manchester — Inicial 1/2 (A1.1/A1.2),INSTITUTIONAL_A1_IMPLEMENTATION,A1.1+A1.2,Cantidad,pocos,LEXEME_OR_FUNCTION_WORD,EXACT_FORM,YES,A1_CORE_NORMATIVE,QUANT,NONE_IDENTIFIED,BASELINE_CORROBORATION,E3_A1_NORMATIVE_OR_EXISTING,E3_A1_NORMATIVE_OR_EXISTING,,KEEP_BASELINE,NO,AUDITED,,https://manchester.cervantes.es/es/cursos_espanol/cursos_generales/inicial/cursos_inicial_1.htm | https://manchester.cervantes.es/es/cursos_espanol/cursos_generales/inicial/cursos_inicial_2.htm,1.18
TRI-A1-090,SOURCE_ASSERTION,PED-12,Instituto Cervantes Manchester — Inicial 1/2 (A1.1/A1.2),INSTITUTIONAL_A1_IMPLEMENTATION,A1.1+A1.2,Cantidad,algunos,LEXEME_OR_FUNCTION_WORD,EXACT_FORM,NO,,,NOT_IN_PCIC_A1_QUANTIFIER_INVENTORY_EXTRACTED,PEDAGOGICAL_EXTENSION_SIGNAL,E0_OR_UNRESOLVED,E1_PEDAGOGICAL_ATTESTATION_ONLY,,REVIEW_ONLY_NO_PROMOTION,NO,AUDITED,A1 grammar extraction contains poco/mucho/bastante and not alguno in the extracted quantifier set.,https://manchester.cervantes.es/es/cursos_espanol/cursos_generales/inicial/cursos_inicial_1.htm | https://manchester.cervantes.es/es/cursos_espanol/cursos_generales/inicial/cursos_inicial_2.htm,1.18
TRI-A1-091,SOURCE_ASSERTION,PED-12,Instituto Cervantes Manchester — Inicial 1/2 (A1.1/A1.2),INSTITUTIONAL_A1_IMPLEMENTATION,A1.1+A1.2,Cantidad,muchos,LEXEME_OR_FUNCTION_WORD,EXACT_FORM,YES,A1_CORE_NORMATIVE,QUANT,NONE_IDENTIFIED,BASELINE_CORROBORATION,E3_A1_NORMATIVE_OR_EXISTING,E3_A1_NORMATIVE_OR_EXISTING,,KEEP_BASELINE,NO,AUDITED,,https://manchester.cervantes.es/es/cursos_espanol/cursos_generales/inicial/cursos_inicial_1.htm | https://manchester.cervantes.es/es/cursos_espanol/cursos_generales/inicial/cursos_inicial_2.htm,1.18
TRI-A1-092,SOURCE_ASSERTION,PED-12,Instituto Cervantes Manchester — Inicial 1/2 (A1.1/A1.2),INSTITUTIONAL_A1_IMPLEMENTATION,A1.1+A1.2,Trabajo,profesiones,DOMAIN_LABEL,DOMAIN_OR_TOPIC_LABEL,NO,,,NONE_IDENTIFIED,DOMAIN_CORROBORATION,NOT_A_LEXEME_GATE,NOT_A_LEXEME_GATE,,NO_CHANGE,NO,AUDITED,,https://manchester.cervantes.es/es/cursos_espanol/cursos_generales/inicial/cursos_inicial_1.htm | https://manchester.cervantes.es/es/cursos_espanol/cursos_generales/inicial/cursos_inicial_2.htm,1.18
TRI-A1-093,SOURCE_ASSERTION,PED-12,Instituto Cervantes Manchester — Inicial 1/2 (A1.1/A1.2),INSTITUTIONAL_A1_IMPLEMENTATION,A1.1+A1.2,Identidad personal,nacionalidades,DOMAIN_LABEL,DOMAIN_OR_TOPIC_LABEL,NO,,,NONE_IDENTIFIED,DOMAIN_CORROBORATION,NOT_A_LEXEME_GATE,NOT_A_LEXEME_GATE,,NO_CHANGE,NO,AUDITED,,https://manchester.cervantes.es/es/cursos_espanol/cursos_generales/inicial/cursos_inicial_1.htm | https://manchester.cervantes.es/es/cursos_espanol/cursos_generales/inicial/cursos_inicial_2.htm,1.18
TRI-A1-094,SOURCE_ASSERTION,PED-12,Instituto Cervantes Manchester — Inicial 1/2 (A1.1/A1.2),INSTITUTIONAL_A1_IMPLEMENTATION,A1.1+A1.2,Relaciones personales,familia,DOMAIN_LABEL,DOMAIN_OR_TOPIC_LABEL,YES,A1_CORE_NORMATIVE,NOUN,NONE_IDENTIFIED,DOMAIN_CORROBORATION,NOT_A_LEXEME_GATE,NOT_A_LEXEME_GATE,,NO_CHANGE,NO,AUDITED,,https://manchester.cervantes.es/es/cursos_espanol/cursos_generales/inicial/cursos_inicial_1.htm | https://manchester.cervantes.es/es/cursos_espanol/cursos_generales/inicial/cursos_inicial_2.htm,1.18
TRI-A1-095,SOURCE_ASSERTION,PED-12,Instituto Cervantes Manchester — Inicial 1/2 (A1.1/A1.2),INSTITUTIONAL_A1_IMPLEMENTATION,A1.1+A1.2,Vida cotidiana,rutina diaria,DOMAIN_LABEL,DOMAIN_OR_TOPIC_LABEL,NO,,,NONE_IDENTIFIED,DOMAIN_CORROBORATION,NOT_A_LEXEME_GATE,NOT_A_LEXEME_GATE,,NO_CHANGE,NO,AUDITED,,https://manchester.cervantes.es/es/cursos_espanol/cursos_generales/inicial/cursos_inicial_1.htm | https://manchester.cervantes.es/es/cursos_espanol/cursos_generales/inicial/cursos_inicial_2.htm,1.18
TRI-A1-096,SOURCE_ASSERTION,PED-12,Instituto Cervantes Manchester — Inicial 1/2 (A1.1/A1.2),INSTITUTIONAL_A1_IMPLEMENTATION,A1.1+A1.2,Alimentación,comidas,DOMAIN_LABEL,DOMAIN_OR_TOPIC_LABEL,NO,,,NONE_IDENTIFIED,DOMAIN_CORROBORATION,NOT_A_LEXEME_GATE,NOT_A_LEXEME_GATE,,NO_CHANGE,NO,AUDITED,,https://manchester.cervantes.es/es/cursos_espanol/cursos_generales/inicial/cursos_inicial_1.htm | https://manchester.cervantes.es/es/cursos_espanol/cursos_generales/inicial/cursos_inicial_2.htm,1.18
TRI-A1-097,SOURCE_ASSERTION,PED-12,Instituto Cervantes Manchester — Inicial 1/2 (A1.1/A1.2),INSTITUTIONAL_A1_IMPLEMENTATION,A1.1+A1.2,Ocio,ocio,DOMAIN_LABEL,DOMAIN_OR_TOPIC_LABEL,NO,,,NONE_IDENTIFIED,DOMAIN_CORROBORATION,NOT_A_LEXEME_GATE,NOT_A_LEXEME_GATE,,NO_CHANGE,NO,AUDITED,,https://manchester.cervantes.es/es/cursos_espanol/cursos_generales/inicial/cursos_inicial_1.htm | https://manchester.cervantes.es/es/cursos_espanol/cursos_generales/inicial/cursos_inicial_2.htm,1.18
TRI-A1-098,SOURCE_ASSERTION,PED-12,Instituto Cervantes Manchester — Inicial 1/2 (A1.1/A1.2),INSTITUTIONAL_A1_IMPLEMENTATION,A1.1+A1.2,Ciudad,barrios/pueblos/ciudades,DOMAIN_LABEL,DOMAIN_OR_TOPIC_LABEL,NO,,,NONE_IDENTIFIED,DOMAIN_CORROBORATION,NOT_A_LEXEME_GATE,NOT_A_LEXEME_GATE,,NO_CHANGE,NO,AUDITED,,https://manchester.cervantes.es/es/cursos_espanol/cursos_generales/inicial/cursos_inicial_1.htm | https://manchester.cervantes.es/es/cursos_espanol/cursos_generales/inicial/cursos_inicial_2.htm,1.18
TRI-A1-099,SOURCE_ASSERTION,PED-13,Universidad San Jorge — Curso de español A1 2025-2026,UNIVERSITY_A1,A1,Identidad/descripción,ser,LEXEME,EXACT_FORM,YES,A1_CORE_NORMATIVE,VERB,NONE_IDENTIFIED,BASELINE_CORROBORATION,E3_A1_NORMATIVE_OR_EXISTING,E3_A1_NORMATIVE_OR_EXISTING,,KEEP_BASELINE,NO,AUDITED,,https://www.usj.es/sites/default/files/content/Guida%20docente_Course%20guide%20Spanish%20A1_VR-C2.pdf,1.18
TRI-A1-100,SOURCE_ASSERTION,PED-13,Universidad San Jorge — Curso de español A1 2025-2026,UNIVERSITY_A1,A1,Identidad/descripción,llamarse,LEXEME,EXACT_FORM,YES,A1_CORE_NORMATIVE,VERB,NONE_IDENTIFIED,BASELINE_CORROBORATION,E3_A1_NORMATIVE_OR_EXISTING,E3_A1_NORMATIVE_OR_EXISTING,,KEEP_BASELINE,NO,AUDITED,,https://www.usj.es/sites/default/files/content/Guida%20docente_Course%20guide%20Spanish%20A1_VR-C2.pdf,1.18
TRI-A1-101,SOURCE_ASSERTION,PED-13,Universidad San Jorge — Curso de español A1 2025-2026,UNIVERSITY_A1,A1,Identidad/descripción,tener,LEXEME,EXACT_FORM,YES,A1_CORE_NORMATIVE,VERB,NONE_IDENTIFIED,BASELINE_CORROBORATION,E3_A1_NORMATIVE_OR_EXISTING,E3_A1_NORMATIVE_OR_EXISTING,,KEEP_BASELINE,NO,AUDITED,,https://www.usj.es/sites/default/files/content/Guida%20docente_Course%20guide%20Spanish%20A1_VR-C2.pdf,1.18
TRI-A1-102,SOURCE_ASSERTION,PED-13,Universidad San Jorge — Curso de español A1 2025-2026,UNIVERSITY_A1,A1,Identidad/descripción,querer,LEXEME,EXACT_FORM,YES,A1_CORE_NORMATIVE,VERB,NONE_IDENTIFIED,BASELINE_CORROBORATION,E3_A1_NORMATIVE_OR_EXISTING,E3_A1_NORMATIVE_OR_EXISTING,,KEEP_BASELINE,NO,AUDITED,,https://www.usj.es/sites/default/files/content/Guida%20docente_Course%20guide%20Spanish%20A1_VR-C2.pdf,1.18
TRI-A1-103,SOURCE_ASSERTION,PED-13,Universidad San Jorge — Curso de español A1 2025-2026,UNIVERSITY_A1,A1,Identidad/descripción,estar,LEXEME,EXACT_FORM,YES,A1_CORE_NORMATIVE,VERB,NONE_IDENTIFIED,BASELINE_CORROBORATION,E3_A1_NORMATIVE_OR_EXISTING,E3_A1_NORMATIVE_OR_EXISTING,,KEEP_BASELINE,NO,AUDITED,,https://www.usj.es/sites/default/files/content/Guida%20docente_Course%20guide%20Spanish%20A1_VR-C2.pdf,1.18
TRI-A1-104,SOURCE_ASSERTION,PED-13,Universidad San Jorge — Curso de español A1 2025-2026,UNIVERSITY_A1,A1,Identidad/descripción,llevar,LEXEME,EXACT_FORM,YES,A1_CORE_NORMATIVE,VERB,NONE_IDENTIFIED,BASELINE_CORROBORATION,E3_A1_NORMATIVE_OR_EXISTING,E3_A1_NORMATIVE_OR_EXISTING,,KEEP_BASELINE,NO,AUDITED,,https://www.usj.es/sites/default/files/content/Guida%20docente_Course%20guide%20Spanish%20A1_VR-C2.pdf,1.18
TRI-A1-105,SOURCE_ASSERTION,PED-13,Universidad San Jorge — Curso de español A1 2025-2026,UNIVERSITY_A1,A1,Habilidad,dársele bien a alguien algo,PATTERN,EXACT_PATTERN,NO,,,NO_EXPLICIT_A1_EVIDENCE_IN_CURRENT_NORMATIVE_LEDGER,PEDAGOGICAL_EXTENSION_SIGNAL,E0_OR_UNRESOLVED,E1_PEDAGOGICAL_ATTESTATION_ONLY,,REVIEW_ONLY_NO_PROMOTION,NO,AUDITED,University A1 syllabus signal only; normative A1 evidence not established.,https://www.usj.es/sites/default/files/content/Guida%20docente_Course%20guide%20Spanish%20A1_VR-C2.pdf,1.18
TRI-A1-106,SOURCE_ASSERTION,PED-13,Universidad San Jorge — Curso de español A1 2025-2026,UNIVERSITY_A1,A1,Ocio,tiempo libre,DOMAIN_LABEL,DOMAIN_OR_TOPIC_LABEL,NO,,,EXPLICIT_A2_IN_PCIC_OCIO,DOMAIN_CORROBORATION,NOT_A_LEXEME_GATE,NOT_A_LEXEME_GATE,,NO_CHANGE,NO,AUDITED,PCIC Ocio places tiempo libre in A2.,https://www.usj.es/sites/default/files/content/Guida%20docente_Course%20guide%20Spanish%20A1_VR-C2.pdf,1.18
TRI-A1-107,SOURCE_ASSERTION,PED-13,Universidad San Jorge — Curso de español A1 2025-2026,UNIVERSITY_A1,A1,Ocio,aficiones,DOMAIN_LABEL,DOMAIN_OR_TOPIC_LABEL,NO,,,EXPLICIT_A2_IN_PCIC_OCIO,DOMAIN_CORROBORATION,NOT_A_LEXEME_GATE,NOT_A_LEXEME_GATE,,NO_CHANGE,NO,AUDITED,Plural/domain manifestation of afición; PCIC Ocio places the lexical unit in A2.,https://www.usj.es/sites/default/files/content/Guida%20docente_Course%20guide%20Spanish%20A1_VR-C2.pdf,1.18
TRI-A1-108,SOURCE_ASSERTION,PED-13,Universidad San Jorge — Curso de español A1 2025-2026,UNIVERSITY_A1,A1,Vida cotidiana,hábitos diarios,DOMAIN_LABEL,DOMAIN_OR_TOPIC_LABEL,NO,,,NONE_IDENTIFIED,DOMAIN_CORROBORATION,NOT_A_LEXEME_GATE,NOT_A_LEXEME_GATE,,NO_CHANGE,NO,AUDITED,,https://www.usj.es/sites/default/files/content/Guida%20docente_Course%20guide%20Spanish%20A1_VR-C2.pdf,1.18
TRI-A1-109,SOURCE_ASSERTION,PED-13,Universidad San Jorge — Curso de español A1 2025-2026,UNIVERSITY_A1,A1,Servicios/Ciudad,servicios de una ciudad,DOMAIN_LABEL,DOMAIN_OR_TOPIC_LABEL,NO,,,NONE_IDENTIFIED,DOMAIN_CORROBORATION,NOT_A_LEXEME_GATE,NOT_A_LEXEME_GATE,,NO_CHANGE,NO,AUDITED,,https://www.usj.es/sites/default/files/content/Guida%20docente_Course%20guide%20Spanish%20A1_VR-C2.pdf,1.18
TRI-A1-110,SOURCE_ASSERTION,PED-13,Universidad San Jorge — Curso de español A1 2025-2026,UNIVERSITY_A1,A1,Transporte,medios de transporte,DOMAIN_LABEL,DOMAIN_OR_TOPIC_LABEL,NO,,,NONE_IDENTIFIED,DOMAIN_CORROBORATION,NOT_A_LEXEME_GATE,NOT_A_LEXEME_GATE,,NO_CHANGE,NO,AUDITED,,https://www.usj.es/sites/default/files/content/Guida%20docente_Course%20guide%20Spanish%20A1_VR-C2.pdf,1.18
TRI-A1-111,SOURCE_ASSERTION,PED-13,Universidad San Jorge — Curso de español A1 2025-2026,UNIVERSITY_A1,A1,Geografía/Naturaleza,clima,DOMAIN_LABEL,DOMAIN_OR_TOPIC_LABEL,NO,,,NONE_IDENTIFIED,DOMAIN_CORROBORATION,NOT_A_LEXEME_GATE,NOT_A_LEXEME_GATE,,NO_CHANGE,NO,AUDITED,,https://www.usj.es/sites/default/files/content/Guida%20docente_Course%20guide%20Spanish%20A1_VR-C2.pdf,1.18
TRI-A1-112,SOURCE_ASSERTION,PED-13,Universidad San Jorge — Curso de español A1 2025-2026,UNIVERSITY_A1,A1,Vivienda,partes de la casa,DOMAIN_LABEL,DOMAIN_OR_TOPIC_LABEL,NO,,,NONE_IDENTIFIED,DOMAIN_CORROBORATION,NOT_A_LEXEME_GATE,NOT_A_LEXEME_GATE,,NO_CHANGE,NO,AUDITED,,https://www.usj.es/sites/default/files/content/Guida%20docente_Course%20guide%20Spanish%20A1_VR-C2.pdf,1.18
TRI-A1-113,SOURCE_ASSERTION,PED-13,Universidad San Jorge — Curso de español A1 2025-2026,UNIVERSITY_A1,A1,Alimentación,alimentos,DOMAIN_LABEL,DOMAIN_OR_TOPIC_LABEL,NO,,,NONE_IDENTIFIED,DOMAIN_CORROBORATION,NOT_A_LEXEME_GATE,NOT_A_LEXEME_GATE,,NO_CHANGE,NO,AUDITED,,https://www.usj.es/sites/default/files/content/Guida%20docente_Course%20guide%20Spanish%20A1_VR-C2.pdf,1.18
TRI-A1-114,SOURCE_ASSERTION,PED-13,Universidad San Jorge — Curso de español A1 2025-2026,UNIVERSITY_A1,A1,Compras,formas de pago,DOMAIN_LABEL,DOMAIN_OR_TOPIC_LABEL,NO,,,NONE_IDENTIFIED,DOMAIN_CORROBORATION,NOT_A_LEXEME_GATE,NOT_A_LEXEME_GATE,,NO_CHANGE,NO,AUDITED,,https://www.usj.es/sites/default/files/content/Guida%20docente_Course%20guide%20Spanish%20A1_VR-C2.pdf,1.18
TRI-A1-115,SOURCE_ASSERTION,PED-13,Universidad San Jorge — Curso de español A1 2025-2026,UNIVERSITY_A1,A1,Relaciones personales,familia,DOMAIN_LABEL,DOMAIN_OR_TOPIC_LABEL,YES,A1_CORE_NORMATIVE,NOUN,NONE_IDENTIFIED,DOMAIN_CORROBORATION,NOT_A_LEXEME_GATE,NOT_A_LEXEME_GATE,,NO_CHANGE,NO,AUDITED,,https://www.usj.es/sites/default/files/content/Guida%20docente_Course%20guide%20Spanish%20A1_VR-C2.pdf,1.18
TRI-A1-116,SOURCE_ASSERTION,PED-13,Universidad San Jorge — Curso de español A1 2025-2026,UNIVERSITY_A1,A1,Identidad personal,estado civil,DOMAIN_LABEL,DOMAIN_OR_TOPIC_LABEL,NO,,,NONE_IDENTIFIED,DOMAIN_CORROBORATION,NOT_A_LEXEME_GATE,NOT_A_LEXEME_GATE,,NO_CHANGE,NO,AUDITED,,https://www.usj.es/sites/default/files/content/Guida%20docente_Course%20guide%20Spanish%20A1_VR-C2.pdf,1.18
TRI-A1-117,SOURCE_ASSERTION,PED-13,Universidad San Jorge — Curso de español A1 2025-2026,UNIVERSITY_A1,A1,Compras,ropa,DOMAIN_LABEL,DOMAIN_OR_TOPIC_LABEL,NO,,,NONE_IDENTIFIED,DOMAIN_CORROBORATION,NOT_A_LEXEME_GATE,NOT_A_LEXEME_GATE,,NO_CHANGE,NO,AUDITED,,https://www.usj.es/sites/default/files/content/Guida%20docente_Course%20guide%20Spanish%20A1_VR-C2.pdf,1.18
TRI-A1-118,SOURCE_ASSERTION,PED-13,Universidad San Jorge — Curso de español A1 2025-2026,UNIVERSITY_A1,A1,Viajes,objetos de viaje,DOMAIN_LABEL,DOMAIN_OR_TOPIC_LABEL,NO,,,NONE_IDENTIFIED,DOMAIN_CORROBORATION,NOT_A_LEXEME_GATE,NOT_A_LEXEME_GATE,,NO_CHANGE,NO,AUDITED,,https://www.usj.es/sites/default/files/content/Guida%20docente_Course%20guide%20Spanish%20A1_VR-C2.pdf,1.18
TRI-A1-119,SOURCE_ASSERTION,PED-13,Universidad San Jorge — Curso de español A1 2025-2026,UNIVERSITY_A1,A1,Viajes,tipos de alojamiento,DOMAIN_LABEL,DOMAIN_OR_TOPIC_LABEL,NO,,,NONE_IDENTIFIED,DOMAIN_CORROBORATION,NOT_A_LEXEME_GATE,NOT_A_LEXEME_GATE,,NO_CHANGE,NO,AUDITED,,https://www.usj.es/sites/default/files/content/Guida%20docente_Course%20guide%20Spanish%20A1_VR-C2.pdf,1.18
TRI-A1-120,SOURCE_ASSERTION,PED-11,AIL Español — City vocabulary A1,PEDAGOGICAL_A1_STRESS_TEST,A1_LABEL,Ciudad,semáforo,LEXEME,EXACT_FORM,NO,,,NO_A1_ASSERTION_FOUND_IN_AUDITED_PCIC_SPECIFIC_NOTIONS,PEDAGOGICAL_EXTENSION_SIGNAL,E0_OR_UNRESOLVED,E1_PEDAGOGICAL_ATTESTATION_ONLY,,REVIEW_ONLY_NO_PROMOTION,NO,AUDITED,Previously registered A1-labelled stress-test item; not promoted.; Previously stress-tested; no explicit PCIC A1 assertion found.,https://ailespanol.com/learning-resources/spanish-city-vocabulary-a1-exercise/,1.18
TRI-A1-121,SOURCE_ASSERTION,PED-11,AIL Español — City vocabulary A1,PEDAGOGICAL_A1_STRESS_TEST,A1_LABEL,Ciudad,farola,LEXEME,EXACT_FORM,NO,,,NO_A1_ASSERTION_FOUND_IN_AUDITED_PCIC_SPECIFIC_NOTIONS,PEDAGOGICAL_EXTENSION_SIGNAL,E0_OR_UNRESOLVED,E1_PEDAGOGICAL_ATTESTATION_ONLY,,REVIEW_ONLY_NO_PROMOTION,NO,AUDITED,Previously registered A1-labelled stress-test item; not promoted.; Previously stress-tested; no explicit PCIC A1 assertion found.,https://ailespanol.com/learning-resources/spanish-city-vocabulary-a1-exercise/,1.18
TRI-A1-122,SOURCE_ASSERTION,PED-11,AIL Español — City vocabulary A1,PEDAGOGICAL_A1_STRESS_TEST,A1_LABEL,Ciudad,acera,LEXEME,EXACT_FORM,NO,,,NO_A1_ASSERTION_FOUND_IN_AUDITED_PCIC_SPECIFIC_NOTIONS,PEDAGOGICAL_EXTENSION_SIGNAL,E0_OR_UNRESOLVED,E1_PEDAGOGICAL_ATTESTATION_ONLY,,REVIEW_ONLY_NO_PROMOTION,NO,AUDITED,Previously registered A1-labelled stress-test item; not promoted.; Previously stress-tested; no explicit PCIC A1 assertion found.,https://ailespanol.com/learning-resources/spanish-city-vocabulary-a1-exercise/,1.18
TRI-A1-123,SOURCE_ASSERTION,PED-11,AIL Español — City vocabulary A1,PEDAGOGICAL_A1_STRESS_TEST,A1_LABEL,Ciudad,cosmopolita,LEXEME,EXACT_FORM,NO,,,EXPLICIT_A2_IN_PCIC_CITY,PEDAGOGICAL_EXTENSION_SIGNAL,E0_OR_UNRESOLVED,E1_PEDAGOGICAL_ATTESTATION_ONLY,,REVIEW_ONLY_NO_PROMOTION,NO,AUDITED,Previously registered A1-labelled stress-test item; not promoted.; PCIC city description places cosmopolita in A2.,https://ailespanol.com/learning-resources/spanish-city-vocabulary-a1-exercise/,1.18
TRI-A1-124,ITEM_AGGREGATE,PED-02;PED-04;PED-09;PED-13,Multiple,CROSS_SOURCE_AGGREGATE,MIXED_A1/A1-A2,Estados/localización; Identidad personal; Identidad/descripción,estar,LEXEME,AGGREGATED_EXACT_ITEM_SIGNAL,YES,A1_CORE_NORMATIVE,VERB,NONE_IDENTIFIED,CROSS_SOURCE_BASELINE_CORROBORATION,E3,E3_A1_NORMATIVE_OR_EXISTING,4,KEEP_BASELINE,NO,AGGREGATED,Independent pedagogical convergence is an audit signal only; it does not redefine the PCIC A1 boundary.,https://uq.pressbooks.pub/introspanish/ | https://edinumen.es/hablamos/pdf/hablamos_compacto_a1.pdf | https://www.cfp.upv.es/formacion-permanente/curso/elementary-spanish-a1_103416.html | https://www.usj.es/sites/default/files/content/Guida%20docente_Course%20guide%20Spanish%20A1_VR-C2.pdf,1.18
TRI-A1-125,ITEM_AGGREGATE,PED-02;PED-04;PED-09;PED-13,Multiple,CROSS_SOURCE_AGGREGATE,MIXED_A1/A1-A2,Identidad personal; Identidad/descripción,llamarse,LEXEME,AGGREGATED_EXACT_ITEM_SIGNAL,YES,A1_CORE_NORMATIVE,VERB,NONE_IDENTIFIED,CROSS_SOURCE_BASELINE_CORROBORATION,E3,E3_A1_NORMATIVE_OR_EXISTING,4,KEEP_BASELINE,NO,AGGREGATED,Independent pedagogical convergence is an audit signal only; it does not redefine the PCIC A1 boundary.,https://uq.pressbooks.pub/introspanish/ | https://edinumen.es/hablamos/pdf/hablamos_compacto_a1.pdf | https://www.cfp.upv.es/formacion-permanente/curso/elementary-spanish-a1_103416.html | https://www.usj.es/sites/default/files/content/Guida%20docente_Course%20guide%20Spanish%20A1_VR-C2.pdf,1.18
TRI-A1-126,ITEM_AGGREGATE,PED-02;PED-04;PED-09;PED-13,Multiple,CROSS_SOURCE_AGGREGATE,MIXED_A1/A1-A2,Identidad personal; Identidad/descripción,ser,LEXEME,AGGREGATED_EXACT_ITEM_SIGNAL,YES,A1_CORE_NORMATIVE,VERB,NONE_IDENTIFIED,CROSS_SOURCE_BASELINE_CORROBORATION,E3,E3_A1_NORMATIVE_OR_EXISTING,4,KEEP_BASELINE,NO,AGGREGATED,Independent pedagogical convergence is an audit signal only; it does not redefine the PCIC A1 boundary.,https://uq.pressbooks.pub/introspanish/ | https://edinumen.es/hablamos/pdf/hablamos_compacto_a1.pdf | https://www.cfp.upv.es/formacion-permanente/curso/elementary-spanish-a1_103416.html | https://www.usj.es/sites/default/files/content/Guida%20docente_Course%20guide%20Spanish%20A1_VR-C2.pdf,1.18
TRI-A1-127,ITEM_AGGREGATE,PED-02;PED-04;PED-13,Multiple,CROSS_SOURCE_AGGREGATE,MIXED_A1/A1-A2,Identidad personal; Identidad/descripción,tener,LEXEME,AGGREGATED_EXACT_ITEM_SIGNAL,YES,A1_CORE_NORMATIVE,VERB,NONE_IDENTIFIED,CROSS_SOURCE_BASELINE_CORROBORATION,E3,E3_A1_NORMATIVE_OR_EXISTING,3,KEEP_BASELINE,NO,AGGREGATED,Independent pedagogical convergence is an audit signal only; it does not redefine the PCIC A1 boundary.,https://uq.pressbooks.pub/introspanish/ | https://edinumen.es/hablamos/pdf/hablamos_compacto_a1.pdf | https://www.usj.es/sites/default/files/content/Guida%20docente_Course%20guide%20Spanish%20A1_VR-C2.pdf,1.18
TRI-A1-128,ITEM_AGGREGATE,PED-04;PED-12,Multiple,CROSS_SOURCE_AGGREGATE,MIXED_A1/A1-A2,Gustos,encantar,LEXEME_OR_FUNCTION_WORD,AGGREGATED_EXACT_ITEM_SIGNAL,NO,,,EXPLICIT_A2_IN_PCIC_PERCEPTIVE_DOMAIN,MULTI_SOURCE_PEDAGOGICAL_CONVERGENCE,E0_OR_UNRESOLVED,E2_PEDAGOGICAL_CONVERGENCE_ONLY_NOT_NORMATIVE,2,REVIEW_ONLY_NO_PROMOTION,NO,AGGREGATED,PCIC 2.2 places encantar in A2 in feelings/states; external A1 materials do not override that assertion.,https://edinumen.es/hablamos/pdf/hablamos_compacto_a1.pdf | https://manchester.cervantes.es/es/cursos_espanol/cursos_generales/inicial/cursos_inicial_1.htm | https://manchester.cervantes.es/es/cursos_espanol/cursos_generales/inicial/cursos_inicial_2.htm,1.18
TRI-A1-129,ITEM_AGGREGATE,PED-04;PED-12,Multiple,CROSS_SOURCE_AGGREGATE,MIXED_A1/A1-A2,Gustos,gustar,LEXEME_OR_FUNCTION_WORD,AGGREGATED_EXACT_ITEM_SIGNAL,YES,A1_CORE_NORMATIVE,VERB,NONE_IDENTIFIED,CROSS_SOURCE_BASELINE_CORROBORATION,E3,E3_A1_NORMATIVE_OR_EXISTING,2,KEEP_BASELINE,NO,AGGREGATED,Independent pedagogical convergence is an audit signal only; it does not redefine the PCIC A1 boundary.,https://edinumen.es/hablamos/pdf/hablamos_compacto_a1.pdf | https://manchester.cervantes.es/es/cursos_espanol/cursos_generales/inicial/cursos_inicial_1.htm | https://manchester.cervantes.es/es/cursos_espanol/cursos_generales/inicial/cursos_inicial_2.htm,1.18
TRI-A1-130,ITEM_AGGREGATE,PED-02;PED-04,Multiple,CROSS_SOURCE_AGGREGATE,MIXED_A1/A1-A2,Identidad personal,hablar,LEXEME,AGGREGATED_EXACT_ITEM_SIGNAL,YES,A1_CORE_NORMATIVE,VERB,NONE_IDENTIFIED,CROSS_SOURCE_BASELINE_CORROBORATION,E3,E3_A1_NORMATIVE_OR_EXISTING,2,KEEP_BASELINE,NO,AGGREGATED,Independent pedagogical convergence is an audit signal only; it does not redefine the PCIC A1 boundary.,https://uq.pressbooks.pub/introspanish/ | https://edinumen.es/hablamos/pdf/hablamos_compacto_a1.pdf,1.18
TRI-A1-131,ITEM_AGGREGATE,PED-04;PED-13,Multiple,CROSS_SOURCE_AGGREGATE,MIXED_A1/A1-A2,Descripción física; Identidad/descripción,llevar,LEXEME,AGGREGATED_EXACT_ITEM_SIGNAL,YES,A1_CORE_NORMATIVE,VERB,NONE_IDENTIFIED,CROSS_SOURCE_BASELINE_CORROBORATION,E3,E3_A1_NORMATIVE_OR_EXISTING,2,KEEP_BASELINE,NO,AGGREGATED,Independent pedagogical convergence is an audit signal only; it does not redefine the PCIC A1 boundary.,https://edinumen.es/hablamos/pdf/hablamos_compacto_a1.pdf | https://www.usj.es/sites/default/files/content/Guida%20docente_Course%20guide%20Spanish%20A1_VR-C2.pdf,1.18
TRI-A1-132,ITEM_AGGREGATE,PED-02;PED-13,Multiple,CROSS_SOURCE_AGGREGATE,MIXED_A1/A1-A2,Identidad personal; Identidad/descripción,querer,LEXEME,AGGREGATED_EXACT_ITEM_SIGNAL,YES,A1_CORE_NORMATIVE,VERB,NONE_IDENTIFIED,CROSS_SOURCE_BASELINE_CORROBORATION,E3,E3_A1_NORMATIVE_OR_EXISTING,2,KEEP_BASELINE,NO,AGGREGATED,Independent pedagogical convergence is an audit signal only; it does not redefine the PCIC A1 boundary.,https://uq.pressbooks.pub/introspanish/ | https://www.usj.es/sites/default/files/content/Guida%20docente_Course%20guide%20Spanish%20A1_VR-C2.pdf,1.18
TRI-A1-133,ITEM_AGGREGATE,PED-02;PED-04,Multiple,CROSS_SOURCE_AGGREGATE,MIXED_A1/A1-A2,Identidad personal,vivir,LEXEME,AGGREGATED_EXACT_ITEM_SIGNAL,YES,A1_CORE_NORMATIVE,VERB,NONE_IDENTIFIED,CROSS_SOURCE_BASELINE_CORROBORATION,E3,E3_A1_NORMATIVE_OR_EXISTING,2,KEEP_BASELINE,NO,AGGREGATED,Independent pedagogical convergence is an audit signal only; it does not redefine the PCIC A1 boundary.,https://uq.pressbooks.pub/introspanish/ | https://edinumen.es/hablamos/pdf/hablamos_compacto_a1.pdf,1.18
TRI-A1-134,ITEM_AGGREGATE,PED-11,AIL Español — City vocabulary A1,CROSS_SOURCE_AGGREGATE,MIXED_A1/A1-A2,Ciudad,acera,LEXEME,AGGREGATED_EXACT_ITEM_SIGNAL,NO,,,NO_A1_ASSERTION_FOUND_IN_AUDITED_PCIC_SPECIFIC_NOTIONS,SINGLE_SOURCE_PEDAGOGICAL_SIGNAL,E0_OR_UNRESOLVED,E1_PEDAGOGICAL_ATTESTATION_ONLY,1,REVIEW_ONLY_NO_PROMOTION,NO,AGGREGATED,Previously stress-tested; no explicit PCIC A1 assertion found.,https://ailespanol.com/learning-resources/spanish-city-vocabulary-a1-exercise/,1.18
TRI-A1-135,ITEM_AGGREGATE,PED-02,JUNTXS — University of Queensland,CROSS_SOURCE_AGGREGATE,MIXED_A1/A1-A2,Ocio,afición,LEXEME,AGGREGATED_EXACT_ITEM_SIGNAL,NO,,,EXPLICIT_A2_IN_PCIC_OCIO,SINGLE_SOURCE_PEDAGOGICAL_SIGNAL,E0_OR_UNRESOLVED,E1_PEDAGOGICAL_ATTESTATION_ONLY,1,REVIEW_ONLY_NO_PROMOTION,NO,AGGREGATED,PCIC Ocio places afición/hobby in A2.,https://uq.pressbooks.pub/introspanish/,1.18
TRI-A1-136,ITEM_AGGREGATE,PED-12,Instituto Cervantes Manchester — Inicial 1/2 (A1.1/A1.2),CROSS_SOURCE_AGGREGATE,MIXED_A1/A1-A2,Cantidad,algunos,LEXEME_OR_FUNCTION_WORD,AGGREGATED_EXACT_ITEM_SIGNAL,NO,,,NOT_IN_PCIC_A1_QUANTIFIER_INVENTORY_EXTRACTED,SINGLE_SOURCE_PEDAGOGICAL_SIGNAL,E0_OR_UNRESOLVED,E1_PEDAGOGICAL_ATTESTATION_ONLY,1,REVIEW_ONLY_NO_PROMOTION,NO,AGGREGATED,A1 grammar extraction contains poco/mucho/bastante and not alguno in the extracted quantifier set.,https://manchester.cervantes.es/es/cursos_espanol/cursos_generales/inicial/cursos_inicial_1.htm | https://manchester.cervantes.es/es/cursos_espanol/cursos_generales/inicial/cursos_inicial_2.htm,1.18
TRI-A1-137,ITEM_AGGREGATE,PED-04,Edinumen — Hablamos Compacto A1,CROSS_SOURCE_AGGREGATE,MIXED_A1/A1-A2,Ciudad,barrio,LEXEME,AGGREGATED_EXACT_ITEM_SIGNAL,NO,,,EXPLICIT_A2_IN_PCIC_CITY,SINGLE_SOURCE_PEDAGOGICAL_SIGNAL,E0_OR_UNRESOLVED,E1_PEDAGOGICAL_ATTESTATION_ONLY,1,REVIEW_ONLY_NO_PROMOTION,NO,AGGREGATED,PCIC city audit places barrio in A2.,https://edinumen.es/hablamos/pdf/hablamos_compacto_a1.pdf,1.18
TRI-A1-138,ITEM_AGGREGATE,PED-04,Edinumen — Hablamos Compacto A1,CROSS_SOURCE_AGGREGATE,MIXED_A1/A1-A2,Alimentación,comida,LEXEME,AGGREGATED_EXACT_ITEM_SIGNAL,YES,A1_CORE_NORMATIVE,NOUN,NONE_IDENTIFIED,SINGLE_SOURCE_BASELINE_CORROBORATION,E3,E3_A1_NORMATIVE_OR_EXISTING,1,KEEP_BASELINE,NO,AGGREGATED,Independent pedagogical convergence is an audit signal only; it does not redefine the PCIC A1 boundary.,https://edinumen.es/hablamos/pdf/hablamos_compacto_a1.pdf,1.18
TRI-A1-139,ITEM_AGGREGATE,PED-02,JUNTXS — University of Queensland,CROSS_SOURCE_AGGREGATE,MIXED_A1/A1-A2,Identidad personal,comprender,LEXEME,AGGREGATED_EXACT_ITEM_SIGNAL,YES,A1_CORE_NORMATIVE,VERB,NONE_IDENTIFIED,SINGLE_SOURCE_BASELINE_CORROBORATION,E3,E3_A1_NORMATIVE_OR_EXISTING,1,KEEP_BASELINE,NO,AGGREGATED,Independent pedagogical convergence is an audit signal only; it does not redefine the PCIC A1 boundary.,https://uq.pressbooks.pub/introspanish/,1.18
TRI-A1-140,ITEM_AGGREGATE,PED-11,AIL Español — City vocabulary A1,CROSS_SOURCE_AGGREGATE,MIXED_A1/A1-A2,Ciudad,cosmopolita,LEXEME,AGGREGATED_EXACT_ITEM_SIGNAL,NO,,,EXPLICIT_A2_IN_PCIC_CITY,SINGLE_SOURCE_PEDAGOGICAL_SIGNAL,E0_OR_UNRESOLVED,E1_PEDAGOGICAL_ATTESTATION_ONLY,1,REVIEW_ONLY_NO_PROMOTION,NO,AGGREGATED,PCIC city description places cosmopolita in A2.,https://ailespanol.com/learning-resources/spanish-city-vocabulary-a1-exercise/,1.18
TRI-A1-141,ITEM_AGGREGATE,PED-13,Universidad San Jorge — Curso de español A1 2025-2026,CROSS_SOURCE_AGGREGATE,MIXED_A1/A1-A2,Habilidad,dársele bien a alguien algo,PATTERN,AGGREGATED_EXACT_ITEM_SIGNAL,NO,,,NO_EXPLICIT_A1_EVIDENCE_IN_CURRENT_NORMATIVE_LEDGER,SINGLE_SOURCE_PEDAGOGICAL_SIGNAL,E0_OR_UNRESOLVED,E1_PEDAGOGICAL_ATTESTATION_ONLY,1,REVIEW_ONLY_NO_PROMOTION,NO,AGGREGATED,University A1 syllabus signal only; normative A1 evidence not established.,https://www.usj.es/sites/default/files/content/Guida%20docente_Course%20guide%20Spanish%20A1_VR-C2.pdf,1.18
TRI-A1-142,ITEM_AGGREGATE,PED-04,Edinumen — Hablamos Compacto A1,CROSS_SOURCE_AGGREGATE,MIXED_A1/A1-A2,Acciones en curso,estar + gerundio,PATTERN,AGGREGATED_EXACT_ITEM_SIGNAL,NO,,,EXPLICIT_A2_IN_PCIC_GENERAL_NOTIONS,SINGLE_SOURCE_PEDAGOGICAL_SIGNAL,E0_OR_UNRESOLVED,E1_PEDAGOGICAL_ATTESTATION_ONLY,1,REVIEW_ONLY_NO_PROMOTION,NO,AGGREGATED,Existing Phase 6B audit records estar + gerundio only in A2 on the audited page.,https://edinumen.es/hablamos/pdf/hablamos_compacto_a1.pdf,1.18
TRI-A1-143,ITEM_AGGREGATE,PED-04,Edinumen — Hablamos Compacto A1,CROSS_SOURCE_AGGREGATE,MIXED_A1/A1-A2,Relaciones personales,familia,LEXEME,AGGREGATED_EXACT_ITEM_SIGNAL,YES,A1_CORE_NORMATIVE,NOUN,NONE_IDENTIFIED,SINGLE_SOURCE_BASELINE_CORROBORATION,E3,E3_A1_NORMATIVE_OR_EXISTING,1,KEEP_BASELINE,NO,AGGREGATED,Independent pedagogical convergence is an audit signal only; it does not redefine the PCIC A1 boundary.,https://edinumen.es/hablamos/pdf/hablamos_compacto_a1.pdf,1.18
TRI-A1-144,ITEM_AGGREGATE,PED-11,AIL Español — City vocabulary A1,CROSS_SOURCE_AGGREGATE,MIXED_A1/A1-A2,Ciudad,farola,LEXEME,AGGREGATED_EXACT_ITEM_SIGNAL,NO,,,NO_A1_ASSERTION_FOUND_IN_AUDITED_PCIC_SPECIFIC_NOTIONS,SINGLE_SOURCE_PEDAGOGICAL_SIGNAL,E0_OR_UNRESOLVED,E1_PEDAGOGICAL_ATTESTATION_ONLY,1,REVIEW_ONLY_NO_PROMOTION,NO,AGGREGATED,Previously stress-tested; no explicit PCIC A1 assertion found.,https://ailespanol.com/learning-resources/spanish-city-vocabulary-a1-exercise/,1.18
TRI-A1-145,ITEM_AGGREGATE,PED-04,Edinumen — Hablamos Compacto A1,CROSS_SOURCE_AGGREGATE,MIXED_A1/A1-A2,Ocio/recomendación,hay que + infinitivo,PATTERN,AGGREGATED_EXACT_ITEM_SIGNAL,NO,,,EXPLICIT_A2_IN_PCIC_FUNCTIONS,SINGLE_SOURCE_PEDAGOGICAL_SIGNAL,E0_OR_UNRESOLVED,E1_PEDAGOGICAL_ATTESTATION_ONLY,1,REVIEW_ONLY_NO_PROMOTION,NO,AGGREGATED,Existing Phase 6C audit records hay que + infinitivo in A2 in the relevant function page.,https://edinumen.es/hablamos/pdf/hablamos_compacto_a1.pdf,1.18
TRI-A1-146,ITEM_AGGREGATE,PED-12,Instituto Cervantes Manchester — Inicial 1/2 (A1.1/A1.2),CROSS_SOURCE_AGGREGATE,MIXED_A1/A1-A2,Gustos,interesar,LEXEME_OR_FUNCTION_WORD,AGGREGATED_EXACT_ITEM_SIGNAL,NO,,,NO_EXPLICIT_A1_LEXICAL_ASSERTION_ESTABLISHED,SINGLE_SOURCE_PEDAGOGICAL_SIGNAL,E0_OR_UNRESOLVED,E1_PEDAGOGICAL_ATTESTATION_ONLY,1,REVIEW_ONLY_NO_PROMOTION,NO,AGGREGATED,"Cervantes course implementation uses interesar, but current A1 lexical baseline has no exact lexeme assertion.",https://manchester.cervantes.es/es/cursos_espanol/cursos_generales/inicial/cursos_inicial_1.htm | https://manchester.cervantes.es/es/cursos_espanol/cursos_generales/inicial/cursos_inicial_2.htm,1.18
TRI-A1-147,ITEM_AGGREGATE,PED-04,Edinumen — Hablamos Compacto A1,CROSS_SOURCE_AGGREGATE,MIXED_A1/A1-A2,Movilidad,ir,LEXEME,AGGREGATED_EXACT_ITEM_SIGNAL,YES,A1_CORE_NORMATIVE,VERB,NONE_IDENTIFIED,SINGLE_SOURCE_BASELINE_CORROBORATION,E3,E3_A1_NORMATIVE_OR_EXISTING,1,KEEP_BASELINE,NO,AGGREGATED,Independent pedagogical convergence is an audit signal only; it does not redefine the PCIC A1 boundary.,https://edinumen.es/hablamos/pdf/hablamos_compacto_a1.pdf,1.18
TRI-A1-148,ITEM_AGGREGATE,PED-05,Universitat de Barcelona — Lengua española A1,CROSS_SOURCE_AGGREGATE,MIXED_A1/A1-A2,Gramática,me,PRONOUN,AGGREGATED_EXACT_ITEM_SIGNAL,YES,A1_CORE_NORMATIVE,CLITIC,NONE_IDENTIFIED,SINGLE_SOURCE_BASELINE_CORROBORATION,E3,E3_A1_NORMATIVE_OR_EXISTING,1,KEEP_BASELINE,NO,AGGREGATED,Independent pedagogical convergence is an audit signal only; it does not redefine the PCIC A1 boundary.,,1.18
TRI-A1-149,ITEM_AGGREGATE,PED-12,Instituto Cervantes Manchester — Inicial 1/2 (A1.1/A1.2),CROSS_SOURCE_AGGREGATE,MIXED_A1/A1-A2,Gramática,mi,LEXEME_OR_FUNCTION_WORD,AGGREGATED_EXACT_ITEM_SIGNAL,YES,A1_CORE_NORMATIVE,FUNCTION_WORD,NONE_IDENTIFIED,SINGLE_SOURCE_BASELINE_CORROBORATION,E3,E3_A1_NORMATIVE_OR_EXISTING,1,KEEP_BASELINE,NO,AGGREGATED,Independent pedagogical convergence is an audit signal only; it does not redefine the PCIC A1 boundary.,https://manchester.cervantes.es/es/cursos_espanol/cursos_generales/inicial/cursos_inicial_1.htm | https://manchester.cervantes.es/es/cursos_espanol/cursos_generales/inicial/cursos_inicial_2.htm,1.18
TRI-A1-150,ITEM_AGGREGATE,PED-12,Instituto Cervantes Manchester — Inicial 1/2 (A1.1/A1.2),CROSS_SOURCE_AGGREGATE,MIXED_A1/A1-A2,Cantidad,muchos,LEXEME_OR_FUNCTION_WORD,AGGREGATED_EXACT_ITEM_SIGNAL,YES,A1_CORE_NORMATIVE,QUANT,NONE_IDENTIFIED,SINGLE_SOURCE_BASELINE_CORROBORATION,E3,E3_A1_NORMATIVE_OR_EXISTING,1,KEEP_BASELINE,NO,AGGREGATED,Independent pedagogical convergence is an audit signal only; it does not redefine the PCIC A1 boundary.,https://manchester.cervantes.es/es/cursos_espanol/cursos_generales/inicial/cursos_inicial_1.htm | https://manchester.cervantes.es/es/cursos_espanol/cursos_generales/inicial/cursos_inicial_2.htm,1.18
TRI-A1-151,ITEM_AGGREGATE,PED-04,Edinumen — Hablamos Compacto A1,CROSS_SOURCE_AGGREGATE,MIXED_A1/A1-A2,Ocio/recomendación,necesitar + infinitivo,PATTERN,AGGREGATED_EXACT_ITEM_SIGNAL,NO,,,NO_EXPLICIT_A1_EVIDENCE_IN_CURRENT_NORMATIVE_LEDGER,SINGLE_SOURCE_PEDAGOGICAL_SIGNAL,E0_OR_UNRESOLVED,E1_PEDAGOGICAL_ATTESTATION_ONLY,1,REVIEW_ONLY_NO_PROMOTION,NO,AGGREGATED,Editorial A1 signal only; normative A1 evidence not established.,https://edinumen.es/hablamos/pdf/hablamos_compacto_a1.pdf,1.18
TRI-A1-152,ITEM_AGGREGATE,PED-02,JUNTXS — University of Queensland,CROSS_SOURCE_AGGREGATE,MIXED_A1/A1-A2,Discurso/Conexión,ni,FUNCTION_WORD,AGGREGATED_EXACT_ITEM_SIGNAL,YES,A1_CORE_NORMATIVE,CONJ_CONNECTOR,NONE_IDENTIFIED,SINGLE_SOURCE_BASELINE_CORROBORATION,E3,E3_A1_NORMATIVE_OR_EXISTING,1,KEEP_BASELINE,NO,AGGREGATED,Independent pedagogical convergence is an audit signal only; it does not redefine the PCIC A1 boundary.,https://uq.pressbooks.pub/introspanish/,1.18
TRI-A1-153,ITEM_AGGREGATE,PED-12,Instituto Cervantes Manchester — Inicial 1/2 (A1.1/A1.2),CROSS_SOURCE_AGGREGATE,MIXED_A1/A1-A2,Gramática,nuestro,LEXEME_OR_FUNCTION_WORD,AGGREGATED_EXACT_ITEM_SIGNAL,YES,A1_CORE_NORMATIVE,POSSESSIVE_DET,NONE_IDENTIFIED,SINGLE_SOURCE_BASELINE_CORROBORATION,E3,E3_A1_NORMATIVE_OR_EXISTING,1,KEEP_BASELINE,NO,AGGREGATED,Independent pedagogical convergence is an audit signal only; it does not redefine the PCIC A1 boundary.,https://manchester.cervantes.es/es/cursos_espanol/cursos_generales/inicial/cursos_inicial_1.htm | https://manchester.cervantes.es/es/cursos_espanol/cursos_generales/inicial/cursos_inicial_2.htm,1.18
TRI-A1-154,ITEM_AGGREGATE,PED-02,JUNTXS — University of Queensland,CROSS_SOURCE_AGGREGATE,MIXED_A1/A1-A2,Discurso/Conexión,o,FUNCTION_WORD,AGGREGATED_EXACT_ITEM_SIGNAL,YES,A1_CORE_NORMATIVE,CONJ_CONNECTOR,NONE_IDENTIFIED,SINGLE_SOURCE_BASELINE_CORROBORATION,E3,E3_A1_NORMATIVE_OR_EXISTING,1,KEEP_BASELINE,NO,AGGREGATED,Independent pedagogical convergence is an audit signal only; it does not redefine the PCIC A1 boundary.,https://uq.pressbooks.pub/introspanish/,1.18
TRI-A1-155,ITEM_AGGREGATE,PED-02,JUNTXS — University of Queensland,CROSS_SOURCE_AGGREGATE,MIXED_A1/A1-A2,Discurso/Conexión,pero,FUNCTION_WORD,AGGREGATED_EXACT_ITEM_SIGNAL,YES,A1_CORE_NORMATIVE,CONJ_CONNECTOR,NONE_IDENTIFIED,SINGLE_SOURCE_BASELINE_CORROBORATION,E3,E3_A1_NORMATIVE_OR_EXISTING,1,KEEP_BASELINE,NO,AGGREGATED,Independent pedagogical convergence is an audit signal only; it does not redefine the PCIC A1 boundary.,https://uq.pressbooks.pub/introspanish/,1.18
TRI-A1-156,ITEM_AGGREGATE,PED-12,Instituto Cervantes Manchester — Inicial 1/2 (A1.1/A1.2),CROSS_SOURCE_AGGREGATE,MIXED_A1/A1-A2,Cantidad,pocos,LEXEME_OR_FUNCTION_WORD,AGGREGATED_EXACT_ITEM_SIGNAL,YES,A1_CORE_NORMATIVE,QUANT,NONE_IDENTIFIED,SINGLE_SOURCE_BASELINE_CORROBORATION,E3,E3_A1_NORMATIVE_OR_EXISTING,1,KEEP_BASELINE,NO,AGGREGATED,Independent pedagogical convergence is an audit signal only; it does not redefine the PCIC A1 boundary.,https://manchester.cervantes.es/es/cursos_espanol/cursos_generales/inicial/cursos_inicial_1.htm | https://manchester.cervantes.es/es/cursos_espanol/cursos_generales/inicial/cursos_inicial_2.htm,1.18
TRI-A1-157,ITEM_AGGREGATE,PED-04,Edinumen — Hablamos Compacto A1,CROSS_SOURCE_AGGREGATE,MIXED_A1/A1-A2,Gustos,preferir,LEXEME,AGGREGATED_EXACT_ITEM_SIGNAL,YES,A1_CORE_NORMATIVE,VERB,NONE_IDENTIFIED,SINGLE_SOURCE_BASELINE_CORROBORATION,E3,E3_A1_NORMATIVE_OR_EXISTING,1,KEEP_BASELINE,NO,AGGREGATED,Independent pedagogical convergence is an audit signal only; it does not redefine the PCIC A1 boundary.,https://edinumen.es/hablamos/pdf/hablamos_compacto_a1.pdf,1.18
TRI-A1-158,ITEM_AGGREGATE,PED-11,AIL Español — City vocabulary A1,CROSS_SOURCE_AGGREGATE,MIXED_A1/A1-A2,Ciudad,semáforo,LEXEME,AGGREGATED_EXACT_ITEM_SIGNAL,NO,,,NO_A1_ASSERTION_FOUND_IN_AUDITED_PCIC_SPECIFIC_NOTIONS,SINGLE_SOURCE_PEDAGOGICAL_SIGNAL,E0_OR_UNRESOLVED,E1_PEDAGOGICAL_ATTESTATION_ONLY,1,REVIEW_ONLY_NO_PROMOTION,NO,AGGREGATED,Previously stress-tested; no explicit PCIC A1 assertion found.,https://ailespanol.com/learning-resources/spanish-city-vocabulary-a1-exercise/,1.18
TRI-A1-159,ITEM_AGGREGATE,PED-04,Edinumen — Hablamos Compacto A1,CROSS_SOURCE_AGGREGATE,MIXED_A1/A1-A2,Planes/vacaciones,soler + infinitivo,PATTERN,AGGREGATED_EXACT_ITEM_SIGNAL,NO,,,NO_EXPLICIT_A1_EVIDENCE_IN_CURRENT_NORMATIVE_LEDGER,SINGLE_SOURCE_PEDAGOGICAL_SIGNAL,E0_OR_UNRESOLVED,E1_PEDAGOGICAL_ATTESTATION_ONLY,1,REVIEW_ONLY_NO_PROMOTION,NO,AGGREGATED,Editorial A1 signal only; normative A1 evidence not established.,https://edinumen.es/hablamos/pdf/hablamos_compacto_a1.pdf,1.18
TRI-A1-160,ITEM_AGGREGATE,PED-12,Instituto Cervantes Manchester — Inicial 1/2 (A1.1/A1.2),CROSS_SOURCE_AGGREGATE,MIXED_A1/A1-A2,Gramática,su,LEXEME_OR_FUNCTION_WORD,AGGREGATED_EXACT_ITEM_SIGNAL,YES,A1_CORE_NORMATIVE,POSSESSIVE_DET,NONE_IDENTIFIED,SINGLE_SOURCE_BASELINE_CORROBORATION,E3,E3_A1_NORMATIVE_OR_EXISTING,1,KEEP_BASELINE,NO,AGGREGATED,Independent pedagogical convergence is an audit signal only; it does not redefine the PCIC A1 boundary.,https://manchester.cervantes.es/es/cursos_espanol/cursos_generales/inicial/cursos_inicial_1.htm | https://manchester.cervantes.es/es/cursos_espanol/cursos_generales/inicial/cursos_inicial_2.htm,1.18
TRI-A1-161,ITEM_AGGREGATE,PED-04,Edinumen — Hablamos Compacto A1,CROSS_SOURCE_AGGREGATE,MIXED_A1/A1-A2,Compras,supermercado,LEXEME,AGGREGATED_EXACT_ITEM_SIGNAL,YES,A1_CORE_NORMATIVE,NOUN,NONE_IDENTIFIED,SINGLE_SOURCE_BASELINE_CORROBORATION,E3,E3_A1_NORMATIVE_OR_EXISTING,1,KEEP_BASELINE,NO,AGGREGATED,Independent pedagogical convergence is an audit signal only; it does not redefine the PCIC A1 boundary.,https://edinumen.es/hablamos/pdf/hablamos_compacto_a1.pdf,1.18
TRI-A1-162,ITEM_AGGREGATE,PED-02,JUNTXS — University of Queensland,CROSS_SOURCE_AGGREGATE,MIXED_A1/A1-A2,Discurso/Conexión,también,FUNCTION_WORD,AGGREGATED_EXACT_ITEM_SIGNAL,YES,A1_CORE_NORMATIVE,ADV_QUANT,NONE_IDENTIFIED,SINGLE_SOURCE_BASELINE_CORROBORATION,E3,E3_A1_NORMATIVE_OR_EXISTING,1,KEEP_BASELINE,NO,AGGREGATED,Independent pedagogical convergence is an audit signal only; it does not redefine the PCIC A1 boundary.,https://uq.pressbooks.pub/introspanish/,1.18
TRI-A1-163,ITEM_AGGREGATE,PED-05,Universitat de Barcelona — Lengua española A1,CROSS_SOURCE_AGGREGATE,MIXED_A1/A1-A2,Gramática,te,PRONOUN,AGGREGATED_EXACT_ITEM_SIGNAL,NO,,,KNOWN_PEDAGOGICAL_VS_PCIC_GRAMMAR_SCOPE_CONFLICT,SINGLE_SOURCE_PEDAGOGICAL_SIGNAL,E0_OR_UNRESOLVED,E1_PEDAGOGICAL_ATTESTATION_ONLY,1,REVIEW_ONLY_NO_PROMOTION,NO,AGGREGATED,Existing source registry records a university A1 program broader than the strict PCIC A1 extraction for OI pronouns.,,1.18
TRI-A1-164,ITEM_AGGREGATE,PED-04,Edinumen — Hablamos Compacto A1,CROSS_SOURCE_AGGREGATE,MIXED_A1/A1-A2,Ocio/recomendación,tener que + infinitivo,PATTERN,AGGREGATED_EXACT_ITEM_SIGNAL,NO,,,EXPLICIT_A2_IN_PCIC_FUNCTIONS,SINGLE_SOURCE_PEDAGOGICAL_SIGNAL,E0_OR_UNRESOLVED,E1_PEDAGOGICAL_ATTESTATION_ONLY,1,REVIEW_ONLY_NO_PROMOTION,NO,AGGREGATED,Existing Phase 6C audit records tener que + infinitivo in A2 in the relevant function page.,https://edinumen.es/hablamos/pdf/hablamos_compacto_a1.pdf,1.18
TRI-A1-165,ITEM_AGGREGATE,PED-02,JUNTXS — University of Queensland,CROSS_SOURCE_AGGREGATE,MIXED_A1/A1-A2,Ocio,tiempo libre,MWU_OR_LABEL,AGGREGATED_EXACT_ITEM_SIGNAL,NO,,,EXPLICIT_A2_IN_PCIC_OCIO,SINGLE_SOURCE_PEDAGOGICAL_SIGNAL,E0_OR_UNRESOLVED,E1_PEDAGOGICAL_ATTESTATION_ONLY,1,REVIEW_ONLY_NO_PROMOTION,NO,AGGREGATED,PCIC Ocio places tiempo libre in A2.,https://uq.pressbooks.pub/introspanish/,1.18
TRI-A1-166,ITEM_AGGREGATE,PED-12,Instituto Cervantes Manchester — Inicial 1/2 (A1.1/A1.2),CROSS_SOURCE_AGGREGATE,MIXED_A1/A1-A2,Gramática,tu,LEXEME_OR_FUNCTION_WORD,AGGREGATED_EXACT_ITEM_SIGNAL,YES,A1_CORE_NORMATIVE,POSSESSIVE_DET,NONE_IDENTIFIED,SINGLE_SOURCE_BASELINE_CORROBORATION,E3,E3_A1_NORMATIVE_OR_EXISTING,1,KEEP_BASELINE,NO,AGGREGATED,Independent pedagogical convergence is an audit signal only; it does not redefine the PCIC A1 boundary.,https://manchester.cervantes.es/es/cursos_espanol/cursos_generales/inicial/cursos_inicial_1.htm | https://manchester.cervantes.es/es/cursos_espanol/cursos_generales/inicial/cursos_inicial_2.htm,1.18
TRI-A1-167,ITEM_AGGREGATE,PED-04,Edinumen — Hablamos Compacto A1,CROSS_SOURCE_AGGREGATE,MIXED_A1/A1-A2,Viajes,vacaciones,LEXEME,AGGREGATED_EXACT_ITEM_SIGNAL,YES,A1_CORE_NORMATIVE,NOUN,NONE_IDENTIFIED,SINGLE_SOURCE_BASELINE_CORROBORATION,E3,E3_A1_NORMATIVE_OR_EXISTING,1,KEEP_BASELINE,NO,AGGREGATED,Independent pedagogical convergence is an audit signal only; it does not redefine the PCIC A1 boundary.,https://edinumen.es/hablamos/pdf/hablamos_compacto_a1.pdf,1.18
TRI-A1-168,ITEM_AGGREGATE,PED-04,Edinumen — Hablamos Compacto A1,CROSS_SOURCE_AGGREGATE,MIXED_A1/A1-A2,Planes/vacaciones,volver a + infinitivo,PATTERN,AGGREGATED_EXACT_ITEM_SIGNAL,NO,,,NONE_IDENTIFIED,SINGLE_SOURCE_PEDAGOGICAL_SIGNAL,E0_OR_UNRESOLVED,E1_PEDAGOGICAL_ATTESTATION_ONLY,1,REVIEW_ONLY_NO_PROMOTION,NO,AGGREGATED,Independent pedagogical convergence is an audit signal only; it does not redefine the PCIC A1 boundary.,https://edinumen.es/hablamos/pdf/hablamos_compacto_a1.pdf,1.18
TRI-A1-169,ITEM_AGGREGATE,PED-02,JUNTXS — University of Queensland,CROSS_SOURCE_AGGREGATE,MIXED_A1/A1-A2,Discurso/Conexión,y,FUNCTION_WORD,AGGREGATED_EXACT_ITEM_SIGNAL,YES,A1_CORE_NORMATIVE,CONJ_CONNECTOR,NONE_IDENTIFIED,SINGLE_SOURCE_BASELINE_CORROBORATION,E3,E3_A1_NORMATIVE_OR_EXISTING,1,KEEP_BASELINE,NO,AGGREGATED,Independent pedagogical convergence is an audit signal only; it does not redefine the PCIC A1 boundary.,https://uq.pressbooks.pub/introspanish/,1.18
TRI-A1-170,DOMAIN_AGGREGATE,PED-02;PED-04;PED-09;PED-12;PED-13,Multiple,CROSS_SOURCE_DOMAIN_AGGREGATE,MIXED_A1/A1-A2,Identidad personal,,DOMAIN,DOMAIN_CONVERGENCE,NOT_APPLICABLE,,,NOT_APPLICABLE,DOMAIN_CONVERGENCE,NOT_A_LEXEME_GATE,NOT_A_LEXEME_GATE,5,NO_CHANGE,NO,AGGREGATED,Counts only sources with an explicit assertion recorded in this ledger; domain convergence does not authorize every lexical item within the domain.,https://uq.pressbooks.pub/introspanish/ | https://edinumen.es/hablamos/pdf/hablamos_compacto_a1.pdf | https://www.cfp.upv.es/formacion-permanente/curso/elementary-spanish-a1_103416.html | https://manchester.cervantes.es/es/cursos_espanol/cursos_generales/inicial/cursos_inicial_1.htm | https://manchester.cervantes.es/es/cursos_espanol/cursos_generales/inicial/cursos_inicial_2.htm | https://www.usj.es/sites/default/files/content/Guida%20docente_Course%20guide%20Spanish%20A1_VR-C2.pdf,1.18
TRI-A1-171,DOMAIN_AGGREGATE,PED-02;PED-04;PED-10;PED-12;PED-13,Multiple,CROSS_SOURCE_DOMAIN_AGGREGATE,MIXED_A1/A1-A2,Ocio,,DOMAIN,DOMAIN_CONVERGENCE,NOT_APPLICABLE,,,NOT_APPLICABLE,DOMAIN_CONVERGENCE,NOT_A_LEXEME_GATE,NOT_A_LEXEME_GATE,5,NO_CHANGE,NO,AGGREGATED,Counts only sources with an explicit assertion recorded in this ledger; domain convergence does not authorize every lexical item within the domain.,https://uq.pressbooks.pub/introspanish/ | https://edinumen.es/hablamos/pdf/hablamos_compacto_a1.pdf | https://www.uni-paderborn.de/en/zfs/language-courses-for-students/spanish/spanish-a1 | https://manchester.cervantes.es/es/cursos_espanol/cursos_generales/inicial/cursos_inicial_1.htm | https://manchester.cervantes.es/es/cursos_espanol/cursos_generales/inicial/cursos_inicial_2.htm | https://www.usj.es/sites/default/files/content/Guida%20docente_Course%20guide%20Spanish%20A1_VR-C2.pdf,1.18
TRI-A1-172,DOMAIN_AGGREGATE,PED-04;PED-06;PED-10;PED-12;PED-13,Multiple,CROSS_SOURCE_DOMAIN_AGGREGATE,MIXED_A1/A1-A2,Relaciones personales,,DOMAIN,DOMAIN_CONVERGENCE,NOT_APPLICABLE,,,NOT_APPLICABLE,DOMAIN_CONVERGENCE,NOT_A_LEXEME_GATE,NOT_A_LEXEME_GATE,5,NO_CHANGE,NO,AGGREGATED,Counts only sources with an explicit assertion recorded in this ledger; domain convergence does not authorize every lexical item within the domain.,https://edinumen.es/hablamos/pdf/hablamos_compacto_a1.pdf | https://www.eur.nl/en/education/language-training-centre/spanish/spanish-a1-beginners | https://www.uni-paderborn.de/en/zfs/language-courses-for-students/spanish/spanish-a1 | https://manchester.cervantes.es/es/cursos_espanol/cursos_generales/inicial/cursos_inicial_1.htm | https://manchester.cervantes.es/es/cursos_espanol/cursos_generales/inicial/cursos_inicial_2.htm | https://www.usj.es/sites/default/files/content/Guida%20docente_Course%20guide%20Spanish%20A1_VR-C2.pdf,1.18
TRI-A1-173,DOMAIN_AGGREGATE,PED-04;PED-10;PED-12;PED-13,Multiple,CROSS_SOURCE_DOMAIN_AGGREGATE,MIXED_A1/A1-A2,Alimentación,,DOMAIN,DOMAIN_CONVERGENCE,NOT_APPLICABLE,,,NOT_APPLICABLE,DOMAIN_CONVERGENCE,NOT_A_LEXEME_GATE,NOT_A_LEXEME_GATE,4,NO_CHANGE,NO,AGGREGATED,Counts only sources with an explicit assertion recorded in this ledger; domain convergence does not authorize every lexical item within the domain.,https://edinumen.es/hablamos/pdf/hablamos_compacto_a1.pdf | https://www.uni-paderborn.de/en/zfs/language-courses-for-students/spanish/spanish-a1 | https://manchester.cervantes.es/es/cursos_espanol/cursos_generales/inicial/cursos_inicial_1.htm | https://manchester.cervantes.es/es/cursos_espanol/cursos_generales/inicial/cursos_inicial_2.htm | https://www.usj.es/sites/default/files/content/Guida%20docente_Course%20guide%20Spanish%20A1_VR-C2.pdf,1.18
TRI-A1-174,DOMAIN_AGGREGATE,PED-04;PED-06;PED-10;PED-13,Multiple,CROSS_SOURCE_DOMAIN_AGGREGATE,MIXED_A1/A1-A2,Compras,,DOMAIN,DOMAIN_CONVERGENCE,NOT_APPLICABLE,,,NOT_APPLICABLE,DOMAIN_CONVERGENCE,NOT_A_LEXEME_GATE,NOT_A_LEXEME_GATE,4,NO_CHANGE,NO,AGGREGATED,Counts only sources with an explicit assertion recorded in this ledger; domain convergence does not authorize every lexical item within the domain.,https://edinumen.es/hablamos/pdf/hablamos_compacto_a1.pdf | https://www.eur.nl/en/education/language-training-centre/spanish/spanish-a1-beginners | https://www.uni-paderborn.de/en/zfs/language-courses-for-students/spanish/spanish-a1 | https://www.usj.es/sites/default/files/content/Guida%20docente_Course%20guide%20Spanish%20A1_VR-C2.pdf,1.18
TRI-A1-175,DOMAIN_AGGREGATE,PED-04;PED-10;PED-12;PED-13,Multiple,CROSS_SOURCE_DOMAIN_AGGREGATE,MIXED_A1/A1-A2,Vida cotidiana,,DOMAIN,DOMAIN_CONVERGENCE,NOT_APPLICABLE,,,NOT_APPLICABLE,DOMAIN_CONVERGENCE,NOT_A_LEXEME_GATE,NOT_A_LEXEME_GATE,4,NO_CHANGE,NO,AGGREGATED,Counts only sources with an explicit assertion recorded in this ledger; domain convergence does not authorize every lexical item within the domain.,https://edinumen.es/hablamos/pdf/hablamos_compacto_a1.pdf | https://www.uni-paderborn.de/en/zfs/language-courses-for-students/spanish/spanish-a1 | https://manchester.cervantes.es/es/cursos_espanol/cursos_generales/inicial/cursos_inicial_1.htm | https://manchester.cervantes.es/es/cursos_espanol/cursos_generales/inicial/cursos_inicial_2.htm | https://www.usj.es/sites/default/files/content/Guida%20docente_Course%20guide%20Spanish%20A1_VR-C2.pdf,1.18
TRI-A1-176,DOMAIN_AGGREGATE,PED-04;PED-10;PED-12,Multiple,CROSS_SOURCE_DOMAIN_AGGREGATE,MIXED_A1/A1-A2,Ciudad,,DOMAIN,DOMAIN_CONVERGENCE,NOT_APPLICABLE,,,NOT_APPLICABLE,DOMAIN_CONVERGENCE,NOT_A_LEXEME_GATE,NOT_A_LEXEME_GATE,3,NO_CHANGE,NO,AGGREGATED,Counts only sources with an explicit assertion recorded in this ledger; domain convergence does not authorize every lexical item within the domain.,https://edinumen.es/hablamos/pdf/hablamos_compacto_a1.pdf | https://www.uni-paderborn.de/en/zfs/language-courses-for-students/spanish/spanish-a1 | https://manchester.cervantes.es/es/cursos_espanol/cursos_generales/inicial/cursos_inicial_1.htm | https://manchester.cervantes.es/es/cursos_espanol/cursos_generales/inicial/cursos_inicial_2.htm,1.18
TRI-A1-177,DOMAIN_AGGREGATE,PED-04;PED-10;PED-13,Multiple,CROSS_SOURCE_DOMAIN_AGGREGATE,MIXED_A1/A1-A2,Viajes,,DOMAIN,DOMAIN_CONVERGENCE,NOT_APPLICABLE,,,NOT_APPLICABLE,DOMAIN_CONVERGENCE,NOT_A_LEXEME_GATE,NOT_A_LEXEME_GATE,3,NO_CHANGE,NO,AGGREGATED,Counts only sources with an explicit assertion recorded in this ledger; domain convergence does not authorize every lexical item within the domain.,https://edinumen.es/hablamos/pdf/hablamos_compacto_a1.pdf | https://www.uni-paderborn.de/en/zfs/language-courses-for-students/spanish/spanish-a1 | https://www.usj.es/sites/default/files/content/Guida%20docente_Course%20guide%20Spanish%20A1_VR-C2.pdf,1.18
TRI-A1-178,DOMAIN_AGGREGATE,PED-04;PED-12,Multiple,CROSS_SOURCE_DOMAIN_AGGREGATE,MIXED_A1/A1-A2,Gustos,,DOMAIN,DOMAIN_CONVERGENCE,NOT_APPLICABLE,,,NOT_APPLICABLE,DOMAIN_CONVERGENCE,NOT_A_LEXEME_GATE,NOT_A_LEXEME_GATE,2,NO_CHANGE,NO,AGGREGATED,Counts only sources with an explicit assertion recorded in this ledger; domain convergence does not authorize every lexical item within the domain.,https://edinumen.es/hablamos/pdf/hablamos_compacto_a1.pdf | https://manchester.cervantes.es/es/cursos_espanol/cursos_generales/inicial/cursos_inicial_1.htm | https://manchester.cervantes.es/es/cursos_espanol/cursos_generales/inicial/cursos_inicial_2.htm,1.18
TRI-A1-179,DOMAIN_AGGREGATE,PED-09;PED-10,Multiple,CROSS_SOURCE_DOMAIN_AGGREGATE,MIXED_A1/A1-A2,Tiempo,,DOMAIN,DOMAIN_CONVERGENCE,NOT_APPLICABLE,,,NOT_APPLICABLE,DOMAIN_CONVERGENCE,NOT_A_LEXEME_GATE,NOT_A_LEXEME_GATE,2,NO_CHANGE,NO,AGGREGATED,Counts only sources with an explicit assertion recorded in this ledger; domain convergence does not authorize every lexical item within the domain.,https://www.cfp.upv.es/formacion-permanente/curso/elementary-spanish-a1_103416.html | https://www.uni-paderborn.de/en/zfs/language-courses-for-students/spanish/spanish-a1,1.18
TRI-A1-180,DOMAIN_AGGREGATE,PED-09;PED-12,Multiple,CROSS_SOURCE_DOMAIN_AGGREGATE,MIXED_A1/A1-A2,Trabajo,,DOMAIN,DOMAIN_CONVERGENCE,NOT_APPLICABLE,,,NOT_APPLICABLE,DOMAIN_CONVERGENCE,NOT_A_LEXEME_GATE,NOT_A_LEXEME_GATE,2,NO_CHANGE,NO,AGGREGATED,Counts only sources with an explicit assertion recorded in this ledger; domain convergence does not authorize every lexical item within the domain.,https://www.cfp.upv.es/formacion-permanente/curso/elementary-spanish-a1_103416.html | https://manchester.cervantes.es/es/cursos_espanol/cursos_generales/inicial/cursos_inicial_1.htm | https://manchester.cervantes.es/es/cursos_espanol/cursos_generales/inicial/cursos_inicial_2.htm,1.18
TRI-A1-181,DOMAIN_AGGREGATE,PED-10;PED-13,Multiple,CROSS_SOURCE_DOMAIN_AGGREGATE,MIXED_A1/A1-A2,Transporte,,DOMAIN,DOMAIN_CONVERGENCE,NOT_APPLICABLE,,,NOT_APPLICABLE,DOMAIN_CONVERGENCE,NOT_A_LEXEME_GATE,NOT_A_LEXEME_GATE,2,NO_CHANGE,NO,AGGREGATED,Counts only sources with an explicit assertion recorded in this ledger; domain convergence does not authorize every lexical item within the domain.,https://www.uni-paderborn.de/en/zfs/language-courses-for-students/spanish/spanish-a1 | https://www.usj.es/sites/default/files/content/Guida%20docente_Course%20guide%20Spanish%20A1_VR-C2.pdf,1.18
TRI-A1-182,DOMAIN_AGGREGATE,PED-04;PED-13,Multiple,CROSS_SOURCE_DOMAIN_AGGREGATE,MIXED_A1/A1-A2,Vivienda,,DOMAIN,DOMAIN_CONVERGENCE,NOT_APPLICABLE,,,NOT_APPLICABLE,DOMAIN_CONVERGENCE,NOT_A_LEXEME_GATE,NOT_A_LEXEME_GATE,2,NO_CHANGE,NO,AGGREGATED,Counts only sources with an explicit assertion recorded in this ledger; domain convergence does not authorize every lexical item within the domain.,https://edinumen.es/hablamos/pdf/hablamos_compacto_a1.pdf | https://www.usj.es/sites/default/files/content/Guida%20docente_Course%20guide%20Spanish%20A1_VR-C2.pdf,1.18
TRI-A1-183,DOMAIN_AGGREGATE,PED-04,Multiple,CROSS_SOURCE_DOMAIN_AGGREGATE,MIXED_A1/A1-A2,Acciones en curso,,DOMAIN,DOMAIN_CONVERGENCE,NOT_APPLICABLE,,,NOT_APPLICABLE,DOMAIN_CONVERGENCE,NOT_A_LEXEME_GATE,NOT_A_LEXEME_GATE,1,NO_CHANGE,NO,AGGREGATED,Counts only sources with an explicit assertion recorded in this ledger; domain convergence does not authorize every lexical item within the domain.,https://edinumen.es/hablamos/pdf/hablamos_compacto_a1.pdf,1.18
TRI-A1-184,DOMAIN_AGGREGATE,PED-12,Multiple,CROSS_SOURCE_DOMAIN_AGGREGATE,MIXED_A1/A1-A2,Cantidad,,DOMAIN,DOMAIN_CONVERGENCE,NOT_APPLICABLE,,,NOT_APPLICABLE,DOMAIN_CONVERGENCE,NOT_A_LEXEME_GATE,NOT_A_LEXEME_GATE,1,NO_CHANGE,NO,AGGREGATED,Counts only sources with an explicit assertion recorded in this ledger; domain convergence does not authorize every lexical item within the domain.,https://manchester.cervantes.es/es/cursos_espanol/cursos_generales/inicial/cursos_inicial_1.htm | https://manchester.cervantes.es/es/cursos_espanol/cursos_generales/inicial/cursos_inicial_2.htm,1.18
TRI-A1-185,DOMAIN_AGGREGATE,PED-06,Multiple,CROSS_SOURCE_DOMAIN_AGGREGATE,MIXED_A1/A1-A2,Cualidades,,DOMAIN,DOMAIN_CONVERGENCE,NOT_APPLICABLE,,,NOT_APPLICABLE,DOMAIN_CONVERGENCE,NOT_A_LEXEME_GATE,NOT_A_LEXEME_GATE,1,NO_CHANGE,NO,AGGREGATED,Counts only sources with an explicit assertion recorded in this ledger; domain convergence does not authorize every lexical item within the domain.,https://www.eur.nl/en/education/language-training-centre/spanish/spanish-a1-beginners,1.18
TRI-A1-186,DOMAIN_AGGREGATE,PED-04,Multiple,CROSS_SOURCE_DOMAIN_AGGREGATE,MIXED_A1/A1-A2,Descripción física,,DOMAIN,DOMAIN_CONVERGENCE,NOT_APPLICABLE,,,NOT_APPLICABLE,DOMAIN_CONVERGENCE,NOT_A_LEXEME_GATE,NOT_A_LEXEME_GATE,1,NO_CHANGE,NO,AGGREGATED,Counts only sources with an explicit assertion recorded in this ledger; domain convergence does not authorize every lexical item within the domain.,https://edinumen.es/hablamos/pdf/hablamos_compacto_a1.pdf,1.18
TRI-A1-187,DOMAIN_AGGREGATE,PED-06,Multiple,CROSS_SOURCE_DOMAIN_AGGREGATE,MIXED_A1/A1-A2,Dimensión anímica,,DOMAIN,DOMAIN_CONVERGENCE,NOT_APPLICABLE,,,NOT_APPLICABLE,DOMAIN_CONVERGENCE,NOT_A_LEXEME_GATE,NOT_A_LEXEME_GATE,1,NO_CHANGE,NO,AGGREGATED,Counts only sources with an explicit assertion recorded in this ledger; domain convergence does not authorize every lexical item within the domain.,https://www.eur.nl/en/education/language-training-centre/spanish/spanish-a1-beginners,1.18
TRI-A1-188,DOMAIN_AGGREGATE,PED-04,Multiple,CROSS_SOURCE_DOMAIN_AGGREGATE,MIXED_A1/A1-A2,Dimensión perceptiva,,DOMAIN,DOMAIN_CONVERGENCE,NOT_APPLICABLE,,,NOT_APPLICABLE,DOMAIN_CONVERGENCE,NOT_A_LEXEME_GATE,NOT_A_LEXEME_GATE,1,NO_CHANGE,NO,AGGREGATED,Counts only sources with an explicit assertion recorded in this ledger; domain convergence does not authorize every lexical item within the domain.,https://edinumen.es/hablamos/pdf/hablamos_compacto_a1.pdf,1.18
TRI-A1-189,DOMAIN_AGGREGATE,PED-02,Multiple,CROSS_SOURCE_DOMAIN_AGGREGATE,MIXED_A1/A1-A2,Discurso/Conexión,,DOMAIN,DOMAIN_CONVERGENCE,NOT_APPLICABLE,,,NOT_APPLICABLE,DOMAIN_CONVERGENCE,NOT_A_LEXEME_GATE,NOT_A_LEXEME_GATE,1,NO_CHANGE,NO,AGGREGATED,Counts only sources with an explicit assertion recorded in this ledger; domain convergence does not authorize every lexical item within the domain.,https://uq.pressbooks.pub/introspanish/,1.18
TRI-A1-190,DOMAIN_AGGREGATE,PED-09,Multiple,CROSS_SOURCE_DOMAIN_AGGREGATE,MIXED_A1/A1-A2,Educación,,DOMAIN,DOMAIN_CONVERGENCE,NOT_APPLICABLE,,,NOT_APPLICABLE,DOMAIN_CONVERGENCE,NOT_A_LEXEME_GATE,NOT_A_LEXEME_GATE,1,NO_CHANGE,NO,AGGREGATED,Counts only sources with an explicit assertion recorded in this ledger; domain convergence does not authorize every lexical item within the domain.,https://www.cfp.upv.es/formacion-permanente/curso/elementary-spanish-a1_103416.html,1.18
TRI-A1-191,DOMAIN_AGGREGATE,PED-04,Multiple,CROSS_SOURCE_DOMAIN_AGGREGATE,MIXED_A1/A1-A2,Estados/localización,,DOMAIN,DOMAIN_CONVERGENCE,NOT_APPLICABLE,,,NOT_APPLICABLE,DOMAIN_CONVERGENCE,NOT_A_LEXEME_GATE,NOT_A_LEXEME_GATE,1,NO_CHANGE,NO,AGGREGATED,Counts only sources with an explicit assertion recorded in this ledger; domain convergence does not authorize every lexical item within the domain.,https://edinumen.es/hablamos/pdf/hablamos_compacto_a1.pdf,1.18
TRI-A1-192,DOMAIN_AGGREGATE,PED-13,Multiple,CROSS_SOURCE_DOMAIN_AGGREGATE,MIXED_A1/A1-A2,Geografía/Naturaleza,,DOMAIN,DOMAIN_CONVERGENCE,NOT_APPLICABLE,,,NOT_APPLICABLE,DOMAIN_CONVERGENCE,NOT_A_LEXEME_GATE,NOT_A_LEXEME_GATE,1,NO_CHANGE,NO,AGGREGATED,Counts only sources with an explicit assertion recorded in this ledger; domain convergence does not authorize every lexical item within the domain.,https://www.usj.es/sites/default/files/content/Guida%20docente_Course%20guide%20Spanish%20A1_VR-C2.pdf,1.18
TRI-A1-193,DOMAIN_AGGREGATE,PED-12,Multiple,CROSS_SOURCE_DOMAIN_AGGREGATE,MIXED_A1/A1-A2,Gramática,,DOMAIN,DOMAIN_CONVERGENCE,NOT_APPLICABLE,,,NOT_APPLICABLE,DOMAIN_CONVERGENCE,NOT_A_LEXEME_GATE,NOT_A_LEXEME_GATE,1,NO_CHANGE,NO,AGGREGATED,Counts only sources with an explicit assertion recorded in this ledger; domain convergence does not authorize every lexical item within the domain.,https://manchester.cervantes.es/es/cursos_espanol/cursos_generales/inicial/cursos_inicial_1.htm | https://manchester.cervantes.es/es/cursos_espanol/cursos_generales/inicial/cursos_inicial_2.htm,1.18
TRI-A1-194,DOMAIN_AGGREGATE,PED-13,Multiple,CROSS_SOURCE_DOMAIN_AGGREGATE,MIXED_A1/A1-A2,Habilidad,,DOMAIN,DOMAIN_CONVERGENCE,NOT_APPLICABLE,,,NOT_APPLICABLE,DOMAIN_CONVERGENCE,NOT_A_LEXEME_GATE,NOT_A_LEXEME_GATE,1,NO_CHANGE,NO,AGGREGATED,Counts only sources with an explicit assertion recorded in this ledger; domain convergence does not authorize every lexical item within the domain.,https://www.usj.es/sites/default/files/content/Guida%20docente_Course%20guide%20Spanish%20A1_VR-C2.pdf,1.18
TRI-A1-195,DOMAIN_AGGREGATE,PED-13,Multiple,CROSS_SOURCE_DOMAIN_AGGREGATE,MIXED_A1/A1-A2,Identidad/descripción,,DOMAIN,DOMAIN_CONVERGENCE,NOT_APPLICABLE,,,NOT_APPLICABLE,DOMAIN_CONVERGENCE,NOT_A_LEXEME_GATE,NOT_A_LEXEME_GATE,1,NO_CHANGE,NO,AGGREGATED,Counts only sources with an explicit assertion recorded in this ledger; domain convergence does not authorize every lexical item within the domain.,https://www.usj.es/sites/default/files/content/Guida%20docente_Course%20guide%20Spanish%20A1_VR-C2.pdf,1.18
TRI-A1-196,DOMAIN_AGGREGATE,PED-06,Multiple,CROSS_SOURCE_DOMAIN_AGGREGATE,MIXED_A1/A1-A2,Intercultural,,DOMAIN,DOMAIN_CONVERGENCE,NOT_APPLICABLE,,,NOT_APPLICABLE,DOMAIN_CONVERGENCE,NOT_A_LEXEME_GATE,NOT_A_LEXEME_GATE,1,NO_CHANGE,NO,AGGREGATED,Counts only sources with an explicit assertion recorded in this ledger; domain convergence does not authorize every lexical item within the domain.,https://www.eur.nl/en/education/language-training-centre/spanish/spanish-a1-beginners,1.18
TRI-A1-197,DOMAIN_AGGREGATE,PED-04,Multiple,CROSS_SOURCE_DOMAIN_AGGREGATE,MIXED_A1/A1-A2,Movilidad,,DOMAIN,DOMAIN_CONVERGENCE,NOT_APPLICABLE,,,NOT_APPLICABLE,DOMAIN_CONVERGENCE,NOT_A_LEXEME_GATE,NOT_A_LEXEME_GATE,1,NO_CHANGE,NO,AGGREGATED,Counts only sources with an explicit assertion recorded in this ledger; domain convergence does not authorize every lexical item within the domain.,https://edinumen.es/hablamos/pdf/hablamos_compacto_a1.pdf,1.18
TRI-A1-198,DOMAIN_AGGREGATE,PED-04,Multiple,CROSS_SOURCE_DOMAIN_AGGREGATE,MIXED_A1/A1-A2,Ocio/recomendación,,DOMAIN,DOMAIN_CONVERGENCE,NOT_APPLICABLE,,,NOT_APPLICABLE,DOMAIN_CONVERGENCE,NOT_A_LEXEME_GATE,NOT_A_LEXEME_GATE,1,NO_CHANGE,NO,AGGREGATED,Counts only sources with an explicit assertion recorded in this ledger; domain convergence does not authorize every lexical item within the domain.,https://edinumen.es/hablamos/pdf/hablamos_compacto_a1.pdf,1.18
TRI-A1-199,DOMAIN_AGGREGATE,PED-04,Multiple,CROSS_SOURCE_DOMAIN_AGGREGATE,MIXED_A1/A1-A2,Planes/vacaciones,,DOMAIN,DOMAIN_CONVERGENCE,NOT_APPLICABLE,,,NOT_APPLICABLE,DOMAIN_CONVERGENCE,NOT_A_LEXEME_GATE,NOT_A_LEXEME_GATE,1,NO_CHANGE,NO,AGGREGATED,Counts only sources with an explicit assertion recorded in this ledger; domain convergence does not authorize every lexical item within the domain.,https://edinumen.es/hablamos/pdf/hablamos_compacto_a1.pdf,1.18
TRI-A1-200,DOMAIN_AGGREGATE,PED-13,Multiple,CROSS_SOURCE_DOMAIN_AGGREGATE,MIXED_A1/A1-A2,Servicios/Ciudad,,DOMAIN,DOMAIN_CONVERGENCE,NOT_APPLICABLE,,,NOT_APPLICABLE,DOMAIN_CONVERGENCE,NOT_A_LEXEME_GATE,NOT_A_LEXEME_GATE,1,NO_CHANGE,NO,AGGREGATED,Counts only sources with an explicit assertion recorded in this ledger; domain convergence does not authorize every lexical item within the domain.,https://www.usj.es/sites/default/files/content/Guida%20docente_Course%20guide%20Spanish%20A1_VR-C2.pdf,1.18
