record_id,record_type,source_id,source_level,pcic_ref,pcic_short_label,normalized_spanishstories_item,inventory,transmission_mode,receptive_required,productive_required,domain_or_scope,parent_record_or_item,status,linked_inventory_or_item,baseline_lexicon_action,source_url,notes,curriculum_version
GEN8B-001,A1_GENRE_PROFILE,PCIC-07,A1,1.2,Conversaciones cara a cara muy breves e informales sobre personas y lugares,Conversación cara a cara muy breve e informal sobre personas y lugares,A1-GENRES,ORAL,YES,YES,personas; lugares,,A1_EXPLICIT_DETAILED_PROFILE,,NO_CHANGE,https://cvc.cervantes.es/ensenanza/biblioteca_ele/plan_curricular/niveles/07_generos_discursivos_inventario_a1-a2.htm,,1.22
GEN8B-002,A1_GENRE_PROFILE,PCIC-07,A1,1.2,Conversaciones transaccionales cara a cara,Conversación transaccional cara a cara elemental,A1-GENRES,ORAL,YES,YES,compras sencillas; preguntas sobre lugares; indicaciones,,A1_EXPLICIT_DETAILED_PROFILE,,NO_CHANGE,https://cvc.cervantes.es/ensenanza/biblioteca_ele/plan_curricular/niveles/07_generos_discursivos_inventario_a1-a2.htm,,1.22
GEN8B-003,A1_GENRE_PROFILE,PCIC-07,A1,1.3,"Billetes (de transporte, de banco)",Billetes como productos escritos breves,A1-GENRES,WRITTEN,YES,NO,transporte; banco,,A1_EXPLICIT_DETAILED_PROFILE,,NO_CHANGE,https://cvc.cervantes.es/ensenanza/biblioteca_ele/plan_curricular/niveles/07_generos_discursivos_inventario_a1-a2.htm,,1.22
GEN8B-004,A1_GENRE_PROFILE,PCIC-07,A1,1.3,Carteles; directorios de centros comerciales,Carteles y directorios funcionales en establecimientos,A1-GENRES,WRITTEN,YES,NO,hoteles; tiendas; supermercados; mercados; centros comerciales,,A1_EXPLICIT_DETAILED_PROFILE,,NO_CHANGE,https://cvc.cervantes.es/ensenanza/biblioteca_ele/plan_curricular/niveles/07_generos_discursivos_inventario_a1-a2.htm,,1.22
GEN8B-005,A1_GENRE_PROFILE,PCIC-07,A1,1.3,Diccionarios bilingües,Diccionario bilingüe como género de consulta,A1-GENRES,WRITTEN,YES,NO,consulta léxica,,A1_EXPLICIT_DETAILED_PROFILE,,NO_CHANGE,https://cvc.cervantes.es/ensenanza/biblioteca_ele/plan_curricular/niveles/07_generos_discursivos_inventario_a1-a2.htm,,1.22
GEN8B-006,A1_GENRE_PROFILE,PCIC-07,A1,1.3,Formularios (datos personales),Formulario de datos personales,A1-GENRES,WRITTEN,YES,YES,datos personales,,A1_EXPLICIT_DETAILED_PROFILE,,NO_CHANGE,https://cvc.cervantes.es/ensenanza/biblioteca_ele/plan_curricular/niveles/07_generos_discursivos_inventario_a1-a2.htm,,1.22
GEN8B-007,A1_GENRE_PROFILE,PCIC-07,A1,1.3,Hojas y folletos con información turística,Hoja o folleto de información turística,A1-GENRES,WRITTEN,YES,NO,turismo,,A1_EXPLICIT_DETAILED_PROFILE,,NO_CHANGE,https://cvc.cervantes.es/ensenanza/biblioteca_ele/plan_curricular/niveles/07_generos_discursivos_inventario_a1-a2.htm,,1.22
GEN8B-008,A1_GENRE_PROFILE,PCIC-07,A1,1.3,Horarios de establecimientos y transporte público,Horario funcional de establecimiento o transporte,A1-GENRES,WRITTEN,YES,NO,establecimientos; transporte público,,A1_EXPLICIT_DETAILED_PROFILE,,NO_CHANGE,https://cvc.cervantes.es/ensenanza/biblioteca_ele/plan_curricular/niveles/07_generos_discursivos_inventario_a1-a2.htm,,1.22
GEN8B-009,A1_GENRE_PROFILE,PCIC-07,A1,1.3,"Menús del día, turísticos o de comida rápida",Menú funcional sencillo,A1-GENRES,WRITTEN,YES,NO,alimentación; restauración,,A1_EXPLICIT_DETAILED_PROFILE,,NO_CHANGE,https://cvc.cervantes.es/ensenanza/biblioteca_ele/plan_curricular/niveles/07_generos_discursivos_inventario_a1-a2.htm,,1.22
GEN8B-010,A1_GENRE_PROFILE,PCIC-07,A1,1.3,Notas muy breves y sencillas,Nota muy breve y sencilla,A1-GENRES,WRITTEN,YES,NO,necesidad inmediata,,A1_EXPLICIT_DETAILED_PROFILE,,NO_CHANGE,https://cvc.cervantes.es/ensenanza/biblioteca_ele/plan_curricular/niveles/07_generos_discursivos_inventario_a1-a2.htm,,1.22
GEN8B-011,A1_GENRE_PROFILE,PCIC-07,A1,1.3,Postales y mensajes electrónicos breves y sencillos,Postal o mensaje electrónico breve y sencillo,A1-GENRES,WRITTEN,YES,YES,correspondencia personal básica,,A1_EXPLICIT_DETAILED_PROFILE,,NO_CHANGE,https://cvc.cervantes.es/ensenanza/biblioteca_ele/plan_curricular/niveles/07_generos_discursivos_inventario_a1-a2.htm,,1.22
GEN8B-012,A1_PRODUCT_SUBTYPE,PCIC-07,A1,1.3,Billete de transporte,Billete de transporte,A1-GENRES,WRITTEN,YES,NO,transporte,GEN8B-003,CHILD_OF_A1_GENRE_PROFILE,,NO_CHANGE,https://cvc.cervantes.es/ensenanza/biblioteca_ele/plan_curricular/niveles/07_generos_discursivos_inventario_a1-a2.htm,,1.22
GEN8B-013,A1_PRODUCT_SUBTYPE,PCIC-07,A1,1.3,Billete de banco,Billete de banco,A1-GENRES,WRITTEN,YES,NO,banco,GEN8B-003,CHILD_OF_A1_GENRE_PROFILE,,NO_CHANGE,https://cvc.cervantes.es/ensenanza/biblioteca_ele/plan_curricular/niveles/07_generos_discursivos_inventario_a1-a2.htm,,1.22
GEN8B-014,A1_PRODUCT_SUBTYPE,PCIC-07,A1,1.3,Cartel funcional,Cartel funcional,A1-GENRES,WRITTEN,YES,NO,hoteles/tiendas/supermercados/mercados,GEN8B-004,CHILD_OF_A1_GENRE_PROFILE,,NO_CHANGE,https://cvc.cervantes.es/ensenanza/biblioteca_ele/plan_curricular/niveles/07_generos_discursivos_inventario_a1-a2.htm,,1.22
GEN8B-015,A1_PRODUCT_SUBTYPE,PCIC-07,A1,1.3,Directorio de centro comercial,Directorio de centro comercial,A1-GENRES,WRITTEN,YES,NO,centro comercial,GEN8B-004,CHILD_OF_A1_GENRE_PROFILE,,NO_CHANGE,https://cvc.cervantes.es/ensenanza/biblioteca_ele/plan_curricular/niveles/07_generos_discursivos_inventario_a1-a2.htm,,1.22
GEN8B-016,A1_PRODUCT_SUBTYPE,PCIC-07,A1,1.3,Hoja de información turística,Hoja de información turística,A1-GENRES,WRITTEN,YES,NO,turismo,GEN8B-007,CHILD_OF_A1_GENRE_PROFILE,,NO_CHANGE,https://cvc.cervantes.es/ensenanza/biblioteca_ele/plan_curricular/niveles/07_generos_discursivos_inventario_a1-a2.htm,,1.22
GEN8B-017,A1_PRODUCT_SUBTYPE,PCIC-07,A1,1.3,Folleto de información turística,Folleto de información turística,A1-GENRES,WRITTEN,YES,NO,turismo,GEN8B-007,CHILD_OF_A1_GENRE_PROFILE,,NO_CHANGE,https://cvc.cervantes.es/ensenanza/biblioteca_ele/plan_curricular/niveles/07_generos_discursivos_inventario_a1-a2.htm,,1.22
GEN8B-018,A1_PRODUCT_SUBTYPE,PCIC-07,A1,1.3,Horario de establecimiento,Horario de establecimiento,A1-GENRES,WRITTEN,YES,NO,establecimiento,GEN8B-008,CHILD_OF_A1_GENRE_PROFILE,,NO_CHANGE,https://cvc.cervantes.es/ensenanza/biblioteca_ele/plan_curricular/niveles/07_generos_discursivos_inventario_a1-a2.htm,,1.22
GEN8B-019,A1_PRODUCT_SUBTYPE,PCIC-07,A1,1.3,Horario de transporte público,Horario de transporte público,A1-GENRES,WRITTEN,YES,NO,transporte,GEN8B-008,CHILD_OF_A1_GENRE_PROFILE,,NO_CHANGE,https://cvc.cervantes.es/ensenanza/biblioteca_ele/plan_curricular/niveles/07_generos_discursivos_inventario_a1-a2.htm,,1.22
GEN8B-020,A1_PRODUCT_SUBTYPE,PCIC-07,A1,1.3,Menú del día,Menú del día,A1-GENRES,WRITTEN,YES,NO,restauración,GEN8B-009,CHILD_OF_A1_GENRE_PROFILE,,NO_CHANGE,https://cvc.cervantes.es/ensenanza/biblioteca_ele/plan_curricular/niveles/07_generos_discursivos_inventario_a1-a2.htm,,1.22
GEN8B-021,A1_PRODUCT_SUBTYPE,PCIC-07,A1,1.3,Menú turístico,Menú turístico,A1-GENRES,WRITTEN,YES,NO,restauración,GEN8B-009,CHILD_OF_A1_GENRE_PROFILE,,NO_CHANGE,https://cvc.cervantes.es/ensenanza/biblioteca_ele/plan_curricular/niveles/07_generos_discursivos_inventario_a1-a2.htm,,1.22
GEN8B-022,A1_PRODUCT_SUBTYPE,PCIC-07,A1,1.3,Menú de establecimiento de comida rápida,Menú de establecimiento de comida rápida,A1-GENRES,WRITTEN,YES,NO,restauración,GEN8B-009,CHILD_OF_A1_GENRE_PROFILE,,NO_CHANGE,https://cvc.cervantes.es/ensenanza/biblioteca_ele/plan_curricular/niveles/07_generos_discursivos_inventario_a1-a2.htm,,1.22
GEN8B-023,A1_PRODUCT_SUBTYPE,PCIC-07,A1,1.3,Postal breve y sencilla,Postal breve y sencilla,A1-GENRES,WRITTEN,YES,YES,correspondencia,GEN8B-011,CHILD_OF_A1_GENRE_PROFILE,,NO_CHANGE,https://cvc.cervantes.es/ensenanza/biblioteca_ele/plan_curricular/niveles/07_generos_discursivos_inventario_a1-a2.htm,,1.22
GEN8B-024,A1_PRODUCT_SUBTYPE,PCIC-07,A1,1.3,Mensaje electrónico breve y sencillo,Mensaje electrónico breve y sencillo,A1-GENRES,WRITTEN,YES,YES,correspondencia,GEN8B-011,CHILD_OF_A1_GENRE_PROFILE,,NO_CHANGE,https://cvc.cervantes.es/ensenanza/biblioteca_ele/plan_curricular/niveles/07_generos_discursivos_inventario_a1-a2.htm,,1.22
GEN8B-025,A1_MACROFUNCTION,PCIC-07,A1,3.1,Macrofunción descriptiva: personas,Describir personas,A1-DISCOURSE,MIXED,YES,YES,PERSON_DESCRIPTION,,A1_EXPLICIT,,NO_CHANGE,https://cvc.cervantes.es/ensenanza/biblioteca_ele/plan_curricular/niveles/07_generos_discursivos_inventario_a1-a2.htm,,1.22
GEN8B-026,A1_PROCESS_ORGANIZATION,PCIC-07,A1,3.1.1,"Punto de vista objetivo, de general a particular",Organizar la descripción desde una caracterización general hacia rasgos particulares,A1-DISCOURSE,MIXED,YES,YES,PERSON_DESCRIPTION,GEN8B-025,A1_EXPLICIT,,NO_CHANGE,https://cvc.cervantes.es/ensenanza/biblioteca_ele/plan_curricular/niveles/07_generos_discursivos_inventario_a1-a2.htm,,1.22
GEN8B-027,A1_DISCOURSE_MOVE,PCIC-07,A1,3.1.1,Anclaje,Introducir e identificar el referente que será descrito,A1-DISCOURSE,MIXED,YES,YES,PERSON_DESCRIPTION,GEN8B-025,A1_EXPLICIT,,NO_CHANGE,https://cvc.cervantes.es/ensenanza/biblioteca_ele/plan_curricular/niveles/07_generos_discursivos_inventario_a1-a2.htm,,1.22
GEN8B-028,A1_DISCOURSE_MOVE,PCIC-07,A1,3.1.1,Aspectualización,"Desarrollar rasgos, partes, propiedades o localización del referente",A1-DISCOURSE,MIXED,YES,YES,PERSON_DESCRIPTION,GEN8B-025,A1_EXPLICIT,,NO_CHANGE,https://cvc.cervantes.es/ensenanza/biblioteca_ele/plan_curricular/niveles/07_generos_discursivos_inventario_a1-a2.htm,,1.22
GEN8B-029,A1_MACROFUNCTION,PCIC-07,A1,3.2,Macrofunción descriptiva: objetos,Describir objetos,A1-DISCOURSE,MIXED,YES,YES,OBJECT_DESCRIPTION,,A1_EXPLICIT,,NO_CHANGE,https://cvc.cervantes.es/ensenanza/biblioteca_ele/plan_curricular/niveles/07_generos_discursivos_inventario_a1-a2.htm,,1.22
GEN8B-030,A1_PROCESS_ORGANIZATION,PCIC-07,A1,3.2.1,"Punto de vista objetivo, de general a particular",Organizar la descripción desde una caracterización general hacia rasgos particulares,A1-DISCOURSE,MIXED,YES,YES,OBJECT_DESCRIPTION,GEN8B-029,A1_EXPLICIT,,NO_CHANGE,https://cvc.cervantes.es/ensenanza/biblioteca_ele/plan_curricular/niveles/07_generos_discursivos_inventario_a1-a2.htm,,1.22
GEN8B-031,A1_DISCOURSE_MOVE,PCIC-07,A1,3.2.1,Anclaje,Introducir e identificar el referente que será descrito,A1-DISCOURSE,MIXED,YES,YES,OBJECT_DESCRIPTION,GEN8B-029,A1_EXPLICIT,,NO_CHANGE,https://cvc.cervantes.es/ensenanza/biblioteca_ele/plan_curricular/niveles/07_generos_discursivos_inventario_a1-a2.htm,,1.22
GEN8B-032,A1_DISCOURSE_MOVE,PCIC-07,A1,3.2.1,Aspectualización,"Desarrollar rasgos, partes, propiedades o localización del referente",A1-DISCOURSE,MIXED,YES,YES,OBJECT_DESCRIPTION,GEN8B-029,A1_EXPLICIT,,NO_CHANGE,https://cvc.cervantes.es/ensenanza/biblioteca_ele/plan_curricular/niveles/07_generos_discursivos_inventario_a1-a2.htm,,1.22
GEN8B-033,A1_MACROFUNCTION,PCIC-07,A1,3.3,Macrofunción descriptiva: lugares,Describir lugares,A1-DISCOURSE,MIXED,YES,YES,PLACE_DESCRIPTION,,A1_EXPLICIT,,NO_CHANGE,https://cvc.cervantes.es/ensenanza/biblioteca_ele/plan_curricular/niveles/07_generos_discursivos_inventario_a1-a2.htm,,1.22
GEN8B-034,A1_PROCESS_ORGANIZATION,PCIC-07,A1,3.3.1,"Punto de vista objetivo, de general a particular",Organizar la descripción desde una caracterización general hacia rasgos particulares,A1-DISCOURSE,MIXED,YES,YES,PLACE_DESCRIPTION,GEN8B-033,A1_EXPLICIT,,NO_CHANGE,https://cvc.cervantes.es/ensenanza/biblioteca_ele/plan_curricular/niveles/07_generos_discursivos_inventario_a1-a2.htm,,1.22
GEN8B-035,A1_DISCOURSE_MOVE,PCIC-07,A1,3.3.1,Anclaje,Introducir e identificar el referente que será descrito,A1-DISCOURSE,MIXED,YES,YES,PLACE_DESCRIPTION,GEN8B-033,A1_EXPLICIT,,NO_CHANGE,https://cvc.cervantes.es/ensenanza/biblioteca_ele/plan_curricular/niveles/07_generos_discursivos_inventario_a1-a2.htm,,1.22
GEN8B-036,A1_DISCOURSE_MOVE,PCIC-07,A1,3.3.1,Aspectualización,"Desarrollar rasgos, partes, propiedades o localización del referente",A1-DISCOURSE,MIXED,YES,YES,PLACE_DESCRIPTION,GEN8B-033,A1_EXPLICIT,,NO_CHANGE,https://cvc.cervantes.es/ensenanza/biblioteca_ele/plan_curricular/niveles/07_generos_discursivos_inventario_a1-a2.htm,,1.22
GEN8B-037,A1_RESOURCE_CROSSREF,PCIC-07,A1,3.1.3,Adjetivos/SN — dimensión física — rasgos generales,Recurso lingüístico requerido por Describir personas,A1-DISCOURSE,MIXED,YES,YES,PERSON_DESCRIPTION,GEN8B-025,A1_CROSSREF,Nociones específicas 1.2,NO_CHANGE,https://cvc.cervantes.es/ensenanza/biblioteca_ele/plan_curricular/niveles/07_generos_discursivos_inventario_a1-a2.htm,,1.22
GEN8B-038,A1_RESOURCE_CROSSREF,PCIC-07,A1,3.1.3,Adjetivos/SN — cuerpo,Recurso lingüístico requerido por Describir personas,A1-DISCOURSE,MIXED,YES,YES,PERSON_DESCRIPTION,GEN8B-025,A1_CROSSREF,Nociones específicas 1.1; 1.3,NO_CHANGE,https://cvc.cervantes.es/ensenanza/biblioteca_ele/plan_curricular/niveles/07_generos_discursivos_inventario_a1-a2.htm,,1.22
GEN8B-039,A1_RESOURCE_CROSSREF,PCIC-07,A1,3.1.3,Adjetivos/SN — ropa,Recurso lingüístico requerido por Describir personas,A1-DISCOURSE,MIXED,YES,YES,PERSON_DESCRIPTION,GEN8B-025,A1_CROSSREF,Nociones específicas 12.2,NO_CHANGE,https://cvc.cervantes.es/ensenanza/biblioteca_ele/plan_curricular/niveles/07_generos_discursivos_inventario_a1-a2.htm,,1.22
GEN8B-040,A1_RESOURCE_CROSSREF,PCIC-07,A1,3.1.3,Adjetivos/SN — dimensión perceptiva y anímica,Recurso lingüístico requerido por Describir personas,A1-DISCOURSE,MIXED,YES,YES,PERSON_DESCRIPTION,GEN8B-025,A1_CROSSREF,Nociones específicas 2.1; 2.2; 2.3,NO_CHANGE,https://cvc.cervantes.es/ensenanza/biblioteca_ele/plan_curricular/niveles/07_generos_discursivos_inventario_a1-a2.htm,,1.22
GEN8B-041,A1_RESOURCE_CROSSREF,PCIC-07,A1,3.1.3,Posición del adjetivo,Recurso lingüístico requerido por Describir personas,A1-DISCOURSE,MIXED,YES,YES,PERSON_DESCRIPTION,GEN8B-025,A1_CROSSREF,Gramática 2.4,NO_CHANGE,https://cvc.cervantes.es/ensenanza/biblioteca_ele/plan_curricular/niveles/07_generos_discursivos_inventario_a1-a2.htm,,1.22
GEN8B-042,A1_RESOURCE_CROSSREF,PCIC-07,A1,3.1.3,Verbos de existencia,Recurso lingüístico requerido por Describir personas,A1-DISCOURSE,MIXED,YES,YES,PERSON_DESCRIPTION,GEN8B-025,A1_CROSSREF,Nociones generales 1.1,NO_CHANGE,https://cvc.cervantes.es/ensenanza/biblioteca_ele/plan_curricular/niveles/07_generos_discursivos_inventario_a1-a2.htm,,1.22
GEN8B-043,A1_RESOURCE_CROSSREF,PCIC-07,A1,3.1.3,Verbos de cualidad general,Recurso lingüístico requerido por Describir personas,A1-DISCOURSE,MIXED,YES,YES,PERSON_DESCRIPTION,GEN8B-025,A1_CROSSREF,Nociones generales 1.4,NO_CHANGE,https://cvc.cervantes.es/ensenanza/biblioteca_ele/plan_curricular/niveles/07_generos_discursivos_inventario_a1-a2.htm,,1.22
GEN8B-044,A1_RESOURCE_CROSSREF,PCIC-07,A1,3.1.3,Verbos de cambio,Recurso lingüístico requerido por Describir personas,A1-DISCOURSE,MIXED,YES,YES,PERSON_DESCRIPTION,GEN8B-025,A1_CROSSREF,Nociones generales 4.3.13,NO_CHANGE,https://cvc.cervantes.es/ensenanza/biblioteca_ele/plan_curricular/niveles/07_generos_discursivos_inventario_a1-a2.htm,,1.22
GEN8B-045,A1_RESOURCE_CROSSREF,PCIC-07,A1,3.1.3,Presente de indicativo: presente actual y valor durativo,Recurso lingüístico requerido por Describir personas,A1-DISCOURSE,MIXED,YES,YES,PERSON_DESCRIPTION,GEN8B-025,A1_CROSSREF,Gramática 9.1.1,NO_CHANGE,https://cvc.cervantes.es/ensenanza/biblioteca_ele/plan_curricular/niveles/07_generos_discursivos_inventario_a1-a2.htm,,1.22
GEN8B-046,A1_RESOURCE_CROSSREF,PCIC-07,A1,3.1.3,Participio con valor adjetival,Recurso lingüístico requerido por Describir personas,A1-DISCOURSE,MIXED,YES,YES,PERSON_DESCRIPTION,GEN8B-025,A1_CROSSREF,Gramática 9.4.3,NO_CHANGE,https://cvc.cervantes.es/ensenanza/biblioteca_ele/plan_curricular/niveles/07_generos_discursivos_inventario_a1-a2.htm,,1.22
GEN8B-047,A1_RESOURCE_CROSSREF,PCIC-07,A1,3.1.3,Deixis espacial,Recurso lingüístico requerido por Describir personas,A1-DISCOURSE,MIXED,YES,YES,PERSON_DESCRIPTION,GEN8B-025,A1_CROSSREF,Pragmática 1.3.1; Nociones generales 3,NO_CHANGE,https://cvc.cervantes.es/ensenanza/biblioteca_ele/plan_curricular/niveles/07_generos_discursivos_inventario_a1-a2.htm,,1.22
GEN8B-048,A1_RESOURCE_CROSSREF,PCIC-07,A1,3.1.3,Deixis temporal,Recurso lingüístico requerido por Describir personas,A1-DISCOURSE,MIXED,YES,YES,PERSON_DESCRIPTION,GEN8B-025,A1_CROSSREF,Pragmática 1.3.2; Nociones generales 4.3.2–4.3.3,NO_CHANGE,https://cvc.cervantes.es/ensenanza/biblioteca_ele/plan_curricular/niveles/07_generos_discursivos_inventario_a1-a2.htm,,1.22
GEN8B-049,A1_RESOURCE_CROSSREF,PCIC-07,A1,3.1.3,Deixis personal,Recurso lingüístico requerido por Describir personas,A1-DISCOURSE,MIXED,YES,YES,PERSON_DESCRIPTION,GEN8B-025,A1_CROSSREF,Pragmática 1.3.3,NO_CHANGE,https://cvc.cervantes.es/ensenanza/biblioteca_ele/plan_curricular/niveles/07_generos_discursivos_inventario_a1-a2.htm,,1.22
GEN8B-050,A1_RESOURCE_CROSSREF,PCIC-07,A1,3.2.3,Adjetivos/SN — dimensión física — rasgos generales,Recurso lingüístico requerido por Describir objetos,A1-DISCOURSE,MIXED,YES,YES,OBJECT_DESCRIPTION,GEN8B-029,A1_CROSSREF,Nociones generales 5,NO_CHANGE,https://cvc.cervantes.es/ensenanza/biblioteca_ele/plan_curricular/niveles/07_generos_discursivos_inventario_a1-a2.htm,,1.22
GEN8B-051,A1_RESOURCE_CROSSREF,PCIC-07,A1,3.2.3,Posición del adjetivo,Recurso lingüístico requerido por Describir objetos,A1-DISCOURSE,MIXED,YES,YES,OBJECT_DESCRIPTION,GEN8B-029,A1_CROSSREF,Gramática 2.4,NO_CHANGE,https://cvc.cervantes.es/ensenanza/biblioteca_ele/plan_curricular/niveles/07_generos_discursivos_inventario_a1-a2.htm,,1.22
GEN8B-052,A1_RESOURCE_CROSSREF,PCIC-07,A1,3.2.3,Verbos de existencia,Recurso lingüístico requerido por Describir objetos,A1-DISCOURSE,MIXED,YES,YES,OBJECT_DESCRIPTION,GEN8B-029,A1_CROSSREF,Nociones generales 1.1,NO_CHANGE,https://cvc.cervantes.es/ensenanza/biblioteca_ele/plan_curricular/niveles/07_generos_discursivos_inventario_a1-a2.htm,,1.22
GEN8B-053,A1_RESOURCE_CROSSREF,PCIC-07,A1,3.2.3,Verbos de cualidad general,Recurso lingüístico requerido por Describir objetos,A1-DISCOURSE,MIXED,YES,YES,OBJECT_DESCRIPTION,GEN8B-029,A1_CROSSREF,Nociones generales 1.4,NO_CHANGE,https://cvc.cervantes.es/ensenanza/biblioteca_ele/plan_curricular/niveles/07_generos_discursivos_inventario_a1-a2.htm,,1.22
GEN8B-054,A1_RESOURCE_CROSSREF,PCIC-07,A1,3.2.3,Deixis espacial,Recurso lingüístico requerido por Describir objetos,A1-DISCOURSE,MIXED,YES,YES,OBJECT_DESCRIPTION,GEN8B-029,A1_CROSSREF,Pragmática 1.3.1; Nociones generales 3,NO_CHANGE,https://cvc.cervantes.es/ensenanza/biblioteca_ele/plan_curricular/niveles/07_generos_discursivos_inventario_a1-a2.htm,,1.22
GEN8B-055,A1_RESOURCE_CROSSREF,PCIC-07,A1,3.2.3,Demostrativos dentro de la deixis espacial,Recurso lingüístico requerido por Describir objetos,A1-DISCOURSE,MIXED,YES,YES,OBJECT_DESCRIPTION,GEN8B-029,A1_CROSSREF,Pragmática 1.3.1,NO_CHANGE,https://cvc.cervantes.es/ensenanza/biblioteca_ele/plan_curricular/niveles/07_generos_discursivos_inventario_a1-a2.htm,,1.22
GEN8B-056,A1_RESOURCE_CROSSREF,PCIC-07,A1,3.2.3,Adverbios y locuciones dentro de la deixis espacial,Recurso lingüístico requerido por Describir objetos,A1-DISCOURSE,MIXED,YES,YES,OBJECT_DESCRIPTION,GEN8B-029,A1_CROSSREF,Nociones generales 3,NO_CHANGE,https://cvc.cervantes.es/ensenanza/biblioteca_ele/plan_curricular/niveles/07_generos_discursivos_inventario_a1-a2.htm,,1.22
GEN8B-057,A1_RESOURCE_CROSSREF,PCIC-07,A1,3.2.3,Deixis temporal,Recurso lingüístico requerido por Describir objetos,A1-DISCOURSE,MIXED,YES,YES,OBJECT_DESCRIPTION,GEN8B-029,A1_CROSSREF,Pragmática 1.3.2; Nociones generales 4,NO_CHANGE,https://cvc.cervantes.es/ensenanza/biblioteca_ele/plan_curricular/niveles/07_generos_discursivos_inventario_a1-a2.htm,,1.22
GEN8B-058,A1_RESOURCE_CROSSREF,PCIC-07,A1,3.2.3,Deixis personal,Recurso lingüístico requerido por Describir objetos,A1-DISCOURSE,MIXED,YES,YES,OBJECT_DESCRIPTION,GEN8B-029,A1_CROSSREF,Pragmática 1.3.3,NO_CHANGE,https://cvc.cervantes.es/ensenanza/biblioteca_ele/plan_curricular/niveles/07_generos_discursivos_inventario_a1-a2.htm,,1.22
GEN8B-059,A1_RESOURCE_CROSSREF,PCIC-07,A1,3.3.3,Adjetivos/SN — tipos de vivienda/lugar,Recurso lingüístico requerido por Describir lugares,A1-DISCOURSE,MIXED,YES,YES,PLACE_DESCRIPTION,GEN8B-033,A1_CROSSREF,Nociones específicas 10.2.1,NO_CHANGE,https://cvc.cervantes.es/ensenanza/biblioteca_ele/plan_curricular/niveles/07_generos_discursivos_inventario_a1-a2.htm,,1.22
GEN8B-060,A1_RESOURCE_CROSSREF,PCIC-07,A1,3.3.3,Adjetivos/SN — partes,Recurso lingüístico requerido por Describir lugares,A1-DISCOURSE,MIXED,YES,YES,PLACE_DESCRIPTION,GEN8B-033,A1_CROSSREF,Nociones específicas 10.2.2,NO_CHANGE,https://cvc.cervantes.es/ensenanza/biblioteca_ele/plan_curricular/niveles/07_generos_discursivos_inventario_a1-a2.htm,,1.22
GEN8B-061,A1_RESOURCE_CROSSREF,PCIC-07,A1,3.3.3,Adjetivos/SN — objetos domésticos,Recurso lingüístico requerido por Describir lugares,A1-DISCOURSE,MIXED,YES,YES,PLACE_DESCRIPTION,GEN8B-033,A1_CROSSREF,Nociones específicas 10.4,NO_CHANGE,https://cvc.cervantes.es/ensenanza/biblioteca_ele/plan_curricular/niveles/07_generos_discursivos_inventario_a1-a2.htm,,1.22
GEN8B-062,A1_RESOURCE_CROSSREF,PCIC-07,A1,3.3.3,Adjetivos/SN — condiciones,Recurso lingüístico requerido por Describir lugares,A1-DISCOURSE,MIXED,YES,YES,PLACE_DESCRIPTION,GEN8B-033,A1_CROSSREF,Nociones específicas 10.2.4,NO_CHANGE,https://cvc.cervantes.es/ensenanza/biblioteca_ele/plan_curricular/niveles/07_generos_discursivos_inventario_a1-a2.htm,,1.22
GEN8B-063,A1_RESOURCE_CROSSREF,PCIC-07,A1,3.3.3,Posición del adjetivo,Recurso lingüístico requerido por Describir lugares,A1-DISCOURSE,MIXED,YES,YES,PLACE_DESCRIPTION,GEN8B-033,A1_CROSSREF,Gramática 2.4,NO_CHANGE,https://cvc.cervantes.es/ensenanza/biblioteca_ele/plan_curricular/niveles/07_generos_discursivos_inventario_a1-a2.htm,,1.22
GEN8B-064,A1_RESOURCE_CROSSREF,PCIC-07,A1,3.3.3,Verbos de localización,Recurso lingüístico requerido por Describir lugares,A1-DISCOURSE,MIXED,YES,YES,PLACE_DESCRIPTION,GEN8B-033,A1_CROSSREF,Nociones generales 3.1,NO_CHANGE,https://cvc.cervantes.es/ensenanza/biblioteca_ele/plan_curricular/niveles/07_generos_discursivos_inventario_a1-a2.htm,,1.22
GEN8B-065,A1_RESOURCE_CROSSREF,PCIC-07,A1,3.3.3,Deixis espacial,Recurso lingüístico requerido por Describir lugares,A1-DISCOURSE,MIXED,YES,YES,PLACE_DESCRIPTION,GEN8B-033,A1_CROSSREF,Pragmática 1.3.1; Nociones generales 3,NO_CHANGE,https://cvc.cervantes.es/ensenanza/biblioteca_ele/plan_curricular/niveles/07_generos_discursivos_inventario_a1-a2.htm,,1.22
GEN8B-066,A1_RESOURCE_CROSSREF,PCIC-07,A1,3.3.3,Demostrativos dentro de la deixis espacial,Recurso lingüístico requerido por Describir lugares,A1-DISCOURSE,MIXED,YES,YES,PLACE_DESCRIPTION,GEN8B-033,A1_CROSSREF,Pragmática 1.3.1,NO_CHANGE,https://cvc.cervantes.es/ensenanza/biblioteca_ele/plan_curricular/niveles/07_generos_discursivos_inventario_a1-a2.htm,,1.22
GEN8B-067,A1_RESOURCE_CROSSREF,PCIC-07,A1,3.3.3,Adverbios y locuciones dentro de la deixis espacial,Recurso lingüístico requerido por Describir lugares,A1-DISCOURSE,MIXED,YES,YES,PLACE_DESCRIPTION,GEN8B-033,A1_CROSSREF,Nociones generales 3,NO_CHANGE,https://cvc.cervantes.es/ensenanza/biblioteca_ele/plan_curricular/niveles/07_generos_discursivos_inventario_a1-a2.htm,,1.22
GEN8B-068,A1_RESOURCE_CROSSREF,PCIC-07,A1,3.3.3,Deixis temporal,Recurso lingüístico requerido por Describir lugares,A1-DISCOURSE,MIXED,YES,YES,PLACE_DESCRIPTION,GEN8B-033,A1_CROSSREF,Pragmática 1.3.2; Nociones generales 4,NO_CHANGE,https://cvc.cervantes.es/ensenanza/biblioteca_ele/plan_curricular/niveles/07_generos_discursivos_inventario_a1-a2.htm,,1.22
GEN8B-069,A1_RESOURCE_CROSSREF,PCIC-07,A1,3.3.3,Deixis personal,Recurso lingüístico requerido por Describir lugares,A1-DISCOURSE,MIXED,YES,YES,PLACE_DESCRIPTION,GEN8B-033,A1_CROSSREF,Pragmática 1.3.3,NO_CHANGE,https://cvc.cervantes.es/ensenanza/biblioteca_ele/plan_curricular/niveles/07_generos_discursivos_inventario_a1-a2.htm,,1.22
GEN8B-070,A2_GENRE_BOUNDARY,PCIC-07,A2,1.2,"Conversaciones cara a cara informales, sencillas y rutinarias sobre actividades cotidianas, tiempo libre, trabajo, gustos e intereses","Conversaciones cara a cara informales, sencillas y rutinarias sobre actividades cotidianas, tiempo libre, trabajo, gustos e intereses",A1-GENRES,ORAL,,,,,A2_ONLY_ON_A1_A2_PAGE,,NO_CHANGE,https://cvc.cervantes.es/ensenanza/biblioteca_ele/plan_curricular/niveles/07_generos_discursivos_inventario_a1-a2.htm,,1.22
GEN8B-071,A2_GENRE_BOUNDARY,PCIC-07,A2,1.2,"Conversaciones transaccionales cara a cara en tiendas, hoteles, restaurantes, turismo, estaciones/aeropuertos, correos o bancos","Conversaciones transaccionales cara a cara en tiendas, hoteles, restaurantes, turismo, estaciones/aeropuertos, correos o bancos",A1-GENRES,ORAL,,,,,A2_ONLY_ON_A1_A2_PAGE,,NO_CHANGE,https://cvc.cervantes.es/ensenanza/biblioteca_ele/plan_curricular/niveles/07_generos_discursivos_inventario_a1-a2.htm,,1.22
GEN8B-072,A2_GENRE_BOUNDARY,PCIC-07,A2,1.2,Conversaciones telefónicas muy breves y sencillas,Conversaciones telefónicas muy breves y sencillas,A1-GENRES,ORAL,,,,,A2_ONLY_ON_A1_A2_PAGE,,NO_CHANGE,https://cvc.cervantes.es/ensenanza/biblioteca_ele/plan_curricular/niveles/07_generos_discursivos_inventario_a1-a2.htm,,1.22
GEN8B-073,A2_GENRE_BOUNDARY,PCIC-07,A2,1.2,Conversaciones transaccionales telefónicas para información puntual,Conversaciones transaccionales telefónicas para información puntual,A1-GENRES,ORAL,,,,,A2_ONLY_ON_A1_A2_PAGE,,NO_CHANGE,https://cvc.cervantes.es/ensenanza/biblioteca_ele/plan_curricular/niveles/07_generos_discursivos_inventario_a1-a2.htm,,1.22
GEN8B-074,A2_GENRE_BOUNDARY,PCIC-07,A2,1.2,Instrucciones breves y sencillas sobre casa o trabajo,Instrucciones breves y sencillas sobre casa o trabajo,A1-GENRES,ORAL,,,,,A2_ONLY_ON_A1_A2_PAGE,,NO_CHANGE,https://cvc.cervantes.es/ensenanza/biblioteca_ele/plan_curricular/niveles/07_generos_discursivos_inventario_a1-a2.htm,,1.22
GEN8B-075,A2_GENRE_BOUNDARY,PCIC-07,A2,1.2,Presentaciones públicas simples y breves con apoyo visual sobre temas conocidos,Presentaciones públicas simples y breves con apoyo visual sobre temas conocidos,A1-GENRES,ORAL,,,,,A2_ONLY_ON_A1_A2_PAGE,,NO_CHANGE,https://cvc.cervantes.es/ensenanza/biblioteca_ele/plan_curricular/niveles/07_generos_discursivos_inventario_a1-a2.htm,,1.22
GEN8B-076,A2_GENRE_BOUNDARY,PCIC-07,A2,1.3,"Anuncios publicitarios sobre alojamiento, hoteles y viajes","Anuncios publicitarios sobre alojamiento, hoteles y viajes",A1-GENRES,WRITTEN,,,,,A2_ONLY_ON_A1_A2_PAGE,,NO_CHANGE,https://cvc.cervantes.es/ensenanza/biblioteca_ele/plan_curricular/niveles/07_generos_discursivos_inventario_a1-a2.htm,,1.22
GEN8B-077,A2_GENRE_BOUNDARY,PCIC-07,A2,1.3,Biografías breves y sencillas,Biografías breves y sencillas,A1-GENRES,WRITTEN,,,,,A2_ONLY_ON_A1_A2_PAGE,,NO_CHANGE,https://cvc.cervantes.es/ensenanza/biblioteca_ele/plan_curricular/niveles/07_generos_discursivos_inventario_a1-a2.htm,,1.22
GEN8B-078,A2_GENRE_BOUNDARY,PCIC-07,A2,1.3,Cartas de restaurantes y menús,Cartas de restaurantes y menús,A1-GENRES,WRITTEN,,,,,A2_ONLY_ON_A1_A2_PAGE,,NO_CHANGE,https://cvc.cervantes.es/ensenanza/biblioteca_ele/plan_curricular/niveles/07_generos_discursivos_inventario_a1-a2.htm,,1.22
GEN8B-079,A2_GENRE_BOUNDARY,PCIC-07,A2,1.3,Carteleras de espectáculos,Carteleras de espectáculos,A1-GENRES,WRITTEN,,,,,A2_ONLY_ON_A1_A2_PAGE,,NO_CHANGE,https://cvc.cervantes.es/ensenanza/biblioteca_ele/plan_curricular/niveles/07_generos_discursivos_inventario_a1-a2.htm,,1.22
GEN8B-080,A2_GENRE_BOUNDARY,PCIC-07,A2,1.3,"Carteles en restaurantes, estaciones de tren y lugares de trabajo","Carteles en restaurantes, estaciones de tren y lugares de trabajo",A1-GENRES,WRITTEN,,,,,A2_ONLY_ON_A1_A2_PAGE,,NO_CHANGE,https://cvc.cervantes.es/ensenanza/biblioteca_ele/plan_curricular/niveles/07_generos_discursivos_inventario_a1-a2.htm,,1.22
GEN8B-081,A2_GENRE_BOUNDARY,PCIC-07,A2,1.3,Cuentos breves en versión simplificada,Cuentos breves en versión simplificada,A1-GENRES,WRITTEN,,,,,A2_ONLY_ON_A1_A2_PAGE,,NO_CHANGE,https://cvc.cervantes.es/ensenanza/biblioteca_ele/plan_curricular/niveles/07_generos_discursivos_inventario_a1-a2.htm,,1.22
GEN8B-082,A2_GENRE_BOUNDARY,PCIC-07,A2,1.3,Diarios breves y pautados,Diarios breves y pautados,A1-GENRES,WRITTEN,,,,,A2_ONLY_ON_A1_A2_PAGE,,NO_CHANGE,https://cvc.cervantes.es/ensenanza/biblioteca_ele/plan_curricular/niveles/07_generos_discursivos_inventario_a1-a2.htm,,1.22
GEN8B-083,A2_GENRE_BOUNDARY,PCIC-07,A2,1.3,Etiquetas de productos y embalajes,Etiquetas de productos y embalajes,A1-GENRES,WRITTEN,,,,,A2_ONLY_ON_A1_A2_PAGE,,NO_CHANGE,https://cvc.cervantes.es/ensenanza/biblioteca_ele/plan_curricular/niveles/07_generos_discursivos_inventario_a1-a2.htm,,1.22
GEN8B-084,A2_GENRE_BOUNDARY,PCIC-07,A2,1.3,Formularios de inscripciones o matrículas,Formularios de inscripciones o matrículas,A1-GENRES,WRITTEN,,,,,A2_ONLY_ON_A1_A2_PAGE,,NO_CHANGE,https://cvc.cervantes.es/ensenanza/biblioteca_ele/plan_curricular/niveles/07_generos_discursivos_inventario_a1-a2.htm,,1.22
GEN8B-085,A2_GENRE_BOUNDARY,PCIC-07,A2,1.3,Hojas y folletos informativos/publicitarios sencillos,Hojas y folletos informativos/publicitarios sencillos,A1-GENRES,WRITTEN,,,,,A2_ONLY_ON_A1_A2_PAGE,,NO_CHANGE,https://cvc.cervantes.es/ensenanza/biblioteca_ele/plan_curricular/niveles/07_generos_discursivos_inventario_a1-a2.htm,,1.22
GEN8B-086,A2_GENRE_BOUNDARY,PCIC-07,A2,1.3,Horóscopos,Horóscopos,A1-GENRES,WRITTEN,,,,,A2_ONLY_ON_A1_A2_PAGE,,NO_CHANGE,https://cvc.cervantes.es/ensenanza/biblioteca_ele/plan_curricular/niveles/07_generos_discursivos_inventario_a1-a2.htm,,1.22
GEN8B-087,A2_GENRE_BOUNDARY,PCIC-07,A2,1.3,Informaciones meteorológicas,Informaciones meteorológicas,A1-GENRES,WRITTEN,,,,,A2_ONLY_ON_A1_A2_PAGE,,NO_CHANGE,https://cvc.cervantes.es/ensenanza/biblioteca_ele/plan_curricular/niveles/07_generos_discursivos_inventario_a1-a2.htm,,1.22
GEN8B-088,A2_GENRE_BOUNDARY,PCIC-07,A2,1.3,Informes breves y predecibles sobre temas familiares,Informes breves y predecibles sobre temas familiares,A1-GENRES,WRITTEN,,,,,A2_ONLY_ON_A1_A2_PAGE,,NO_CHANGE,https://cvc.cervantes.es/ensenanza/biblioteca_ele/plan_curricular/niveles/07_generos_discursivos_inventario_a1-a2.htm,,1.22
GEN8B-089,A2_GENRE_BOUNDARY,PCIC-07,A2,1.3,Listas de precios y productos,Listas de precios y productos,A1-GENRES,WRITTEN,,,,,A2_ONLY_ON_A1_A2_PAGE,,NO_CHANGE,https://cvc.cervantes.es/ensenanza/biblioteca_ele/plan_curricular/niveles/07_generos_discursivos_inventario_a1-a2.htm,,1.22
GEN8B-090,A2_GENRE_BOUNDARY,PCIC-07,A2,1.3,Notas y mensajes breves — recepción,Notas y mensajes breves — recepción,A1-GENRES,WRITTEN,,,,,A2_ONLY_ON_A1_A2_PAGE,,NO_CHANGE,https://cvc.cervantes.es/ensenanza/biblioteca_ele/plan_curricular/niveles/07_generos_discursivos_inventario_a1-a2.htm,,1.22
GEN8B-091,A2_GENRE_BOUNDARY,PCIC-07,A2,1.3,Notas y mensajes muy breves sobre necesidades inmediatas — producción,Notas y mensajes muy breves sobre necesidades inmediatas — producción,A1-GENRES,WRITTEN,,,,,A2_ONLY_ON_A1_A2_PAGE,,NO_CHANGE,https://cvc.cervantes.es/ensenanza/biblioteca_ele/plan_curricular/niveles/07_generos_discursivos_inventario_a1-a2.htm,,1.22
GEN8B-092,A2_GENRE_BOUNDARY,PCIC-07,A2,1.3,Noticias de actualidad altamente predecibles sobre temas conocidos,Noticias de actualidad altamente predecibles sobre temas conocidos,A1-GENRES,WRITTEN,,,,,A2_ONLY_ON_A1_A2_PAGE,,NO_CHANGE,https://cvc.cervantes.es/ensenanza/biblioteca_ele/plan_curricular/niveles/07_generos_discursivos_inventario_a1-a2.htm,,1.22
GEN8B-093,A2_GENRE_BOUNDARY,PCIC-07,A2,1.3,Ofertas de trabajo,Ofertas de trabajo,A1-GENRES,WRITTEN,,,,,A2_ONLY_ON_A1_A2_PAGE,,NO_CHANGE,https://cvc.cervantes.es/ensenanza/biblioteca_ele/plan_curricular/niveles/07_generos_discursivos_inventario_a1-a2.htm,,1.22
GEN8B-094,A2_GENRE_BOUNDARY,PCIC-07,A2,1.3,"Postales, cartas y mensajes electrónicos personales de presentación/agradecimiento/excusa/invitación","Postales, cartas y mensajes electrónicos personales de presentación/agradecimiento/excusa/invitación",A1-GENRES,WRITTEN,,,,,A2_ONLY_ON_A1_A2_PAGE,,NO_CHANGE,https://cvc.cervantes.es/ensenanza/biblioteca_ele/plan_curricular/niveles/07_generos_discursivos_inventario_a1-a2.htm,,1.22
GEN8B-095,A2_GENRE_BOUNDARY,PCIC-07,A2,1.3,Programación de radio y televisión,Programación de radio y televisión,A1-GENRES,WRITTEN,,,,,A2_ONLY_ON_A1_A2_PAGE,,NO_CHANGE,https://cvc.cervantes.es/ensenanza/biblioteca_ele/plan_curricular/niveles/07_generos_discursivos_inventario_a1-a2.htm,,1.22
GEN8B-096,A2_GENRE_BOUNDARY,PCIC-07,A2,1.3,Recetas de cocina breves y sencillas,Recetas de cocina breves y sencillas,A1-GENRES,WRITTEN,,,,,A2_ONLY_ON_A1_A2_PAGE,,NO_CHANGE,https://cvc.cervantes.es/ensenanza/biblioteca_ele/plan_curricular/niveles/07_generos_discursivos_inventario_a1-a2.htm,,1.22
GEN8B-097,A2_DISCOURSE_BOUNDARY,PCIC-07,A2,3.1,Puesta en relación,Comparar o relacionar a la persona descrita con otro referente,A1-DISCOURSE,MIXED,,,,,A2_ONLY_ON_A1_A2_PAGE,,NO_CHANGE,https://cvc.cervantes.es/ensenanza/biblioteca_ele/plan_curricular/niveles/07_generos_discursivos_inventario_a1-a2.htm,,1.22
GEN8B-098,A2_DISCOURSE_BOUNDARY,PCIC-07,A2,3.1,Inserción de secuencia narrativa,Insertar un episodio narrativo dentro de una descripción de persona,A1-DISCOURSE,MIXED,,,,,A2_ONLY_ON_A1_A2_PAGE,,NO_CHANGE,https://cvc.cervantes.es/ensenanza/biblioteca_ele/plan_curricular/niveles/07_generos_discursivos_inventario_a1-a2.htm,,1.22
GEN8B-099,A2_DISCOURSE_BOUNDARY,PCIC-07,A2,3.1,Colores como expansión explícita del perfil descriptivo A2,Añadir color como recurso listado en la columna A2 de este perfil,A1-DISCOURSE,MIXED,,,,,A2_ONLY_ON_A1_A2_PAGE,,NO_CHANGE,https://cvc.cervantes.es/ensenanza/biblioteca_ele/plan_curricular/niveles/07_generos_discursivos_inventario_a1-a2.htm,,1.22
GEN8B-100,A2_DISCOURSE_BOUNDARY,PCIC-07,A2,3.1,Pretérito imperfecto descriptivo/habitual,Usar imperfecto con valor descriptivo o habitual dentro del perfil A2,A1-DISCOURSE,MIXED,,,,,A2_ONLY_ON_A1_A2_PAGE,,NO_CHANGE,https://cvc.cervantes.es/ensenanza/biblioteca_ele/plan_curricular/niveles/07_generos_discursivos_inventario_a1-a2.htm,,1.22
GEN8B-101,A2_DISCOURSE_BOUNDARY,PCIC-07,A2,3.2,Puesta en relación,"Relacionar el objeto con usos, clases o comparaciones",A1-DISCOURSE,MIXED,,,,,A2_ONLY_ON_A1_A2_PAGE,,NO_CHANGE,https://cvc.cervantes.es/ensenanza/biblioteca_ele/plan_curricular/niveles/07_generos_discursivos_inventario_a1-a2.htm,,1.22
GEN8B-102,A2_DISCOURSE_BOUNDARY,PCIC-07,A2,3.2,Inserción de secuencia narrativa,Insertar un episodio narrativo dentro de una descripción de objeto,A1-DISCOURSE,MIXED,,,,,A2_ONLY_ON_A1_A2_PAGE,,NO_CHANGE,https://cvc.cervantes.es/ensenanza/biblioteca_ele/plan_curricular/niveles/07_generos_discursivos_inventario_a1-a2.htm,,1.22
GEN8B-103,A2_DISCOURSE_BOUNDARY,PCIC-07,A2,3.2,Colores como expansión explícita del perfil descriptivo A2,Añadir color como recurso listado en la columna A2 de este perfil,A1-DISCOURSE,MIXED,,,,,A2_ONLY_ON_A1_A2_PAGE,,NO_CHANGE,https://cvc.cervantes.es/ensenanza/biblioteca_ele/plan_curricular/niveles/07_generos_discursivos_inventario_a1-a2.htm,,1.22
GEN8B-104,A2_DISCOURSE_BOUNDARY,PCIC-07,A2,3.2,Dimensión perceptiva/anímica como expansión A2,Añadir cualidades perceptivas/evaluativas dentro de este perfil A2,A1-DISCOURSE,MIXED,,,,,A2_ONLY_ON_A1_A2_PAGE,,NO_CHANGE,https://cvc.cervantes.es/ensenanza/biblioteca_ele/plan_curricular/niveles/07_generos_discursivos_inventario_a1-a2.htm,,1.22
GEN8B-105,A2_DISCOURSE_BOUNDARY,PCIC-07,A2,3.2,Verbos de cambio como expansión A2,Incorporar cambio dentro de la descripción de objetos A2,A1-DISCOURSE,MIXED,,,,,A2_ONLY_ON_A1_A2_PAGE,,NO_CHANGE,https://cvc.cervantes.es/ensenanza/biblioteca_ele/plan_curricular/niveles/07_generos_discursivos_inventario_a1-a2.htm,,1.22
GEN8B-106,A2_DISCOURSE_BOUNDARY,PCIC-07,A2,3.3,Puesta en relación,Relacionar/comparar el lugar descrito con otros referentes,A1-DISCOURSE,MIXED,,,,,A2_ONLY_ON_A1_A2_PAGE,,NO_CHANGE,https://cvc.cervantes.es/ensenanza/biblioteca_ele/plan_curricular/niveles/07_generos_discursivos_inventario_a1-a2.htm,,1.22
GEN8B-107,A2_DISCOURSE_BOUNDARY,PCIC-07,A2,3.3,Inserción de secuencia narrativa,Insertar un episodio narrativo dentro de una descripción de lugar,A1-DISCOURSE,MIXED,,,,,A2_ONLY_ON_A1_A2_PAGE,,NO_CHANGE,https://cvc.cervantes.es/ensenanza/biblioteca_ele/plan_curricular/niveles/07_generos_discursivos_inventario_a1-a2.htm,,1.22
GEN8B-108,A2_DISCOURSE_BOUNDARY,PCIC-07,A2,3.3,Verbos de posición como expansión A2,Incorporar relaciones de posición más desarrolladas,A1-DISCOURSE,MIXED,,,,,A2_ONLY_ON_A1_A2_PAGE,,NO_CHANGE,https://cvc.cervantes.es/ensenanza/biblioteca_ele/plan_curricular/niveles/07_generos_discursivos_inventario_a1-a2.htm,,1.22
GEN8B-109,A2_DISCOURSE_BOUNDARY,PCIC-07,A2,3.3,Verbos/recursos de orientación como expansión A2,Incorporar orientación dentro del perfil A2,A1-DISCOURSE,MIXED,,,,,A2_ONLY_ON_A1_A2_PAGE,,NO_CHANGE,https://cvc.cervantes.es/ensenanza/biblioteca_ele/plan_curricular/niveles/07_generos_discursivos_inventario_a1-a2.htm,,1.22
GEN8B-110,A2_DISCOURSE_BOUNDARY,PCIC-07,A2,3.3,Verbos de cambio como expansión A2,Incorporar cambio dentro de la descripción de lugares A2,A1-DISCOURSE,MIXED,,,,,A2_ONLY_ON_A1_A2_PAGE,,NO_CHANGE,https://cvc.cervantes.es/ensenanza/biblioteca_ele/plan_curricular/niveles/07_generos_discursivos_inventario_a1-a2.htm,,1.22
GEN8B-111,A2_DISCOURSE_BOUNDARY,PCIC-07,A2,3.4,Macrofunción narrativa,"Narrar con situación inicial, complicación, acción, resolución y situación final",A1-DISCOURSE,MIXED,,,,,A2_ONLY_ON_A1_A2_PAGE,,NO_CHANGE,https://cvc.cervantes.es/ensenanza/biblioteca_ele/plan_curricular/niveles/07_generos_discursivos_inventario_a1-a2.htm,,1.22
GEN8B-112,FUNCTION_CROSSREF_RESOLUTION,PCIC-07,A1,3.1–3.3,FUNC-PEND-001 — Describir,"Describir personas, objetos y lugares mediante macrofunción descriptiva elemental",A1-FUNCTIONS,MIXED,YES,YES,descripción,,A1_CROSSREF_CONFIRMED,FUNC-PEND-001; FUNC-A1-NEW-DESCRIBIR,NO_CHANGE,https://cvc.cervantes.es/ensenanza/biblioteca_ele/plan_curricular/niveles/07_generos_discursivos_inventario_a1-a2.htm,Adds one top-level A1 function; three discourse subprofiles are retained as subfunctions.,1.22
GEN8B-113,FUNCTION_CROSSREF_RESOLUTION,PCIC-07,A2,3.4,FUNC-PEND-002 — Narrar,Narrar no recibe realización A1 en PCIC-07; la macrofunción narrativa comienza en A2,A1-FUNCTIONS,MIXED,NO,NO,narración,,CROSS_REF_RESOLVED_A2_ONLY,FUNC-PEND-002,NO_CHANGE,https://cvc.cervantes.es/ensenanza/biblioteca_ele/plan_curricular/niveles/07_generos_discursivos_inventario_a1-a2.htm,Closes the pending reference without adding an A1 function.,1.22
GEN8B-114,CROSS_FRAMEWORK_ASSERTION,CEFR-04,A1,CEFR-A1-012,Leer por placer — narraciones cortas e ilustradas,Comprender receptivamente narraciones/historias cortas e ilustradas con lenguaje sencillo y fuerte apoyo visual,A1-GENRES,WRITTEN,YES,NO,story/narrative input,,CEFR_A1_RECEPTIVE_EXTENSION_NOT_PCIC07_A1_GENRE,CEFR-A1-012,NO_CHANGE,,PCIC-07 places simplified short stories and the narrative macrofunction in A2; CEFR independently licenses very simple illustrated narrative reception at A1. Preserve both source assertions.,1.22
GEN8B-115,STRUCTURAL_NOTE,PCIC-07,A1-A2,1.1 vs 1.2,Índice amplio vs perfil oral detallado,Usar 1.2 como fuente canónica de alcance R/P para A1; no promover conversación formal por aparecer en el índice 1.1,A1-GENRES,,,,,,NORMALIZATION_RULE,,NO_CHANGE,https://cvc.cervantes.es/ensenanza/biblioteca_ele/plan_curricular/niveles/07_generos_discursivos_inventario_a1-a2.htm,"The A1 alphabetical index mentions informal/formal face-to-face conversations, while detailed 1.2 specifies very brief informal conversations. Detailed profile controls operational A1 scope.",1.22
GEN8B-116,STRUCTURAL_NOTE,PCIC-07,A1-A2,1.1 vs 1.3,Índice amplio vs perfil escrito detallado,Usar 1.3 para el inventario canónico A1; no promover cartas/faxes u otros productos que no reaparecen en el detalle A1,A1-GENRES,,,,,,NORMALIZATION_RULE,,NO_CHANGE,https://cvc.cervantes.es/ensenanza/biblioteca_ele/plan_curricular/niveles/07_generos_discursivos_inventario_a1-a2.htm,Prevents the broad alphabetical index from inflating the detailed A1 written-genre inventory.,1.22
GEN8B-117,STRUCTURAL_NOTE,PCIC-07,A2,2.1.1,Muestra de conversación transaccional,"La página ofrece una muestra desarrollada A2, no una muestra A1; sus exponentes son ilustrativos y remiten al inventario de Funciones",A1-DISCOURSE,,,,,,NO_A1_SAMPLE_ON_PAGE,,NO_CHANGE,https://cvc.cervantes.es/ensenanza/biblioteca_ele/plan_curricular/niveles/07_generos_discursivos_inventario_a1-a2.htm,"Do not mine the A2 sample for A1 vocabulary, chunks, discourse moves or politeness formulas.",1.22
