record_id,concept_anchor,variant_item,item_type,pos,region_scope,country_distribution,source_id_primary,source_id_secondary,source_level_anchor,regional_status,receptive_default,productive_default,baseline_action,evidence_gate,semantic_equivalence_confidence,variant_group_id,notes,source_url_1,source_url_2,curriculum_version
REG-A1-001,aquí,acá,ATOMIC_FORM,ADV,Hispanoamérica,general marker in PCIC,PCIC-08,PCIC-02,A1,A1_REGIONAL_RECEPTIVE,YES,TARGET_PROFILE_ONLY,KEEP_EXISTING,R1_PCIC_EXPLICIT,HIGH,VG-LOC-DEICTIC,Already present in baseline; PCIC marks preference/alternative in Hispanoamérica.,https://cvc.cervantes.es/ensenanza/biblioteca_ele/plan_curricular/niveles/08_nociones_generales_inventario_a1-a2.htm,https://cvc.cervantes.es/Ensenanza/biblioteca_ele/plan_curricular/niveles/02_gramatica_inventario_a1-a2.htm,1.16
REG-A1-002,allí,allá,ATOMIC_FORM,ADV,Hispanoamérica,general marker in PCIC,PCIC-08,PCIC-02,A1,A1_REGIONAL_RECEPTIVE,YES,TARGET_PROFILE_ONLY,KEEP_EXISTING,R1_PCIC_EXPLICIT,HIGH,VG-LOC-DEICTIC,Already present in baseline; PCIC marks preference/alternative in Hispanoamérica.,https://cvc.cervantes.es/ensenanza/biblioteca_ele/plan_curricular/niveles/08_nociones_generales_inventario_a1-a2.htm,https://cvc.cervantes.es/Ensenanza/biblioteca_ele/plan_curricular/niveles/02_gramatica_inventario_a1-a2.htm,1.16
REG-A1-003,por la mañana,en la mañana,MWU,ADVERBIAL_MWU,Hispanoamérica,general marker in PCIC,PCIC-08,,A1,A1_REGIONAL_RECEPTIVE,YES,TARGET_PROFILE_ONLY,KEEP_EXISTING,R1_PCIC_EXPLICIT,HIGH,VG-TIME-DAYPART,Already present among 214 MWU; regional alternative preserved.,https://cvc.cervantes.es/ensenanza/biblioteca_ele/plan_curricular/niveles/08_nociones_generales_inventario_a1-a2.htm,,1.16
REG-A1-004,por la tarde,en la tarde,MWU,ADVERBIAL_MWU,Hispanoamérica,general marker in PCIC,PCIC-08,,A1,A1_REGIONAL_RECEPTIVE,YES,TARGET_PROFILE_ONLY,KEEP_EXISTING,R1_PCIC_EXPLICIT,HIGH,VG-TIME-DAYPART,Already present among 214 MWU; regional alternative preserved.,https://cvc.cervantes.es/ensenanza/biblioteca_ele/plan_curricular/niveles/08_nociones_generales_inventario_a1-a2.htm,,1.16
REG-A1-005,por la noche,en la noche,MWU,ADVERBIAL_MWU,Hispanoamérica,general marker in PCIC,PCIC-08,,A1,A1_REGIONAL_RECEPTIVE,YES,TARGET_PROFILE_ONLY,KEEP_EXISTING,R1_PCIC_EXPLICIT,HIGH,VG-TIME-DAYPART,Already present among 214 MWU; regional alternative preserved.,https://cvc.cervantes.es/ensenanza/biblioteca_ele/plan_curricular/niveles/08_nociones_generales_inventario_a1-a2.htm,,1.16
REG-A1-006,guapo/bonito,lindo,ATOMIC_FORM,ADJ,Hispanoamérica,general marker in PCIC,PCIC-08,,A1,A1_REGIONAL_RECEPTIVE,YES,TARGET_PROFILE_ONLY,KEEP_EXISTING,R1_PCIC_EXPLICIT,HIGH,VG-ATTRACTIVE,Already present in baseline; PCIC places it in A1 under Hispanic-American variation.,https://cvc.cervantes.es/ensenanza/biblioteca_ele/plan_curricular/niveles/08_nociones_generales_inventario_a1-a2.htm,,1.16
REG-A1-007,guapo/bonito,hermoso,ATOMIC_FORM,ADJ,Hispanoamérica,general marker in PCIC,PCIC-08,,A1,A1_REGIONAL_RECEPTIVE,YES,TARGET_PROFILE_ONLY,KEEP_EXISTING,R1_PCIC_EXPLICIT,HIGH,VG-ATTRACTIVE,Already present in baseline; PCIC places it in A1 under Hispanic-American variation.,https://cvc.cervantes.es/ensenanza/biblioteca_ele/plan_curricular/niveles/08_nociones_generales_inventario_a1-a2.htm,,1.16
REG-A1-008,de acuerdo / bien,okay,ATOMIC_FORM,DISCOURSE_MARKER,Hispanoamérica,general marker in PCIC,PCIC-08,,A1,A1_REGIONAL_RECEPTIVE,YES,TARGET_PROFILE_ONLY,ADD_SURFACE_FORM,R1_PCIC_EXPLICIT,HIGH,VG-CONFORMITY,Explicit A1 Hispanic-American marker in Nociones generales; absent from v1.15 baseline.,https://cvc.cervantes.es/ensenanza/biblioteca_ele/plan_curricular/niveles/08_nociones_generales_inventario_a1-a2.htm,,1.16
REG-A1-009,tú,vos,PRONOUN_FORM,PRON,Voseo zones of Hispanoamérica,multiple voseante zones; tuteo coexists variably,PCIC-02,,A1,A1_REGIONAL_RECEPTIVE,YES,TARGET_PROFILE_ONLY,KEEP_EXISTING,R1_PCIC_EXPLICIT,HIGH,VG-2SG-TREATMENT,Already present in baseline. Productive requirement depends on target-variety profile.,https://cvc.cervantes.es/Ensenanza/biblioteca_ele/plan_curricular/niveles/02_gramatica_inventario_a1-a2.htm,,1.16
REG-A1-010,vosotros/as,ustedes (2.ª plural),GRAMMATICAL_VARIANT,PRON,Hispanoamérica + southern Spain + Canary Islands,broad regional system,PCIC-02,,A1,A1_REGIONAL_RECEPTIVE,YES,TARGET_PROFILE_ONLY,GRAMMAR_METADATA_ONLY,R1_PCIC_EXPLICIT,HIGH,VG-2PL-TREATMENT,No new lexical form: ustedes already exists. Records regional 2pl system.,https://cvc.cervantes.es/Ensenanza/biblioteca_ele/plan_curricular/niveles/02_gramatica_inventario_a1-a2.htm,,1.16
REG-A1-011,ser (2SG voseo),sos,INFLECTED_VERB_FORM,VERB_FORM,Voseo zones of Hispanoamérica,multiple voseante zones,PCIC-02,,A1,A1_REGIONAL_RECEPTIVE,YES,TARGET_PROFILE_ONLY,MORPHOLOGY_LEDGER_ONLY,R1_PCIC_EXPLICIT,HIGH,VG-VOSEO-SER,Explicit regional A1 form; does not alter lexical surface-form count because verb inflections are counted separately.,https://cvc.cervantes.es/Ensenanza/biblioteca_ele/plan_curricular/niveles/02_gramatica_inventario_a1-a2.htm,,1.16
REG-A1-012,present regular paradigm,voseo -áis/-ís/-ís,MORPHOLOGICAL_PATTERN,VERB_PATTERN,selected voseo zones,Sierra Ecuador; southern Peru; Chile; NW/Patagonian Argentina; parts of Bolivia,PCIC-02,,A1,REGIONAL_GRAMMAR_PATTERN,YES,TARGET_PROFILE_ONLY,MORPHOLOGY_LEDGER_ONLY,R1_PCIC_EXPLICIT,HIGH,VG-VOSEO-PRESENT,Regional present morphology; not a lexical item.,https://cvc.cervantes.es/Ensenanza/biblioteca_ele/plan_curricular/niveles/02_gramatica_inventario_a1-a2.htm,,1.16
REG-A1-013,present regular paradigm,voseo -ás/-és/-ís,MORPHOLOGICAL_PATTERN,VERB_PATTERN,broad voseo zones,"Central America; parts of Mexico, Colombia, Venezuela, Ecuador, Bolivia, Argentina, Uruguay",PCIC-02,,A1,REGIONAL_GRAMMAR_PATTERN,YES,TARGET_PROFILE_ONLY,MORPHOLOGY_LEDGER_ONLY,R1_PCIC_EXPLICIT,HIGH,VG-VOSEO-PRESENT,Regional present morphology; not a lexical item.,https://cvc.cervantes.es/Ensenanza/biblioteca_ele/plan_curricular/niveles/02_gramatica_inventario_a1-a2.htm,,1.16
REG-A1-014,ahora + hoy,ahoy,ATOMIC_FORM,ADV,Hispanoamérica,PCIC regional marker; distribution unresolved in this phase,PCIC-02,,A1,A1_REGIONAL_RECEPTIVE,YES,NO,ADD_SURFACE_FORM,R1_PCIC_EXPLICIT,HIGH_SOURCE_LOW_DISTRIBUTION,VG-TIME-REGIONAL,Explicit A1 regional form in PCIC. Kept receptive by default because current geographic/vitality distribution still needs corpus verification.,https://cvc.cervantes.es/Ensenanza/biblioteca_ele/plan_curricular/niveles/02_gramatica_inventario_a1-a2.htm,,1.16
REG-A1-015,ahora/hoy,ahora por hoy,REGIONAL_PATTERN,ADVERBIAL_PATTERN,Hispanoamérica,PCIC regional marker; distribution unresolved,PCIC-02,,A1,REGIONAL_PATTERN_ASSERTION,YES,NO,NORMALIZATION_PENDING,R1_PCIC_EXPLICIT,MEDIUM,VG-TIME-REGIONAL,Preserve source assertion; whether this is an MWU is deferred to Phase 14.,https://cvc.cervantes.es/Ensenanza/biblioteca_ele/plan_curricular/niveles/02_gramatica_inventario_a1-a2.htm,,1.16
REG-A1-016,mucho / muy,demasiado (= mucho/muy),ATOMIC_FORM_WITH_SENSE,ADV/QUANT,Hispanoamérica,PCIC regional marker; distribution unresolved,PCIC-02,,A1 regional sense; general quantifier is A2 in this source family,A1_REGIONAL_RECEPTIVE,YES,NO,ADD_SURFACE_FORM_SENSE_RESTRICTED,R1_PCIC_EXPLICIT_SOURCE_ASSERTION,HIGH,VG-DEGREE-REGIONAL,Adds only the regional A1 sense. Does not promote general A2 uses of demasiado.,https://cvc.cervantes.es/Ensenanza/biblioteca_ele/plan_curricular/niveles/02_gramatica_inventario_a1-a2.htm,,1.16
REG-A1-017,tampoco,también no,REGIONAL_PATTERN,POLARITY_PATTERN,Hispanoamérica,PCIC regional marker; distribution unresolved,PCIC-02,,A1,REGIONAL_PATTERN_ASSERTION,YES,NO,NORMALIZATION_PENDING,R1_PCIC_EXPLICIT,HIGH,VG-POLARITY-REGIONAL,Preserve as regional polarity pattern; MWU status deferred to Phase 14.,https://cvc.cervantes.es/Ensenanza/biblioteca_ele/plan_curricular/niveles/02_gramatica_inventario_a1-a2.htm,,1.16
REG-A1-018,sujeto nulo general,mayor explicitación del pronombre sujeto,SYNTACTIC_VARIANT,GRAMMAR_PATTERN,Hispanoamérica,general tendency marker in PCIC,PCIC-02,,A1,REGIONAL_GRAMMAR_PATTERN,YES,TARGET_PROFILE_ONLY,GRAMMAR_METADATA_ONLY,R1_PCIC_EXPLICIT,MEDIUM,VG-SUBJECT-EXPRESSION,Regional tendency; not converted into vocabulary.,https://cvc.cervantes.es/Ensenanza/biblioteca_ele/plan_curricular/niveles/02_gramatica_inventario_a1-a2.htm,,1.16
REG-A1-019,móvil,celular,ATOMIC_FORM,NOUN,Hispanoamérica,"EU, Mx, Gu, Ho, ES, Ni, CR, Pa, Cu, RD, PR, Co, Ve, Ec, Pe, Ch, Py, Ar, Ur; Bo pop.",SCI-22,LING-05,A1 concept anchor in PCIC; regional equivalent support,A1_REGIONAL_RECEPTIVE,YES,TARGET_PROFILE_ONLY,ADD_SURFACE_FORM,R2_RESEARCH_PLUS_LEXICOGRAPHIC_CORROBORATION,HIGH,VG-MOBILE,Portable/mobile phone.,https://cvc.cervantes.es/ensenanza/biblioteca_ele/asele/pdf/32/032_0031.pdf,https://www.asale.org/damer/celular,1.16
REG-A1-020,ordenador,computadora,ATOMIC_FORM,NOUN,Hispanoamérica,"EU, Mx, Gu, Ho, ES, Ni, Cu, RD, PR, Ve, Pe, Bo, Py, Ar, Ur",SCI-22,LING-05,A1 concept anchor in PCIC; regional equivalent support,A1_REGIONAL_RECEPTIVE,YES,TARGET_PROFILE_ONLY,ADD_SURFACE_FORM,R2_RESEARCH_PLUS_LEXICOGRAPHIC_CORROBORATION,HIGH,VG-COMPUTER,Personal computer/computer.,https://cvc.cervantes.es/ensenanza/biblioteca_ele/asele/pdf/32/032_0031.pdf,https://www.asale.org/damer/computadora,1.16
REG-A1-021,gafas,anteojos,ATOMIC_FORM,NOUN_PL,Hispanoamérica,"EU, Mx, Ho, Ni, CR, Cu, PR, Co, Ve, Ec:O, Pe, Bo, Ch, Py, Ar, Ur",SCI-22,LING-05,A1 concept anchor in PCIC; regional equivalent support,A1_REGIONAL_RECEPTIVE,YES,TARGET_PROFILE_ONLY,ADD_SURFACE_FORM,R2_RESEARCH_PLUS_LEXICOGRAPHIC_CORROBORATION,HIGH,VG-GLASSES,Corrective/protective glasses.,https://cvc.cervantes.es/ensenanza/biblioteca_ele/asele/pdf/32/032_0031.pdf,https://www.asale.org/damer/anteojos,1.16
REG-A1-022,camarero,mesero,ATOMIC_FORM,NOUN,Hispanoamérica,"Mx, Gu, Ho, ES, Ni, CR, Pa, Cu, RD, PR, Co, Ec, Pe, Bo, Ch; Ur p.u.",SCI-22,LING-05,A1 concept anchor in PCIC; regional equivalent support,A1_REGIONAL_RECEPTIVE,YES,TARGET_PROFILE_ONLY,ADD_SURFACE_FORM,R2_RESEARCH_PLUS_LEXICOGRAPHIC_CORROBORATION,HIGH,VG-WAITER,Restaurant/café server. Feminine mesera generated morphologically; not separately counted here.,https://cvc.cervantes.es/ensenanza/biblioteca_ele/asele/pdf/32/032_0031.pdf,https://www.asale.org/damer/mesero,1.16
REG-A1-023,sello (postal),estampilla,ATOMIC_FORM,NOUN,Hispanoamérica,"Mx, Gu, Ho, ES, Ni, CR, Pa, Cu, Co, Ve, Ec, Pe, Ch, Py, Ar, Ur; Bo colloquial",SCI-22,LING-05,A1 concept anchor in PCIC; regional equivalent support,A1_REGIONAL_RECEPTIVE,YES,TARGET_PROFILE_ONLY,ADD_SURFACE_FORM,R2_RESEARCH_PLUS_LEXICOGRAPHIC_CORROBORATION,HIGH,VG-POSTAGE-STAMP,Postage/fiscal stamp; curriculum anchor restricted to postal sense.,https://cvc.cervantes.es/ensenanza/biblioteca_ele/asele/pdf/32/032_0031.pdf,https://www.asale.org/damer/estampilla,1.16
REG-A1-024,céntimo / centésima monetaria,centavo,ATOMIC_FORM,NOUN,Hispanoamérica,"Mx, Gu, Ho, ES, Ni, Pa, Cu, RD, Co, Bo",SCI-22,LING-05,A1 concept anchor in PCIC; regional equivalent support,A1_REGIONAL_RECEPTIVE,YES,TARGET_PROFILE_ONLY,ADD_SURFACE_FORM,R2_RESEARCH_PLUS_LEXICOGRAPHIC_CORROBORATION,HIGH,VG-CURRENCY-CENT,One hundredth of the official currency; not a universal replacement for euro-specific cultural content.,https://cvc.cervantes.es/ensenanza/biblioteca_ele/asele/pdf/32/032_0031.pdf,https://www.asale.org/damer/centavo,1.16
REG-A1-025,billete (transporte),boleto,ATOMIC_FORM,NOUN,Hispanoamérica,"Ho, ES, Ve, Ec, Pe, Bo, Ch, Ar, Ur",SCI-22,LING-05,A1 concept anchor in PCIC; regional equivalent support,A1_REGIONAL_RECEPTIVE,YES,TARGET_PROFILE_ONLY,ADD_SURFACE_FORM,R2_RESEARCH_PLUS_LEXICOGRAPHIC_CORROBORATION,HIGH,VG-TRANSPORT-TICKET,Promotion restricted to transport-ticket sense.,https://cvc.cervantes.es/ensenanza/biblioteca_ele/asele/pdf/32/032_0031.pdf,https://www.asale.org/damer/boleto,1.16
REG-A1-026,coche / automóvil,carro,ATOMIC_FORM,NOUN,Hispanoamérica,"EU, Mx, Gu, Ho, ES, Ni, Pa, Cu, RD, PR, Co, Ve, Pe; broader motor-vehicle senses elsewhere",SCI-22,LING-05,A1 concept anchor in PCIC; regional equivalent support,A1_REGIONAL_RECEPTIVE,YES,TARGET_PROFILE_ONLY,ADD_SURFACE_FORM,R2_RESEARCH_PLUS_LEXICOGRAPHIC_CORROBORATION,HIGH,VG-CAR,Promotion restricted to automobile sense.,https://cvc.cervantes.es/ensenanza/biblioteca_ele/asele/pdf/32/032_0031.pdf,https://www.asale.org/damer/carro,1.16
REG-A1-027,aparcamiento,parqueadero,ATOMIC_FORM,NOUN,Northern/South American regional subset,"Gu, Co, Ec, Bo; Pa p.u.",SCI-22,LING-05,A1 concept anchor in PCIC; regional equivalent support,A1_REGIONAL_RECEPTIVE,YES,TARGET_PROFILE_ONLY,ADD_SURFACE_FORM,R2_RESEARCH_PLUS_LEXICOGRAPHIC_CORROBORATION,HIGH,VG-PARKING,"Narrower geography; receptive A1 only, not international core.",https://cvc.cervantes.es/ensenanza/biblioteca_ele/asele/pdf/32/032_0031.pdf,https://www.asale.org/damer/parqueadero,1.16
REG-A1-028,conductor,chofer,ATOMIC_FORM,NOUN_COMMON_GENDER,Hispanoamérica,"EU, Mx, Gu, Ho, ES, Ni, CR, Pa, Cu, RD, PR, Co, Ve, Ec, Pe, Bo, Ch, Py, Ar, Ur",SCI-22,LING-05,A1 concept anchor in PCIC; regional equivalent support,A1_REGIONAL_RECEPTIVE,YES,TARGET_PROFILE_ONLY,ADD_SURFACE_FORM,R2_RESEARCH_PLUS_LEXICOGRAPHIC_CORROBORATION,HIGH,VG-DRIVER,Driver of a vehicle; broad American distribution.,https://cvc.cervantes.es/ensenanza/biblioteca_ele/asele/pdf/32/032_0031.pdf,https://www.asale.org/damer/chofer,1.16
REG-A1-029,autobús,colectivo,ATOMIC_FORM,NOUN,Southern South America / selected areas,"Ve, Py, Ar = bus; Pe = small bus; other countries may use it for shared-route taxi",SCI-22,LING-05,A1 concept anchor in PCIC; regional equivalent support,A1_REGIONAL_RECEPTIVE,YES,TARGET_PROFILE_ONLY,ADD_SURFACE_FORM,R2_RESEARCH_PLUS_LEXICOGRAPHIC_CORROBORATION,HIGH,VG-BUS,Sense-restricted; regional meaning varies significantly.,https://cvc.cervantes.es/ensenanza/biblioteca_ele/asele/pdf/32/032_0031.pdf,https://www.asale.org/damer/colectivo,1.16
REG-A1-030,autobús,guagua,ATOMIC_FORM,NOUN,Caribbean + selected areas,"Mx:NO, Gu:O, Cu, RD, PR = bus",SCI-22,LING-05,A1 concept anchor in PCIC; regional equivalent support,A1_REGIONAL_RECEPTIVE,YES,TARGET_PROFILE_ONLY,ADD_SURFACE_FORM,R2_RESEARCH_PLUS_LEXICOGRAPHIC_CORROBORATION,HIGH,VG-BUS,Strong homonymy: in Andean/Southern zones guagua can mean baby/young child. Only bus sense is A1-regional here.,https://cvc.cervantes.es/ensenanza/biblioteca_ele/asele/pdf/32/032_0031.pdf,https://www.asale.org/damer/guagua,1.16
REG-A1-031,pizarra (aula),pizarrón,ATOMIC_FORM,NOUN,Hispanoamérica,"Mx, Gu, Ho, Ni, Cu, RD, PR, Ve, Ec, Pe, Bo, Ch, Py, Ar, Ur; CR p.u.; Pa cult.",SCI-22,LING-05,A1 concept anchor in PCIC; regional equivalent support,A1_REGIONAL_RECEPTIVE,YES,TARGET_PROFILE_ONLY,ADD_SURFACE_FORM,R2_RESEARCH_PLUS_LEXICOGRAPHIC_CORROBORATION,HIGH,VG-CLASSROOM-BOARD,Classroom board.,https://cvc.cervantes.es/ensenanza/biblioteca_ele/asele/pdf/32/032_0031.pdf,https://www.asale.org/damer/pizarrón,1.16
REG-A1-032,vídeo,video,ORTHOGRAPHIC_PROSODIC_VARIANT,NOUN,Americas,majority American pronunciation/spelling according to DPD,SCI-22,LING-04,A1 anchor = vídeo,A1_REGIONAL_RECEPTIVE,YES,TARGET_PROFILE_ONLY,ADD_SURFACE_FORM_SAME_LEXEME,R2_RESEARCH_PLUS_PANHISPANIC_NORMATIVE_CORROBORATION,HIGH,VG-VIDEO,"Same lexical item; American majority stress/spelling without accent. Counts as a new surface form, not a new lexeme.",https://cvc.cervantes.es/ensenanza/biblioteca_ele/asele/pdf/32/032_0031.pdf,https://www.rae.es/dpd/,1.16
REG-A1-033,pelo,cabello,CANDIDATE,NOUN,Hispanoamérica / variable,not closed,SCI-22,,A1/A2 depends on anchor,REGIONAL_CANDIDATE_NOT_PROMOTED,PENDING,NO,NO_CHANGE,POTVIN_ONLY_OR_NOT_REGION_SPECIFIC,MEDIUM_OR_LOW,VG-CANDIDATE,"The source proposes it as an American equivalent, but it is also broadly general Spanish; distribution class not resolved.",https://cvc.cervantes.es/ensenanza/biblioteca_ele/asele/pdf/32/032_0031.pdf,,1.16
REG-A1-034,gafas,lentes,CANDIDATE,NOUN_PL,Hispanoamérica / variable,not closed,SCI-22,,A1/A2 depends on anchor,REGIONAL_CANDIDATE_NOT_PROMOTED,PENDING,NO,NO_CHANGE,POTVIN_ONLY,MEDIUM_OR_LOW,VG-CANDIDATE,Independent geographic verification not completed in this pass.,https://cvc.cervantes.es/ensenanza/biblioteca_ele/asele/pdf/32/032_0031.pdf,,1.16
REG-A1-035,guapo/bonito (?),mono,CANDIDATE,ADJ,Hispanoamérica / variable,not closed,SCI-22,,A1/A2 depends on anchor,REGIONAL_CANDIDATE_NOT_PROMOTED,PENDING,NO,NO_CHANGE,MAPPING_AMBIGUOUS,MEDIUM_OR_LOW,VG-CANDIDATE,Table alignment does not safely identify the exact A1 source anchor; do not infer one-to-one mapping.,https://cvc.cervantes.es/ensenanza/biblioteca_ele/asele/pdf/32/032_0031.pdf,,1.16
REG-A1-036,joven,muchacho,CANDIDATE,NOUN,Hispanoamérica / variable,not closed,SCI-22,,A1/A2 depends on anchor,REGIONAL_CANDIDATE_NOT_PROMOTED,PENDING,NO,NO_CHANGE,NOT_CLEarly_REGIONAL,MEDIUM_OR_LOW,VG-CANDIDATE,Semantic/register relation requires separate verification.,https://cvc.cervantes.es/ensenanza/biblioteca_ele/asele/pdf/32/032_0031.pdf,,1.16
REG-A1-037,marido,esposo,CANDIDATE,NOUN,Hispanoamérica / variable,not closed,SCI-22,,A1/A2 depends on anchor,REGIONAL_CANDIDATE_NOT_PROMOTED,PENDING,NO,NO_CHANGE,NOT_CLEarly_REGIONAL,MEDIUM_OR_LOW,VG-CANDIDATE,Common standard synonym; regionality/priority not established here.,https://cvc.cervantes.es/ensenanza/biblioteca_ele/asele/pdf/32/032_0031.pdf,,1.16
REG-A1-038,mujer (spouse sense),esposa,CANDIDATE,NOUN,Hispanoamérica / variable,not closed,SCI-22,,A1/A2 depends on anchor,REGIONAL_CANDIDATE_NOT_PROMOTED,PENDING,NO,NO_CHANGE,SENSE_MAPPING_REQUIRED,MEDIUM_OR_LOW,VG-CANDIDATE,Requires spouse-sense anchoring and distribution audit.,https://cvc.cervantes.es/ensenanza/biblioteca_ele/asele/pdf/32/032_0031.pdf,,1.16
REG-A1-039,carné de conducir,licencia,CANDIDATE,NOUN,Hispanoamérica / variable,not closed,SCI-22,,A1/A2 depends on anchor,REGIONAL_CANDIDATE_NOT_PROMOTED,PENDING,NO,NO_CHANGE,ADMINISTRATIVE_VARIATION,MEDIUM_OR_LOW,VG-CANDIDATE,Legal/document terminology varies by country; do not globalize.,https://cvc.cervantes.es/ensenanza/biblioteca_ele/asele/pdf/32/032_0031.pdf,,1.16
REG-A1-040,comida/merienda,almuerzo,CANDIDATE,NOUN,Hispanoamérica / variable,not closed,SCI-22,,A1/A2 depends on anchor,REGIONAL_CANDIDATE_NOT_PROMOTED,PENDING,NO,NO_CHANGE,MEAL_SYSTEM_VARIATION,MEDIUM_OR_LOW,VG-CANDIDATE,Meal labels vary semantically and culturally; direct equivalence is unsafe.,https://cvc.cervantes.es/ensenanza/biblioteca_ele/asele/pdf/32/032_0031.pdf,,1.16
REG-A1-041,merienda,onces,CANDIDATE,NOUN_PL,Hispanoamérica / variable,not closed,SCI-22,,A1/A2 depends on anchor,REGIONAL_CANDIDATE_NOT_PROMOTED,PENDING,NO,NO_CHANGE,NARROW_REGIONAL,MEDIUM_OR_LOW,VG-CANDIDATE,Country/region-specific meal term; needs distribution and usage audit.,https://cvc.cervantes.es/ensenanza/biblioteca_ele/asele/pdf/32/032_0031.pdf,,1.16
REG-A1-042,comer/merendar,almorzar,CANDIDATE,VERB,Hispanoamérica / variable,not closed,SCI-22,,A1/A2 depends on anchor,REGIONAL_CANDIDATE_NOT_PROMOTED,PENDING,NO,NO_CHANGE,MEAL_SYSTEM_VARIATION,MEDIUM_OR_LOW,VG-CANDIDATE,Semantic timetable differs across regions.,https://cvc.cervantes.es/ensenanza/biblioteca_ele/asele/pdf/32/032_0031.pdf,,1.16
REG-A1-043,merendar,tomar onces,CANDIDATE,MWU,Hispanoamérica / variable,not closed,SCI-22,,A1/A2 depends on anchor,REGIONAL_CANDIDATE_NOT_PROMOTED,PENDING,NO,NO_CHANGE,NARROW_REGIONAL,MEDIUM_OR_LOW,VG-CANDIDATE,Requires country-specific profile.,https://cvc.cervantes.es/ensenanza/biblioteca_ele/asele/pdf/32/032_0031.pdf,,1.16
REG-A1-044,plato,platillo,CANDIDATE,NOUN,Hispanoamérica / variable,not closed,SCI-22,,A1/A2 depends on anchor,REGIONAL_CANDIDATE_NOT_PROMOTED,PENDING,NO,NO_CHANGE,MEXICO_MARKED,MEDIUM_OR_LOW,VG-CANDIDATE,"Could be useful, but corpus/distribution validation pending.",https://cvc.cervantes.es/ensenanza/biblioteca_ele/asele/pdf/32/032_0031.pdf,,1.16
REG-A1-045,zumo,jugo,CANDIDATE,NOUN,Hispanoamérica / variable,not closed,SCI-22,,A1/A2 depends on anchor,REGIONAL_CANDIDATE_NOT_PROMOTED,PENDING,NO,NO_CHANGE,SOURCE_ROW_A2_CONFLICT,MEDIUM_OR_LOW,VG-CANDIDATE,In Potvin table the peninsular anchor zumo is A2; cannot use the table to promote jugo to A1.,https://cvc.cervantes.es/ensenanza/biblioteca_ele/asele/pdf/32/032_0031.pdf,,1.16
REG-A1-046,plátano,banana/banano,CANDIDATE,NOUN,Hispanoamérica / variable,not closed,SCI-22,,A1/A2 depends on anchor,REGIONAL_CANDIDATE_NOT_PROMOTED,PENDING,NO,NO_CHANGE,SOURCE_ROW_A2_CONFLICT,MEDIUM_OR_LOW,VG-CANDIDATE,Peninsular anchor plátano is A2 in the table; no A1 promotion from 7C.,https://cvc.cervantes.es/ensenanza/biblioteca_ele/asele/pdf/32/032_0031.pdf,,1.16
REG-A1-047,patata,papa,CANDIDATE,NOUN,Hispanoamérica / variable,not closed,SCI-22,,A1/A2 depends on anchor,REGIONAL_CANDIDATE_NOT_PROMOTED,PENDING,NO,NO_CHANGE,SOURCE_ROW_A2_CONFLICT,MEDIUM_OR_LOW,VG-CANDIDATE,Peninsular anchor patata is A2 in the table.,https://cvc.cervantes.es/ensenanza/biblioteca_ele/asele/pdf/32/032_0031.pdf,,1.16
REG-A1-048,gambas,camarones,CANDIDATE,NOUN_PL,Hispanoamérica / variable,not closed,SCI-22,,A1/A2 depends on anchor,REGIONAL_CANDIDATE_NOT_PROMOTED,PENDING,NO,NO_CHANGE,SOURCE_ROW_A2_CONFLICT,MEDIUM_OR_LOW,VG-CANDIDATE,Peninsular anchor is A2 in the table.,https://cvc.cervantes.es/ensenanza/biblioteca_ele/asele/pdf/32/032_0031.pdf,,1.16
REG-A1-049,bolígrafo,lapicero / esfero,CANDIDATE,NOUN,Hispanoamérica / variable,not closed,SCI-22,,A1/A2 depends on anchor,REGIONAL_CANDIDATE_NOT_PROMOTED,PENDING,NO,NO_CHANGE,POTVIN_ONLY,MEDIUM_OR_LOW,VG-CANDIDATE,Useful A1 candidate; independent geographic verification still pending.,https://cvc.cervantes.es/ensenanza/biblioteca_ele/asele/pdf/32/032_0031.pdf,,1.16
REG-A1-050,pizarra,tablero,CANDIDATE,NOUN,Hispanoamérica / variable,not closed,SCI-22,,A1/A2 depends on anchor,REGIONAL_CANDIDATE_NOT_PROMOTED,PENDING,NO,NO_CHANGE,POLYSEMY_AND_DISTRIBUTION,MEDIUM_OR_LOW,VG-CANDIDATE,Pizarrón passes the gate; tablero remains pending.,https://cvc.cervantes.es/ensenanza/biblioteca_ele/asele/pdf/32/032_0031.pdf,,1.16
REG-A1-051,apartamento/piso,departamento,CANDIDATE,NOUN,Hispanoamérica / variable,not closed,SCI-22,,A1/A2 depends on anchor,REGIONAL_CANDIDATE_NOT_PROMOTED,PENDING,NO,NO_CHANGE,DISTRIBUTION_PENDING,MEDIUM_OR_LOW,VG-CANDIDATE,"Strong candidate, but exact housing-sense geographic verification not completed.",https://cvc.cervantes.es/ensenanza/biblioteca_ele/asele/pdf/32/032_0031.pdf,,1.16
REG-A1-052,ascensor,elevador,CANDIDATE,NOUN,Hispanoamérica / variable,not closed,SCI-22,,A1/A2 depends on anchor,REGIONAL_CANDIDATE_NOT_PROMOTED,PENDING,NO,NO_CHANGE,MEXICO_MARKED_POTVIN_ONLY,MEDIUM_OR_LOW,VG-CANDIDATE,Explicitly Mexico in Potvin; independent lexicographic verification pending.,https://cvc.cervantes.es/ensenanza/biblioteca_ele/asele/pdf/32/032_0031.pdf,,1.16
REG-A1-053,garaje,cochera,CANDIDATE,NOUN,Hispanoamérica / variable,not closed,SCI-22,,A1/A2 depends on anchor,REGIONAL_CANDIDATE_NOT_PROMOTED,PENDING,NO,NO_CHANGE,MEXICO_MARKED_POTVIN_ONLY,MEDIUM_OR_LOW,VG-CANDIDATE,Independent verification pending.,https://cvc.cervantes.es/ensenanza/biblioteca_ele/asele/pdf/32/032_0031.pdf,,1.16
REG-A1-054,sello postal,timbre,CANDIDATE,NOUN,Hispanoamérica / variable,not closed,SCI-22,,A1/A2 depends on anchor,REGIONAL_CANDIDATE_NOT_PROMOTED,PENDING,NO,NO_CHANGE,POLYSEMY_HIGH,MEDIUM_OR_LOW,VG-CANDIDATE,Postal sense is regional but highly polysemous; needs sense/distribution audit.,https://cvc.cervantes.es/ensenanza/biblioteca_ele/asele/pdf/32/032_0031.pdf,,1.16
REG-A1-055,euro,peso/colón/dólar/etc.,CANDIDATE,CURRENCY_SERIES,Hispanoamérica / variable,not closed,SCI-22,,A1/A2 depends on anchor,REGIONAL_CANDIDATE_NOT_PROMOTED,PENDING,NO,NO_CHANGE,COUNTRY_SPECIFIC_REALIA,MEDIUM_OR_LOW,VG-CANDIDATE,"Currencies are country-specific named concepts; store as cultural/region data, not one generic lexical replacement.",https://cvc.cervantes.es/ensenanza/biblioteca_ele/asele/pdf/32/032_0031.pdf,,1.16
REG-A1-056,jersey,chaleco / pullover,CANDIDATE,NOUN,Hispanoamérica / variable,not closed,SCI-22,,A1/A2 depends on anchor,REGIONAL_CANDIDATE_NOT_PROMOTED,PENDING,NO,NO_CHANGE,COUNTRY_MARKED_AND_SEMANTIC,MEDIUM_OR_LOW,VG-CANDIDATE,Clothing equivalence depends on country and garment sense.,https://cvc.cervantes.es/ensenanza/biblioteca_ele/asele/pdf/32/032_0031.pdf,,1.16
REG-A1-057,carné de identidad,cédula de ciudadanía,CANDIDATE,MWU,Hispanoamérica / variable,not closed,SCI-22,,A1/A2 depends on anchor,REGIONAL_CANDIDATE_NOT_PROMOTED,PENDING,NO,NO_CHANGE,ADMINISTRATIVE_COUNTRY_SPECIFIC,MEDIUM_OR_LOW,VG-CANDIDATE,Document systems vary; target-country content rather than default A1 regional lexeme.,https://cvc.cervantes.es/ensenanza/biblioteca_ele/asele/pdf/32/032_0031.pdf,,1.16
REG-A1-058,carné de conducir,permiso/licencia de conducir,CANDIDATE,MWU,Hispanoamérica / variable,not closed,SCI-22,,A1/A2 depends on anchor,REGIONAL_CANDIDATE_NOT_PROMOTED,PENDING,NO,NO_CHANGE,ADMINISTRATIVE_VARIATION,MEDIUM_OR_LOW,VG-CANDIDATE,Requires country-specific mapping.,https://cvc.cervantes.es/ensenanza/biblioteca_ele/asele/pdf/32/032_0031.pdf,,1.16
REG-A1-059,autobús,camión,CANDIDATE,NOUN,Hispanoamérica / variable,not closed,SCI-22,,A1/A2 depends on anchor,REGIONAL_CANDIDATE_NOT_PROMOTED,PENDING,NO,NO_CHANGE,POLYSEMY_HIGH,MEDIUM_OR_LOW,VG-CANDIDATE,Bus sense is strongly country-specific; independent geographic verification pending.,https://cvc.cervantes.es/ensenanza/biblioteca_ele/asele/pdf/32/032_0031.pdf,,1.16
REG-A1-060,coche,auto,CANDIDATE,NOUN,Hispanoamérica / variable,not closed,SCI-22,,A1/A2 depends on anchor,REGIONAL_CANDIDATE_NOT_PROMOTED,PENDING,NO,NO_CHANGE,DISTRIBUTION_PENDING,MEDIUM_OR_LOW,VG-CANDIDATE,"Likely useful, but this pass does not elevate without independent regional verification.",https://cvc.cervantes.es/ensenanza/biblioteca_ele/asele/pdf/32/032_0031.pdf,,1.16
REG-A1-061,barco,lancha,CANDIDATE,NOUN,Hispanoamérica / variable,not closed,SCI-22,,A1/A2 depends on anchor,REGIONAL_CANDIDATE_NOT_PROMOTED,PENDING,NO,NO_CHANGE,HYPONYM_NOT_EQUIVALENT,MEDIUM_OR_LOW,VG-CANDIDATE,Lancha is not a full semantic equivalent of barco; do not substitute globally.,https://cvc.cervantes.es/ensenanza/biblioteca_ele/asele/pdf/32/032_0031.pdf,,1.16
REG-A1-062,película,filme,CANDIDATE,NOUN,Hispanoamérica / variable,not closed,SCI-22,,A1/A2 depends on anchor,REGIONAL_CANDIDATE_NOT_PROMOTED,PENDING,NO,NO_CHANGE,DISTRIBUTION_PENDING,MEDIUM_OR_LOW,VG-CANDIDATE,Candidate requires modern distribution/frequency verification.,https://cvc.cervantes.es/ensenanza/biblioteca_ele/asele/pdf/32/032_0031.pdf,,1.16
REG-A1-063,hacer viento,ventear,CANDIDATE,VERB,Hispanoamérica / variable,not closed,SCI-22,,A1/A2 depends on anchor,REGIONAL_CANDIDATE_NOT_PROMOTED,PENDING,NO,NO_CHANGE,DISTRIBUTION_PENDING,MEDIUM_OR_LOW,VG-CANDIDATE,Candidate needs geographic/vitality verification.,https://cvc.cervantes.es/ensenanza/biblioteca_ele/asele/pdf/32/032_0031.pdf,,1.16
REG-A1-064,dinero,plata,CANDIDATE,NOUN,Hispanoamérica / variable,not closed,SCI-22,,A1/A2 depends on anchor,REGIONAL_CANDIDATE_NOT_PROMOTED,PENDING,NO,NO_CHANGE,DISTRIBUTION_INCOMPLETE,MEDIUM_OR_LOW,VG-CANDIDATE,"Potvin proposes the equivalence; DAMER explicitly corroborates generic money in Chile, but the broader geographic scope is not resolved enough for promotion in this pass.",https://cvc.cervantes.es/ensenanza/biblioteca_ele/asele/pdf/32/032_0031.pdf,,1.16
REG-A1-065,ordenador,computador,CANDIDATE,NOUN,Hispanoamérica / variable,not closed,SCI-22,,A1/A2 depends on anchor,REGIONAL_CANDIDATE_NOT_PROMOTED,PENDING,NO,NO_CHANGE,NO_POTVIN_PAIR,MEDIUM_OR_LOW,VG-CANDIDATE,"DAMER supports broad American use, but this pass requires the research+lexicography route for external additions; retain for next distribution audit.",https://cvc.cervantes.es/ensenanza/biblioteca_ele/asele/pdf/32/032_0031.pdf,,1.16
REG-A1-066,padre/madre,papá,LEVEL_CONFLICT_CANDIDATE,NOUN,Hispanoamérica,usual-equivalent claim in Potvin,SCI-22,PCIC-09,Potvin notes PCIC places papá/mamá in A2,NOT_PROMOTED_LEVEL_CONFLICT,PENDING,NO,NO_CHANGE,PCIC_LEVEL_OVERRIDES_SUPPORT_SOURCE,HIGH,VG-PARENT-TERMS,Do not promote to A1 merely because the form is common or usual in Hispanic America; PCIC level assertion remains A2.,https://cvc.cervantes.es/ensenanza/biblioteca_ele/asele/pdf/32/032_0031.pdf,https://cvc.cervantes.es/ensenanza/biblioteca_ele/plan_curricular/niveles/09_nociones_especificas_inventario_a1-a2.htm,1.16
REG-A1-067,padre/madre,mamá,LEVEL_CONFLICT_CANDIDATE,NOUN,Hispanoamérica,usual-equivalent claim in Potvin,SCI-22,PCIC-09,Potvin notes PCIC places papá/mamá in A2,NOT_PROMOTED_LEVEL_CONFLICT,PENDING,NO,NO_CHANGE,PCIC_LEVEL_OVERRIDES_SUPPORT_SOURCE,HIGH,VG-PARENT-TERMS,Do not promote to A1 merely because the form is common or usual in Hispanic America; PCIC level assertion remains A2.,https://cvc.cervantes.es/ensenanza/biblioteca_ele/asele/pdf/32/032_0031.pdf,https://cvc.cervantes.es/ensenanza/biblioteca_ele/plan_curricular/niveles/09_nociones_especificas_inventario_a1-a2.htm,1.16
